# -*- coding: utf-8 -*-

# Resource object code
#
# Created by: The Resource Compiler for PyQt5 (Qt v5.15.14)
#
# WARNING! All changes made in this file will be lost!

from PyQt5 import QtCore

qt_resource_data = b"\
\x00\x00\x03\x85\
\x3c\
\x3f\x78\x6d\x6c\x20\x76\x65\x72\x73\x69\x6f\x6e\x3d\x22\x31\x2e\
\x30\x22\x20\x65\x6e\x63\x6f\x64\x69\x6e\x67\x3d\x22\x55\x54\x46\
\x2d\x38\x22\x3f\x3e\x0a\x3c\x21\x2d\x2d\x20\x55\x70\x6c\x6f\x61\
\x64\x65\x64\x20\x74\x6f\x3a\x20\x53\x56\x47\x20\x52\x65\x70\x6f\
\x2c\x20\x77\x77\x77\x2e\x73\x76\x67\x72\x65\x70\x6f\x2e\x63\x6f\
\x6d\x2c\x20\x47\x65\x6e\x65\x72\x61\x74\x6f\x72\x3a\x20\x53\x56\
\x47\x20\x52\x65\x70\x6f\x20\x4d\x69\x78\x65\x72\x20\x54\x6f\x6f\
\x6c\x73\x20\x2d\x2d\x3e\x0a\x3c\x73\x76\x67\x20\x77\x69\x64\x74\
\x68\x3d\x22\x38\x30\x30\x70\x78\x22\x20\x68\x65\x69\x67\x68\x74\
\x3d\x22\x38\x30\x30\x70\x78\x22\x20\x76\x69\x65\x77\x42\x6f\x78\
\x3d\x22\x30\x20\x30\x20\x35\x31\x32\x20\x35\x31\x32\x22\x20\x76\
\x65\x72\x73\x69\x6f\x6e\x3d\x22\x31\x2e\x31\x22\x20\x78\x6d\x6c\
\x6e\x73\x3d\x22\x68\x74\x74\x70\x3a\x2f\x2f\x77\x77\x77\x2e\x77\
\x33\x2e\x6f\x72\x67\x2f\x32\x30\x30\x30\x2f\x73\x76\x67\x22\x20\
\x78\x6d\x6c\x6e\x73\x3a\x78\x6c\x69\x6e\x6b\x3d\x22\x68\x74\x74\
\x70\x3a\x2f\x2f\x77\x77\x77\x2e\x77\x33\x2e\x6f\x72\x67\x2f\x31\
\x39\x39\x39\x2f\x78\x6c\x69\x6e\x6b\x22\x3e\x0a\x20\x20\x20\x20\
\x3c\x74\x69\x74\x6c\x65\x3e\x73\x70\x6c\x69\x74\x2d\x68\x6f\x72\
\x69\x7a\x6f\x6e\x74\x61\x6c\x6c\x79\x3c\x2f\x74\x69\x74\x6c\x65\
\x3e\x0a\x20\x20\x20\x20\x3c\x67\x20\x69\x64\x3d\x22\x50\x61\x67\
\x65\x2d\x31\x22\x20\x73\x74\x72\x6f\x6b\x65\x3d\x22\x6e\x6f\x6e\
\x65\x22\x20\x73\x74\x72\x6f\x6b\x65\x2d\x77\x69\x64\x74\x68\x3d\
\x22\x31\x22\x20\x66\x69\x6c\x6c\x3d\x22\x6e\x6f\x6e\x65\x22\x20\
\x66\x69\x6c\x6c\x2d\x72\x75\x6c\x65\x3d\x22\x65\x76\x65\x6e\x6f\
\x64\x64\x22\x3e\x0a\x20\x20\x20\x20\x20\x20\x20\x20\x3c\x67\x20\
\x69\x64\x3d\x22\x61\x75\x64\x69\x6f\x2d\x64\x65\x73\x63\x72\x69\
\x70\x74\x69\x6f\x6e\x31\x22\x20\x66\x69\x6c\x6c\x3d\x22\x23\x66\
\x61\x66\x61\x66\x61\x22\x20\x74\x72\x61\x6e\x73\x66\x6f\x72\x6d\
\x3d\x22\x74\x72\x61\x6e\x73\x6c\x61\x74\x65\x28\x36\x34\x2e\x30\
\x30\x30\x30\x30\x30\x2c\x20\x36\x34\x2e\x30\x30\x30\x30\x30\x30\
\x29\x22\x3e\x0a\x20\x20\x20\x20\x20\x20\x20\x20\x20\x20\x20\x20\
\x3c\x70\x61\x74\x68\x20\x64\x3d\x22\x4d\x33\x38\x34\x2c\x31\x2e\
\x34\x32\x31\x30\x38\x35\x34\x37\x65\x2d\x31\x34\x20\x4c\x33\x38\
\x34\x2c\x33\x38\x34\x20\x4c\x31\x2e\x34\x32\x31\x30\x38\x35\x34\
\x37\x65\x2d\x31\x34\x2c\x33\x38\x34\x20\x4c\x31\x2e\x34\x32\x31\
\x30\x38\x35\x34\x37\x65\x2d\x31\x34\x2c\x31\x2e\x34\x32\x31\x30\
\x38\x35\x34\x37\x65\x2d\x31\x34\x20\x4c\x33\x38\x34\x2c\x31\x2e\
\x34\x32\x31\x30\x38\x35\x34\x37\x65\x2d\x31\x34\x20\x5a\x20\x4d\
\x34\x32\x2e\x36\x36\x36\x36\x36\x36\x37\x2c\x32\x31\x33\x2e\x33\
\x33\x33\x33\x33\x33\x20\x4c\x34\x32\x2e\x36\x36\x36\x36\x36\x36\
\x37\x2c\x33\x34\x31\x2e\x33\x33\x33\x33\x33\x33\x20\x4c\x33\x34\
\x31\x2e\x33\x33\x33\x33\x33\x33\x2c\x33\x34\x31\x2e\x33\x33\x33\
\x33\x33\x33\x20\x4c\x33\x34\x31\x2e\x33\x33\x33\x33\x33\x33\x2c\
\x32\x31\x33\x2e\x33\x33\x33\x33\x33\x33\x20\x4c\x34\x32\x2e\x36\
\x36\x36\x36\x36\x36\x37\x2c\x32\x31\x33\x2e\x33\x33\x33\x33\x33\
\x33\x20\x5a\x20\x4d\x34\x32\x2e\x36\x36\x36\x36\x36\x36\x37\x2c\
\x31\x37\x30\x2e\x36\x36\x36\x36\x36\x37\x20\x4c\x33\x34\x31\x2e\
\x33\x33\x33\x33\x33\x33\x2c\x31\x37\x30\x2e\x36\x36\x36\x36\x36\
\x37\x20\x4c\x33\x34\x31\x2e\x33\x33\x33\x33\x33\x33\x2c\x34\x32\
\x2e\x36\x36\x36\x36\x36\x36\x37\x20\x4c\x34\x32\x2e\x36\x36\x36\
\x36\x36\x36\x37\x2c\x34\x32\x2e\x36\x36\x36\x36\x36\x36\x37\x20\
\x4c\x34\x32\x2e\x36\x36\x36\x36\x36\x36\x37\x2c\x31\x37\x30\x2e\
\x36\x36\x36\x36\x36\x37\x20\x5a\x22\x20\x69\x64\x3d\x22\x43\x6f\
\x6d\x62\x69\x6e\x65\x64\x2d\x53\x68\x61\x70\x65\x22\x3e\x0a\x0a\
\x3c\x2f\x70\x61\x74\x68\x3e\x0a\x20\x20\x20\x20\x20\x20\x20\x20\
\x3c\x2f\x67\x3e\x0a\x20\x20\x20\x20\x3c\x2f\x67\x3e\x0a\x3c\x2f\
\x73\x76\x67\x3e\
\x00\x00\x06\xf8\
\x3c\
\x3f\x78\x6d\x6c\x20\x76\x65\x72\x73\x69\x6f\x6e\x3d\x22\x31\x2e\
\x30\x22\x20\x65\x6e\x63\x6f\x64\x69\x6e\x67\x3d\x22\x75\x74\x66\
\x2d\x38\x22\x3f\x3e\x3c\x21\x2d\x2d\x20\x55\x70\x6c\x6f\x61\x64\
\x65\x64\x20\x74\x6f\x3a\x20\x53\x56\x47\x20\x52\x65\x70\x6f\x2c\
\x20\x77\x77\x77\x2e\x73\x76\x67\x72\x65\x70\x6f\x2e\x63\x6f\x6d\
\x2c\x20\x47\x65\x6e\x65\x72\x61\x74\x6f\x72\x3a\x20\x53\x56\x47\
\x20\x52\x65\x70\x6f\x20\x4d\x69\x78\x65\x72\x20\x54\x6f\x6f\x6c\
\x73\x20\x2d\x2d\x3e\x0a\x3c\x73\x76\x67\x20\x66\x69\x6c\x6c\x3d\
\x22\x23\x66\x61\x66\x61\x66\x61\x22\x20\x77\x69\x64\x74\x68\x3d\
\x22\x38\x30\x30\x70\x78\x22\x20\x68\x65\x69\x67\x68\x74\x3d\x22\
\x38\x30\x30\x70\x78\x22\x20\x76\x69\x65\x77\x42\x6f\x78\x3d\x22\
\x30\x20\x30\x20\x35\x31\x32\x20\x35\x31\x32\x22\x20\x78\x6d\x6c\
\x6e\x73\x3d\x22\x68\x74\x74\x70\x3a\x2f\x2f\x77\x77\x77\x2e\x77\
\x33\x2e\x6f\x72\x67\x2f\x32\x30\x30\x30\x2f\x73\x76\x67\x22\x3e\
\x3c\x70\x61\x74\x68\x20\x66\x69\x6c\x6c\x2d\x72\x75\x6c\x65\x3d\
\x22\x65\x76\x65\x6e\x6f\x64\x64\x22\x20\x64\x3d\x22\x4d\x34\x37\
\x2e\x30\x38\x34\x39\x34\x39\x33\x2c\x32\x2e\x38\x34\x32\x31\x37\
\x30\x39\x34\x65\x2d\x31\x34\x20\x4c\x31\x38\x35\x2e\x37\x34\x30\
\x36\x33\x32\x2c\x31\x33\x38\x2e\x36\x35\x35\x35\x36\x33\x20\x43\
\x31\x39\x34\x2e\x30\x39\x35\x35\x30\x31\x2c\x31\x33\x34\x2e\x36\
\x35\x37\x32\x37\x36\x20\x32\x30\x33\x2e\x34\x35\x32\x39\x37\x2c\
\x31\x33\x32\x2e\x34\x31\x38\x32\x37\x38\x20\x32\x31\x33\x2e\x33\
\x33\x33\x33\x33\x33\x2c\x31\x33\x32\x2e\x34\x31\x38\x32\x37\x38\
\x20\x43\x32\x34\x38\x2e\x36\x37\x39\x32\x35\x33\x2c\x31\x33\x32\
\x2e\x34\x31\x38\x32\x37\x38\x20\x32\x37\x37\x2e\x33\x33\x33\x33\
\x33\x33\x2c\x31\x36\x31\x2e\x30\x37\x32\x33\x35\x38\x20\x32\x37\
\x37\x2e\x33\x33\x33\x33\x33\x33\x2c\x31\x39\x36\x2e\x34\x31\x38\
\x32\x37\x38\x20\x43\x32\x37\x37\x2e\x33\x33\x33\x33\x33\x33\x2c\
\x32\x30\x36\x2e\x32\x39\x39\x30\x33\x34\x20\x32\x37\x35\x2e\x30\
\x39\x34\x31\x35\x37\x2c\x32\x31\x35\x2e\x36\x35\x36\x38\x35\x35\
\x20\x32\x37\x31\x2e\x30\x39\x35\x35\x37\x32\x2c\x32\x32\x34\x2e\
\x30\x31\x31\x39\x37\x36\x20\x4c\x34\x30\x39\x2e\x37\x35\x31\x36\
\x31\x36\x2c\x33\x36\x32\x2e\x36\x36\x36\x36\x36\x32\x20\x4c\x33\
\x37\x39\x2e\x35\x38\x31\x37\x31\x37\x2c\x33\x39\x32\x2e\x38\x33\
\x36\x35\x36\x31\x20\x4c\x33\x32\x30\x2e\x33\x37\x34\x38\x31\x37\
\x2c\x33\x33\x33\x2e\x36\x32\x38\x38\x39\x36\x20\x43\x32\x39\x31\
\x2e\x32\x34\x36\x36\x31\x38\x2c\x33\x35\x33\x2e\x33\x32\x39\x34\
\x39\x34\x20\x32\x35\x35\x2e\x37\x32\x38\x38\x33\x38\x2c\x33\x36\
\x37\x2e\x30\x38\x34\x39\x34\x35\x20\x32\x31\x33\x2e\x33\x33\x33\
\x33\x33\x33\x2c\x33\x36\x37\x2e\x30\x38\x34\x39\x34\x35\x20\x43\
\x36\x34\x2c\x33\x36\x37\x2e\x30\x38\x34\x39\x34\x35\x20\x37\x2e\
\x31\x30\x35\x34\x32\x37\x33\x36\x65\x2d\x31\x35\x2c\x31\x39\x36\
\x2e\x34\x31\x38\x32\x37\x38\x20\x37\x2e\x31\x30\x35\x34\x32\x37\
\x33\x36\x65\x2d\x31\x35\x2c\x31\x39\x36\x2e\x34\x31\x38\x32\x37\
\x38\x20\x43\x37\x2e\x31\x30\x35\x34\x32\x37\x33\x36\x65\x2d\x31\
\x35\x2c\x31\x39\x36\x2e\x34\x31\x38\x32\x37\x38\x20\x32\x32\x2e\
\x38\x36\x32\x30\x33\x32\x2c\x31\x33\x35\x2e\x34\x35\x32\x38\x35\
\x39\x20\x37\x33\x2e\x31\x34\x30\x38\x30\x38\x38\x2c\x38\x36\x2e\
\x33\x39\x37\x34\x32\x37\x34\x20\x4c\x31\x36\x2e\x39\x31\x35\x30\
\x35\x35\x33\x2c\x33\x30\x2e\x31\x36\x39\x38\x39\x34\x20\x4c\x34\
\x37\x2e\x30\x38\x34\x39\x34\x39\x33\x2c\x32\x2e\x38\x34\x32\x31\
\x37\x30\x39\x34\x65\x2d\x31\x34\x20\x5a\x20\x4d\x31\x30\x33\x2e\
\x34\x34\x30\x30\x31\x36\x2c\x31\x31\x36\x2e\x36\x39\x34\x39\x30\
\x34\x20\x43\x37\x34\x2e\x37\x30\x39\x31\x37\x31\x37\x2c\x31\x34\
\x34\x2e\x35\x31\x32\x38\x34\x34\x20\x35\x35\x2e\x39\x36\x32\x36\
\x32\x33\x36\x2c\x31\x37\x37\x2e\x35\x39\x38\x37\x34\x34\x20\x34\
\x36\x2e\x37\x31\x33\x36\x2c\x31\x39\x36\x2e\x34\x32\x34\x38\x39\
\x31\x20\x43\x36\x34\x2e\x37\x33\x37\x30\x36\x36\x37\x2c\x32\x33\
\x33\x2e\x31\x31\x34\x38\x31\x31\x20\x31\x31\x39\x2e\x30\x37\x31\
\x35\x37\x33\x2c\x33\x32\x34\x2e\x34\x31\x38\x32\x37\x38\x20\x32\
\x31\x33\x2e\x33\x33\x33\x33\x33\x33\x2c\x33\x32\x34\x2e\x34\x31\
\x38\x32\x37\x38\x20\x43\x32\x34\x32\x2e\x34\x34\x30\x30\x31\x32\
\x2c\x33\x32\x34\x2e\x34\x31\x38\x32\x37\x38\x20\x32\x36\x37\x2e\
\x37\x33\x39\x38\x34\x34\x2c\x33\x31\x35\x2e\x37\x31\x32\x33\x37\
\x34\x20\x32\x38\x39\x2e\x33\x33\x39\x39\x31\x39\x2c\x33\x30\x32\
\x2e\x35\x39\x35\x30\x31\x32\x20\x4c\x32\x34\x30\x2e\x39\x32\x36\
\x30\x33\x35\x2c\x32\x35\x34\x2e\x31\x38\x30\x39\x39\x33\x20\x43\
\x32\x33\x32\x2e\x35\x37\x31\x31\x36\x36\x2c\x32\x35\x38\x2e\x31\
\x37\x39\x32\x38\x20\x32\x32\x33\x2e\x32\x31\x33\x36\x39\x36\x2c\
\x32\x36\x30\x2e\x34\x31\x38\x32\x37\x38\x20\x32\x31\x33\x2e\x33\
\x33\x33\x33\x33\x33\x2c\x32\x36\x30\x2e\x34\x31\x38\x32\x37\x38\
\x20\x43\x31\x37\x37\x2e\x39\x38\x37\x34\x31\x33\x2c\x32\x36\x30\
\x2e\x34\x31\x38\x32\x37\x38\x20\x31\x34\x39\x2e\x33\x33\x33\x33\
\x33\x33\x2c\x32\x33\x31\x2e\x37\x36\x34\x31\x39\x38\x20\x31\x34\
\x39\x2e\x33\x33\x33\x33\x33\x33\x2c\x31\x39\x36\x2e\x34\x31\x38\
\x32\x37\x38\x20\x43\x31\x34\x39\x2e\x33\x33\x33\x33\x33\x33\x2c\
\x31\x38\x36\x2e\x35\x33\x37\x39\x31\x35\x20\x31\x35\x31\x2e\x35\
\x37\x32\x33\x33\x31\x2c\x31\x37\x37\x2e\x31\x38\x30\x34\x34\x35\
\x20\x31\x35\x35\x2e\x35\x37\x30\x36\x31\x38\x2c\x31\x36\x38\x2e\
\x38\x32\x35\x35\x37\x37\x20\x5a\x20\x4d\x32\x31\x33\x2e\x33\x33\
\x33\x33\x33\x33\x2c\x32\x35\x2e\x37\x35\x31\x36\x31\x31\x33\x20\
\x43\x33\x36\x32\x2e\x36\x36\x36\x36\x36\x37\x2c\x32\x35\x2e\x37\
\x35\x31\x36\x31\x31\x33\x20\x34\x32\x36\x2e\x36\x36\x36\x36\x36\
\x37\x2c\x31\x39\x36\x2e\x34\x31\x38\x32\x37\x38\x20\x34\x32\x36\
\x2e\x36\x36\x36\x36\x36\x37\x2c\x31\x39\x36\x2e\x34\x31\x38\x32\
\x37\x38\x20\x43\x34\x32\x36\x2e\x36\x36\x36\x36\x36\x37\x2c\x31\
\x39\x36\x2e\x34\x31\x38\x32\x37\x38\x20\x34\x31\x32\x2e\x34\x32\
\x38\x30\x37\x31\x2c\x32\x33\x34\x2e\x33\x38\x37\x38\x36\x37\x20\
\x33\x38\x31\x2e\x37\x31\x32\x32\x31\x32\x2c\x32\x37\x34\x2e\x35\
\x30\x38\x33\x37\x33\x20\x4c\x33\x35\x31\x2e\x31\x35\x31\x32\x31\
\x33\x2c\x32\x34\x33\x2e\x39\x34\x31\x32\x30\x36\x20\x43\x33\x36\
\x34\x2e\x35\x38\x31\x39\x34\x38\x2c\x32\x32\x35\x2e\x36\x39\x37\
\x34\x34\x39\x20\x33\x37\x34\x2e\x31\x34\x32\x37\x33\x33\x2c\x32\
\x30\x38\x2e\x32\x33\x39\x33\x34\x37\x20\x33\x37\x39\x2e\x39\x35\
\x34\x33\x34\x37\x2c\x31\x39\x36\x2e\x34\x31\x30\x33\x38\x35\x20\
\x43\x33\x36\x31\x2e\x39\x32\x39\x36\x2c\x31\x35\x39\x2e\x37\x32\
\x31\x37\x34\x35\x20\x33\x30\x37\x2e\x35\x39\x35\x30\x39\x33\x2c\
\x36\x38\x2e\x34\x31\x38\x32\x37\x38\x20\x32\x31\x33\x2e\x33\x33\
\x33\x33\x33\x33\x2c\x36\x38\x2e\x34\x31\x38\x32\x37\x38\x20\x43\
\x32\x30\x31\x2e\x34\x39\x35\x38\x33\x33\x2c\x36\x38\x2e\x34\x31\
\x38\x32\x37\x38\x20\x31\x39\x30\x2e\x32\x38\x37\x39\x38\x33\x2c\
\x36\x39\x2e\x38\x35\x38\x32\x33\x32\x20\x31\x37\x39\x2e\x37\x30\
\x32\x35\x38\x34\x2c\x37\x32\x2e\x34\x34\x39\x32\x36\x33\x20\x4c\
\x31\x34\x35\x2e\x36\x36\x32\x33\x38\x35\x2c\x33\x38\x2e\x34\x30\
\x30\x30\x37\x36\x32\x20\x43\x31\x36\x35\x2e\x39\x31\x33\x35\x39\
\x37\x2c\x33\x30\x2e\x34\x39\x34\x39\x34\x38\x20\x31\x38\x38\x2e\
\x34\x33\x37\x36\x33\x31\x2c\x32\x35\x2e\x37\x35\x31\x36\x31\x31\
\x33\x20\x32\x31\x33\x2e\x33\x33\x33\x33\x33\x33\x2c\x32\x35\x2e\
\x37\x35\x31\x36\x31\x31\x33\x20\x5a\x22\x20\x74\x72\x61\x6e\x73\
\x66\x6f\x72\x6d\x3d\x22\x74\x72\x61\x6e\x73\x6c\x61\x74\x65\x28\
\x34\x32\x2e\x36\x36\x37\x20\x35\x39\x2e\x35\x38\x32\x29\x22\x2f\
\x3e\x3c\x2f\x73\x76\x67\x3e\
\x00\x00\x03\x11\
\x3c\
\x3f\x78\x6d\x6c\x20\x76\x65\x72\x73\x69\x6f\x6e\x3d\x22\x31\x2e\
\x30\x22\x20\x65\x6e\x63\x6f\x64\x69\x6e\x67\x3d\x22\x55\x54\x46\
\x2d\x38\x22\x3f\x3e\x0a\x3c\x21\x2d\x2d\x20\x55\x70\x6c\x6f\x61\
\x64\x65\x64\x20\x74\x6f\x3a\x20\x53\x56\x47\x20\x52\x65\x70\x6f\
\x2c\x20\x77\x77\x77\x2e\x73\x76\x67\x72\x65\x70\x6f\x2e\x63\x6f\
\x6d\x2c\x20\x47\x65\x6e\x65\x72\x61\x74\x6f\x72\x3a\x20\x53\x56\
\x47\x20\x52\x65\x70\x6f\x20\x4d\x69\x78\x65\x72\x20\x54\x6f\x6f\
\x6c\x73\x20\x2d\x2d\x3e\x0a\x3c\x73\x76\x67\x20\x77\x69\x64\x74\
\x68\x3d\x22\x38\x30\x30\x70\x78\x22\x20\x68\x65\x69\x67\x68\x74\
\x3d\x22\x38\x30\x30\x70\x78\x22\x20\x76\x69\x65\x77\x42\x6f\x78\
\x3d\x22\x30\x20\x30\x20\x35\x31\x32\x20\x35\x31\x32\x22\x20\x76\
\x65\x72\x73\x69\x6f\x6e\x3d\x22\x31\x2e\x31\x22\x20\x78\x6d\x6c\
\x6e\x73\x3d\x22\x68\x74\x74\x70\x3a\x2f\x2f\x77\x77\x77\x2e\x77\
\x33\x2e\x6f\x72\x67\x2f\x32\x30\x30\x30\x2f\x73\x76\x67\x22\x20\
\x78\x6d\x6c\x6e\x73\x3a\x78\x6c\x69\x6e\x6b\x3d\x22\x68\x74\x74\
\x70\x3a\x2f\x2f\x77\x77\x77\x2e\x77\x33\x2e\x6f\x72\x67\x2f\x31\
\x39\x39\x39\x2f\x78\x6c\x69\x6e\x6b\x22\x3e\x0a\x20\x20\x20\x20\
\x3c\x74\x69\x74\x6c\x65\x3e\x61\x72\x72\x6f\x77\x2d\x64\x6f\x77\
\x6e\x3c\x2f\x74\x69\x74\x6c\x65\x3e\x0a\x20\x20\x20\x20\x3c\x67\
\x20\x69\x64\x3d\x22\x50\x61\x67\x65\x2d\x31\x22\x20\x73\x74\x72\
\x6f\x6b\x65\x3d\x22\x6e\x6f\x6e\x65\x22\x20\x73\x74\x72\x6f\x6b\
\x65\x2d\x77\x69\x64\x74\x68\x3d\x22\x31\x22\x20\x66\x69\x6c\x6c\
\x3d\x22\x6e\x6f\x6e\x65\x22\x20\x66\x69\x6c\x6c\x2d\x72\x75\x6c\
\x65\x3d\x22\x65\x76\x65\x6e\x6f\x64\x64\x22\x20\x74\x72\x61\x6e\
\x73\x66\x6f\x72\x6d\x3d\x22\x74\x72\x61\x6e\x73\x6c\x61\x74\x65\
\x28\x2d\x37\x38\x2c\x20\x32\x34\x34\x29\x20\x72\x6f\x74\x61\x74\
\x65\x28\x2d\x34\x35\x29\x22\x3e\x0a\x20\x20\x20\x20\x20\x20\x20\
\x20\x3c\x67\x20\x69\x64\x3d\x22\x61\x64\x64\x22\x20\x66\x69\x6c\
\x6c\x3d\x22\x23\x66\x61\x66\x61\x66\x61\x22\x20\x74\x72\x61\x6e\
\x73\x66\x6f\x72\x6d\x3d\x22\x74\x72\x61\x6e\x73\x6c\x61\x74\x65\
\x28\x31\x33\x34\x2e\x32\x35\x35\x31\x34\x37\x2c\x20\x31\x30\x36\
\x2e\x36\x38\x30\x31\x30\x37\x29\x22\x3e\x0a\x20\x20\x20\x20\x20\
\x20\x20\x20\x20\x20\x20\x20\x3c\x70\x6f\x6c\x79\x67\x6f\x6e\x20\
\x69\x64\x3d\x22\x61\x72\x72\x6f\x77\x2d\x64\x6f\x77\x6e\x22\x20\
\x70\x6f\x69\x6e\x74\x73\x3d\x22\x31\x30\x30\x2e\x34\x31\x36\x36\
\x34\x20\x32\x2e\x38\x34\x32\x31\x37\x30\x39\x34\x65\x2d\x31\x34\
\x20\x31\x30\x30\x2e\x34\x31\x36\x36\x34\x20\x32\x31\x36\x2e\x39\
\x37\x33\x32\x32\x37\x20\x33\x30\x2e\x31\x36\x36\x36\x31\x33\x33\
\x20\x31\x34\x36\x2e\x37\x32\x33\x32\x20\x30\x20\x31\x37\x36\x2e\
\x38\x38\x39\x38\x31\x33\x20\x31\x32\x31\x2e\x37\x34\x39\x39\x37\
\x33\x20\x32\x39\x38\x2e\x36\x33\x39\x37\x38\x37\x20\x32\x34\x33\
\x2e\x34\x38\x39\x37\x30\x37\x20\x31\x37\x36\x2e\x38\x38\x39\x38\
\x31\x33\x20\x32\x31\x33\x2e\x33\x32\x32\x38\x38\x20\x31\x34\x36\
\x2e\x37\x32\x33\x32\x20\x31\x34\x33\x2e\x30\x38\x33\x33\x30\x37\
\x20\x32\x31\x36\x2e\x39\x37\x30\x34\x35\x33\x20\x31\x34\x33\x2e\
\x30\x38\x33\x33\x30\x37\x20\x32\x2e\x38\x34\x32\x31\x37\x30\x39\
\x34\x65\x2d\x31\x34\x22\x3e\x0a\x0a\x3c\x2f\x70\x6f\x6c\x79\x67\
\x6f\x6e\x3e\x0a\x20\x20\x20\x20\x20\x20\x20\x20\x3c\x2f\x67\x3e\
\x0a\x20\x20\x20\x20\x3c\x2f\x67\x3e\x0a\x3c\x2f\x73\x76\x67\x3e\
\
\x00\x00\x03\x18\
\x3c\
\x3f\x78\x6d\x6c\x20\x76\x65\x72\x73\x69\x6f\x6e\x3d\x22\x31\x2e\
\x30\x22\x20\x65\x6e\x63\x6f\x64\x69\x6e\x67\x3d\x22\x55\x54\x46\
\x2d\x38\x22\x3f\x3e\x0a\x3c\x21\x2d\x2d\x20\x55\x70\x6c\x6f\x61\
\x64\x65\x64\x20\x74\x6f\x3a\x20\x53\x56\x47\x20\x52\x65\x70\x6f\
\x2c\x20\x77\x77\x77\x2e\x73\x76\x67\x72\x65\x70\x6f\x2e\x63\x6f\
\x6d\x2c\x20\x47\x65\x6e\x65\x72\x61\x74\x6f\x72\x3a\x20\x53\x56\
\x47\x20\x52\x65\x70\x6f\x20\x4d\x69\x78\x65\x72\x20\x54\x6f\x6f\
\x6c\x73\x20\x2d\x2d\x3e\x0a\x3c\x73\x76\x67\x20\x77\x69\x64\x74\
\x68\x3d\x22\x38\x30\x30\x70\x78\x22\x20\x68\x65\x69\x67\x68\x74\
\x3d\x22\x38\x30\x30\x70\x78\x22\x20\x76\x69\x65\x77\x42\x6f\x78\
\x3d\x22\x30\x20\x30\x20\x35\x31\x32\x20\x35\x31\x32\x22\x20\x76\
\x65\x72\x73\x69\x6f\x6e\x3d\x22\x31\x2e\x31\x22\x20\x78\x6d\x6c\
\x6e\x73\x3d\x22\x68\x74\x74\x70\x3a\x2f\x2f\x77\x77\x77\x2e\x77\
\x33\x2e\x6f\x72\x67\x2f\x32\x30\x30\x30\x2f\x73\x76\x67\x22\x20\
\x78\x6d\x6c\x6e\x73\x3a\x78\x6c\x69\x6e\x6b\x3d\x22\x68\x74\x74\
\x70\x3a\x2f\x2f\x77\x77\x77\x2e\x77\x33\x2e\x6f\x72\x67\x2f\x31\
\x39\x39\x39\x2f\x78\x6c\x69\x6e\x6b\x22\x3e\x0a\x20\x20\x20\x20\
\x3c\x74\x69\x74\x6c\x65\x3e\x70\x6c\x75\x73\x3c\x2f\x74\x69\x74\
\x6c\x65\x3e\x0a\x20\x20\x20\x20\x3c\x67\x20\x69\x64\x3d\x22\x50\
\x61\x67\x65\x2d\x31\x22\x20\x73\x74\x72\x6f\x6b\x65\x3d\x22\x6e\
\x6f\x6e\x65\x22\x20\x73\x74\x72\x6f\x6b\x65\x2d\x77\x69\x64\x74\
\x68\x3d\x22\x31\x22\x20\x66\x69\x6c\x6c\x3d\x22\x6e\x6f\x6e\x65\
\x22\x20\x66\x69\x6c\x6c\x2d\x72\x75\x6c\x65\x3d\x22\x65\x76\x65\
\x6e\x6f\x64\x64\x22\x3e\x0a\x20\x20\x20\x20\x20\x20\x20\x20\x3c\
\x67\x20\x69\x64\x3d\x22\x75\x6e\x63\x6f\x6c\x6c\x61\x70\x73\x65\
\x22\x20\x66\x69\x6c\x6c\x3d\x22\x23\x66\x61\x66\x61\x66\x61\x22\
\x20\x74\x72\x61\x6e\x73\x66\x6f\x72\x6d\x3d\x22\x74\x72\x61\x6e\
\x73\x6c\x61\x74\x65\x28\x36\x34\x2e\x30\x30\x30\x30\x30\x30\x2c\
\x20\x36\x34\x2e\x30\x30\x30\x30\x30\x30\x29\x22\x3e\x0a\x20\x20\
\x20\x20\x20\x20\x20\x20\x20\x20\x20\x20\x3c\x70\x61\x74\x68\x20\
\x64\x3d\x22\x4d\x32\x31\x33\x2e\x33\x33\x33\x33\x33\x33\x2c\x31\
\x2e\x34\x32\x31\x30\x38\x35\x34\x37\x65\x2d\x31\x34\x20\x4c\x32\
\x31\x33\x2e\x33\x33\x33\x2c\x31\x37\x30\x2e\x36\x36\x36\x20\x4c\
\x33\x38\x34\x2c\x31\x37\x30\x2e\x36\x36\x36\x36\x36\x37\x20\x4c\
\x33\x38\x34\x2c\x32\x31\x33\x2e\x33\x33\x33\x33\x33\x33\x20\x4c\
\x32\x31\x33\x2e\x33\x33\x33\x2c\x32\x31\x33\x2e\x33\x33\x33\x20\
\x4c\x32\x31\x33\x2e\x33\x33\x33\x33\x33\x33\x2c\x33\x38\x34\x20\
\x4c\x31\x37\x30\x2e\x36\x36\x36\x36\x36\x37\x2c\x33\x38\x34\x20\
\x4c\x31\x37\x30\x2e\x36\x36\x36\x2c\x32\x31\x33\x2e\x33\x33\x33\
\x20\x4c\x31\x2e\x34\x32\x31\x30\x38\x35\x34\x37\x65\x2d\x31\x34\
\x2c\x32\x31\x33\x2e\x33\x33\x33\x33\x33\x33\x20\x4c\x31\x2e\x34\
\x32\x31\x30\x38\x35\x34\x37\x65\x2d\x31\x34\x2c\x31\x37\x30\x2e\
\x36\x36\x36\x36\x36\x37\x20\x4c\x31\x37\x30\x2e\x36\x36\x36\x2c\
\x31\x37\x30\x2e\x36\x36\x36\x20\x4c\x31\x37\x30\x2e\x36\x36\x36\
\x36\x36\x37\x2c\x31\x2e\x34\x32\x31\x30\x38\x35\x34\x37\x65\x2d\
\x31\x34\x20\x4c\x32\x31\x33\x2e\x33\x33\x33\x33\x33\x33\x2c\x31\
\x2e\x34\x32\x31\x30\x38\x35\x34\x37\x65\x2d\x31\x34\x20\x5a\x22\
\x3e\x0a\x0a\x3c\x2f\x70\x61\x74\x68\x3e\x0a\x20\x20\x20\x20\x20\
\x20\x20\x20\x3c\x2f\x67\x3e\x0a\x20\x20\x20\x20\x3c\x2f\x67\x3e\
\x0a\x3c\x2f\x73\x76\x67\x3e\
\x00\x00\x03\xe8\
\x3c\
\x3f\x78\x6d\x6c\x20\x76\x65\x72\x73\x69\x6f\x6e\x3d\x22\x31\x2e\
\x30\x22\x20\x65\x6e\x63\x6f\x64\x69\x6e\x67\x3d\x22\x75\x74\x66\
\x2d\x38\x22\x3f\x3e\x0a\x0a\x3c\x21\x2d\x2d\x20\x55\x70\x6c\x6f\
\x61\x64\x65\x64\x20\x74\x6f\x3a\x20\x53\x56\x47\x20\x52\x65\x70\
\x6f\x2c\x20\x77\x77\x77\x2e\x73\x76\x67\x72\x65\x70\x6f\x2e\x63\
\x6f\x6d\x2c\x20\x47\x65\x6e\x65\x72\x61\x74\x6f\x72\x3a\x20\x53\
\x56\x47\x20\x52\x65\x70\x6f\x20\x4d\x69\x78\x65\x72\x20\x54\x6f\
\x6f\x6c\x73\x20\x2d\x2d\x3e\x0a\x3c\x73\x76\x67\x20\x66\x69\x6c\
\x6c\x3d\x22\x23\x66\x61\x66\x61\x66\x61\x22\x20\x77\x69\x64\x74\
\x68\x3d\x22\x38\x30\x30\x70\x78\x22\x20\x68\x65\x69\x67\x68\x74\
\x3d\x22\x38\x30\x30\x70\x78\x22\x20\x76\x69\x65\x77\x42\x6f\x78\
\x3d\x22\x30\x20\x30\x20\x35\x31\x32\x20\x35\x31\x32\x22\x20\x78\
\x6d\x6c\x6e\x73\x3d\x22\x68\x74\x74\x70\x3a\x2f\x2f\x77\x77\x77\
\x2e\x77\x33\x2e\x6f\x72\x67\x2f\x32\x30\x30\x30\x2f\x73\x76\x67\
\x22\x3e\x0a\x0a\x3c\x67\x20\x66\x69\x6c\x6c\x2d\x72\x75\x6c\x65\
\x3d\x22\x65\x76\x65\x6e\x6f\x64\x64\x22\x20\x74\x72\x61\x6e\x73\
\x66\x6f\x72\x6d\x3d\x22\x74\x72\x61\x6e\x73\x6c\x61\x74\x65\x28\
\x34\x32\x2e\x36\x36\x37\x20\x34\x32\x2e\x36\x36\x37\x29\x22\x3e\
\x0a\x0a\x3c\x70\x61\x74\x68\x20\x64\x3d\x22\x4d\x31\x37\x38\x2e\
\x30\x38\x33\x32\x2c\x34\x32\x2e\x36\x36\x36\x36\x36\x36\x37\x20\
\x4c\x32\x32\x31\x2e\x35\x39\x34\x2c\x37\x37\x2e\x30\x37\x31\x36\
\x36\x36\x37\x20\x4c\x31\x39\x31\x2e\x32\x31\x37\x2c\x31\x30\x37\
\x2e\x34\x34\x38\x36\x36\x37\x20\x4c\x31\x36\x33\x2e\x32\x34\x39\
\x39\x32\x2c\x38\x35\x2e\x33\x33\x33\x33\x33\x33\x33\x20\x4c\x34\
\x32\x2e\x36\x36\x36\x36\x36\x36\x37\x2c\x38\x35\x2e\x33\x33\x33\
\x33\x33\x33\x33\x20\x4c\x34\x32\x2e\x36\x36\x36\x36\x36\x36\x37\
\x2c\x32\x39\x36\x2e\x31\x30\x36\x36\x36\x37\x20\x4c\x38\x32\x2e\
\x30\x32\x30\x39\x30\x36\x37\x2c\x31\x37\x30\x2e\x36\x36\x36\x36\
\x36\x37\x20\x4c\x33\x34\x31\x2e\x33\x33\x33\x33\x33\x33\x2c\x31\
\x37\x30\x2e\x36\x36\x36\x36\x36\x37\x20\x4c\x33\x34\x31\x2e\x33\
\x33\x33\x2c\x31\x37\x30\x2e\x36\x36\x35\x36\x36\x37\x20\x4c\x33\
\x38\x34\x2c\x31\x37\x30\x2e\x36\x36\x35\x36\x36\x37\x20\x4c\x34\
\x33\x37\x2e\x33\x33\x33\x33\x33\x33\x2c\x31\x37\x30\x2e\x36\x36\
\x36\x36\x36\x37\x20\x4c\x33\x37\x32\x2e\x35\x38\x33\x32\x35\x33\
\x2c\x33\x38\x34\x20\x4c\x2d\x32\x2e\x31\x33\x31\x36\x32\x38\x32\
\x31\x65\x2d\x31\x34\x2c\x33\x38\x34\x20\x4c\x2d\x32\x2e\x31\x33\
\x31\x36\x32\x38\x32\x31\x65\x2d\x31\x34\x2c\x34\x32\x2e\x36\x36\
\x36\x36\x36\x36\x37\x20\x4c\x31\x37\x38\x2e\x30\x38\x33\x32\x2c\
\x34\x32\x2e\x36\x36\x36\x36\x36\x36\x37\x20\x5a\x20\x4d\x33\x37\
\x39\x2e\x37\x39\x31\x33\x36\x2c\x32\x31\x33\x2e\x33\x33\x33\x33\
\x33\x33\x20\x4c\x31\x31\x33\x2e\x33\x35\x34\x30\x32\x37\x2c\x32\
\x31\x33\x2e\x33\x33\x33\x33\x33\x33\x20\x4c\x37\x33\x2e\x31\x38\
\x37\x34\x31\x33\x33\x2c\x33\x34\x31\x2e\x33\x33\x33\x33\x33\x33\
\x20\x4c\x33\x34\x30\x2e\x39\x35\x38\x30\x38\x2c\x33\x34\x31\x2e\
\x33\x33\x33\x33\x33\x33\x20\x4c\x33\x37\x39\x2e\x37\x39\x31\x33\
\x36\x2c\x32\x31\x33\x2e\x33\x33\x33\x33\x33\x33\x20\x5a\x22\x2f\
\x3e\x0a\x0a\x3c\x70\x61\x74\x68\x20\x66\x69\x6c\x6c\x2d\x72\x75\
\x6c\x65\x3d\x22\x6e\x6f\x6e\x7a\x65\x72\x6f\x22\x20\x64\x3d\x22\
\x4d\x33\x38\x34\x2c\x37\x2e\x31\x30\x35\x34\x32\x37\x33\x36\x65\
\x2d\x31\x35\x20\x4c\x33\x38\x34\x2c\x31\x34\x39\x2e\x33\x33\x33\
\x33\x33\x33\x20\x4c\x33\x34\x31\x2e\x33\x33\x33\x33\x33\x33\x2c\
\x31\x34\x39\x2e\x33\x33\x33\x33\x33\x33\x20\x4c\x33\x34\x31\x2e\
\x33\x33\x32\x37\x37\x37\x2c\x37\x32\x2e\x38\x33\x36\x20\x4c\x32\
\x36\x34\x2e\x38\x33\x36\x37\x37\x37\x2c\x31\x34\x39\x2e\x33\x33\
\x32\x37\x37\x37\x20\x4c\x32\x30\x34\x2e\x34\x39\x36\x37\x37\x37\
\x2c\x31\x34\x39\x2e\x33\x33\x33\x33\x33\x33\x20\x4c\x33\x31\x31\
\x2e\x31\x36\x32\x37\x37\x37\x2c\x34\x32\x2e\x36\x36\x36\x20\x4c\
\x32\x33\x34\x2e\x36\x36\x36\x36\x36\x37\x2c\x34\x32\x2e\x36\x36\
\x36\x36\x36\x36\x37\x20\x4c\x32\x33\x34\x2e\x36\x36\x36\x36\x36\
\x37\x2c\x37\x2e\x31\x30\x35\x34\x32\x37\x33\x36\x65\x2d\x31\x35\
\x20\x4c\x33\x38\x34\x2c\x37\x2e\x31\x30\x35\x34\x32\x37\x33\x36\
\x65\x2d\x31\x35\x20\x5a\x22\x2f\x3e\x0a\x0a\x3c\x2f\x67\x3e\x0a\
\x0a\x3c\x2f\x73\x76\x67\x3e\
\x00\x00\x02\xe5\
\x3c\
\x3f\x78\x6d\x6c\x20\x76\x65\x72\x73\x69\x6f\x6e\x3d\x22\x31\x2e\
\x30\x22\x20\x65\x6e\x63\x6f\x64\x69\x6e\x67\x3d\x22\x55\x54\x46\
\x2d\x38\x22\x3f\x3e\x0a\x3c\x21\x2d\x2d\x20\x55\x70\x6c\x6f\x61\
\x64\x65\x64\x20\x74\x6f\x3a\x20\x53\x56\x47\x20\x52\x65\x70\x6f\
\x2c\x20\x77\x77\x77\x2e\x73\x76\x67\x72\x65\x70\x6f\x2e\x63\x6f\
\x6d\x2c\x20\x47\x65\x6e\x65\x72\x61\x74\x6f\x72\x3a\x20\x53\x56\
\x47\x20\x52\x65\x70\x6f\x20\x4d\x69\x78\x65\x72\x20\x54\x6f\x6f\
\x6c\x73\x20\x2d\x2d\x3e\x0a\x3c\x73\x76\x67\x20\x77\x69\x64\x74\
\x68\x3d\x22\x38\x30\x30\x70\x78\x22\x20\x68\x65\x69\x67\x68\x74\
\x3d\x22\x38\x30\x30\x70\x78\x22\x20\x76\x69\x65\x77\x42\x6f\x78\
\x3d\x22\x30\x20\x30\x20\x35\x31\x32\x20\x35\x31\x32\x22\x20\x76\
\x65\x72\x73\x69\x6f\x6e\x3d\x22\x31\x2e\x31\x22\x20\x78\x6d\x6c\
\x6e\x73\x3d\x22\x68\x74\x74\x70\x3a\x2f\x2f\x77\x77\x77\x2e\x77\
\x33\x2e\x6f\x72\x67\x2f\x32\x30\x30\x30\x2f\x73\x76\x67\x22\x20\
\x78\x6d\x6c\x6e\x73\x3a\x78\x6c\x69\x6e\x6b\x3d\x22\x68\x74\x74\
\x70\x3a\x2f\x2f\x77\x77\x77\x2e\x77\x33\x2e\x6f\x72\x67\x2f\x31\
\x39\x39\x39\x2f\x78\x6c\x69\x6e\x6b\x22\x3e\x0a\x20\x20\x20\x20\
\x3c\x74\x69\x74\x6c\x65\x3e\x61\x72\x72\x6f\x77\x2d\x64\x6f\x77\
\x6e\x3c\x2f\x74\x69\x74\x6c\x65\x3e\x0a\x20\x20\x20\x20\x3c\x67\
\x20\x69\x64\x3d\x22\x50\x61\x67\x65\x2d\x31\x22\x20\x73\x74\x72\
\x6f\x6b\x65\x3d\x22\x6e\x6f\x6e\x65\x22\x20\x73\x74\x72\x6f\x6b\
\x65\x2d\x77\x69\x64\x74\x68\x3d\x22\x31\x22\x20\x66\x69\x6c\x6c\
\x3d\x22\x6e\x6f\x6e\x65\x22\x20\x66\x69\x6c\x6c\x2d\x72\x75\x6c\
\x65\x3d\x22\x65\x76\x65\x6e\x6f\x64\x64\x22\x3e\x0a\x20\x20\x20\
\x20\x20\x20\x20\x20\x3c\x67\x20\x69\x64\x3d\x22\x61\x64\x64\x22\
\x20\x66\x69\x6c\x6c\x3d\x22\x23\x66\x61\x66\x61\x66\x61\x22\x20\
\x74\x72\x61\x6e\x73\x66\x6f\x72\x6d\x3d\x22\x74\x72\x61\x6e\x73\
\x6c\x61\x74\x65\x28\x31\x33\x34\x2e\x32\x35\x35\x31\x34\x37\x2c\
\x20\x31\x30\x36\x2e\x36\x38\x30\x31\x30\x37\x29\x22\x3e\x0a\x20\
\x20\x20\x20\x20\x20\x20\x20\x20\x20\x20\x20\x3c\x70\x6f\x6c\x79\
\x67\x6f\x6e\x20\x69\x64\x3d\x22\x61\x72\x72\x6f\x77\x2d\x64\x6f\
\x77\x6e\x22\x20\x70\x6f\x69\x6e\x74\x73\x3d\x22\x31\x30\x30\x2e\
\x34\x31\x36\x36\x34\x20\x32\x2e\x38\x34\x32\x31\x37\x30\x39\x34\
\x65\x2d\x31\x34\x20\x31\x30\x30\x2e\x34\x31\x36\x36\x34\x20\x32\
\x31\x36\x2e\x39\x37\x33\x32\x32\x37\x20\x33\x30\x2e\x31\x36\x36\
\x36\x31\x33\x33\x20\x31\x34\x36\x2e\x37\x32\x33\x32\x20\x30\x20\
\x31\x37\x36\x2e\x38\x38\x39\x38\x31\x33\x20\x31\x32\x31\x2e\x37\
\x34\x39\x39\x37\x33\x20\x32\x39\x38\x2e\x36\x33\x39\x37\x38\x37\
\x20\x32\x34\x33\x2e\x34\x38\x39\x37\x30\x37\x20\x31\x37\x36\x2e\
\x38\x38\x39\x38\x31\x33\x20\x32\x31\x33\x2e\x33\x32\x32\x38\x38\
\x20\x31\x34\x36\x2e\x37\x32\x33\x32\x20\x31\x34\x33\x2e\x30\x38\
\x33\x33\x30\x37\x20\x32\x31\x36\x2e\x39\x37\x30\x34\x35\x33\x20\
\x31\x34\x33\x2e\x30\x38\x33\x33\x30\x37\x20\x32\x2e\x38\x34\x32\
\x31\x37\x30\x39\x34\x65\x2d\x31\x34\x22\x3e\x0a\x0a\x3c\x2f\x70\
\x6f\x6c\x79\x67\x6f\x6e\x3e\x0a\x20\x20\x20\x20\x20\x20\x20\x20\
\x3c\x2f\x67\x3e\x0a\x20\x20\x20\x20\x3c\x2f\x67\x3e\x0a\x3c\x2f\
\x73\x76\x67\x3e\
\x00\x00\x04\xb1\
\x3c\
\x3f\x78\x6d\x6c\x20\x76\x65\x72\x73\x69\x6f\x6e\x3d\x22\x31\x2e\
\x30\x22\x20\x65\x6e\x63\x6f\x64\x69\x6e\x67\x3d\x22\x55\x54\x46\
\x2d\x38\x22\x3f\x3e\x0a\x3c\x21\x2d\x2d\x20\x55\x70\x6c\x6f\x61\
\x64\x65\x64\x20\x74\x6f\x3a\x20\x53\x56\x47\x20\x52\x65\x70\x6f\
\x2c\x20\x77\x77\x77\x2e\x73\x76\x67\x72\x65\x70\x6f\x2e\x63\x6f\
\x6d\x2c\x20\x47\x65\x6e\x65\x72\x61\x74\x6f\x72\x3a\x20\x53\x56\
\x47\x20\x52\x65\x70\x6f\x20\x4d\x69\x78\x65\x72\x20\x54\x6f\x6f\
\x6c\x73\x20\x2d\x2d\x3e\x0a\x3c\x73\x76\x67\x20\x77\x69\x64\x74\
\x68\x3d\x22\x38\x30\x30\x70\x78\x22\x20\x68\x65\x69\x67\x68\x74\
\x3d\x22\x38\x30\x30\x70\x78\x22\x20\x76\x69\x65\x77\x42\x6f\x78\
\x3d\x22\x30\x20\x30\x20\x35\x31\x32\x20\x35\x31\x32\x22\x20\x76\
\x65\x72\x73\x69\x6f\x6e\x3d\x22\x31\x2e\x31\x22\x20\x78\x6d\x6c\
\x6e\x73\x3d\x22\x68\x74\x74\x70\x3a\x2f\x2f\x77\x77\x77\x2e\x77\
\x33\x2e\x6f\x72\x67\x2f\x32\x30\x30\x30\x2f\x73\x76\x67\x22\x20\
\x78\x6d\x6c\x6e\x73\x3a\x78\x6c\x69\x6e\x6b\x3d\x22\x68\x74\x74\
\x70\x3a\x2f\x2f\x77\x77\x77\x2e\x77\x33\x2e\x6f\x72\x67\x2f\x31\
\x39\x39\x39\x2f\x78\x6c\x69\x6e\x6b\x22\x3e\x0a\x20\x20\x20\x20\
\x3c\x74\x69\x74\x6c\x65\x3e\x70\x61\x6e\x3c\x2f\x74\x69\x74\x6c\
\x65\x3e\x0a\x20\x20\x20\x20\x3c\x67\x20\x69\x64\x3d\x22\x50\x61\
\x67\x65\x2d\x31\x22\x20\x73\x74\x72\x6f\x6b\x65\x3d\x22\x6e\x6f\
\x6e\x65\x22\x20\x73\x74\x72\x6f\x6b\x65\x2d\x77\x69\x64\x74\x68\
\x3d\x22\x31\x22\x20\x66\x69\x6c\x6c\x3d\x22\x6e\x6f\x6e\x65\x22\
\x20\x66\x69\x6c\x6c\x2d\x72\x75\x6c\x65\x3d\x22\x65\x76\x65\x6e\
\x6f\x64\x64\x22\x3e\x0a\x20\x20\x20\x20\x20\x20\x20\x20\x3c\x67\
\x20\x69\x64\x3d\x22\x64\x72\x6f\x70\x22\x20\x66\x69\x6c\x6c\x3d\
\x22\x23\x66\x61\x66\x61\x66\x61\x22\x20\x74\x72\x61\x6e\x73\x66\
\x6f\x72\x6d\x3d\x22\x74\x72\x61\x6e\x73\x6c\x61\x74\x65\x28\x34\
\x32\x2e\x36\x36\x36\x36\x36\x37\x2c\x20\x34\x32\x2e\x36\x36\x36\
\x36\x36\x37\x29\x22\x3e\x0a\x20\x20\x20\x20\x20\x20\x20\x20\x20\
\x20\x20\x20\x3c\x70\x61\x74\x68\x20\x64\x3d\x22\x4d\x32\x33\x34\
\x2e\x36\x36\x36\x36\x36\x37\x2c\x32\x35\x36\x20\x4c\x32\x33\x34\
\x2e\x36\x36\x36\x36\x36\x37\x2c\x33\x34\x31\x2e\x33\x33\x33\x33\
\x33\x33\x20\x4c\x32\x37\x37\x2e\x33\x33\x33\x33\x33\x33\x2c\x33\
\x34\x31\x2e\x33\x33\x33\x33\x33\x33\x20\x4c\x32\x31\x33\x2e\x33\
\x33\x33\x33\x33\x33\x2c\x34\x32\x36\x2e\x36\x36\x36\x36\x36\x37\
\x20\x4c\x31\x34\x39\x2e\x33\x33\x33\x33\x33\x33\x2c\x33\x34\x31\
\x2e\x33\x33\x33\x33\x33\x33\x20\x4c\x31\x39\x32\x2c\x33\x34\x31\
\x2e\x33\x33\x33\x33\x33\x33\x20\x4c\x31\x39\x32\x2c\x32\x35\x36\
\x20\x4c\x32\x33\x34\x2e\x36\x36\x36\x36\x36\x37\x2c\x32\x35\x36\
\x20\x5a\x20\x4d\x33\x34\x31\x2e\x33\x33\x33\x33\x33\x33\x2c\x31\
\x34\x39\x2e\x33\x33\x33\x33\x33\x33\x20\x4c\x34\x32\x36\x2e\x36\
\x36\x36\x36\x36\x37\x2c\x32\x31\x33\x2e\x33\x33\x33\x33\x33\x33\
\x20\x4c\x33\x34\x31\x2e\x33\x33\x33\x33\x33\x33\x2c\x32\x37\x37\
\x2e\x33\x33\x33\x33\x33\x33\x20\x4c\x33\x34\x31\x2e\x33\x33\x33\
\x33\x33\x33\x2c\x32\x33\x34\x2e\x36\x36\x36\x36\x36\x37\x20\x4c\
\x32\x35\x36\x2c\x32\x33\x34\x2e\x36\x36\x36\x36\x36\x37\x20\x4c\
\x32\x35\x36\x2c\x31\x39\x32\x20\x4c\x33\x34\x31\x2e\x33\x33\x33\
\x33\x33\x33\x2c\x31\x39\x32\x20\x4c\x33\x34\x31\x2e\x33\x33\x33\
\x33\x33\x33\x2c\x31\x34\x39\x2e\x33\x33\x33\x33\x33\x33\x20\x5a\
\x20\x4d\x38\x35\x2e\x33\x33\x33\x33\x33\x33\x33\x2c\x31\x34\x39\
\x2e\x33\x33\x33\x33\x33\x33\x20\x4c\x38\x35\x2e\x33\x33\x33\x33\
\x33\x33\x33\x2c\x31\x39\x32\x20\x4c\x31\x37\x30\x2e\x36\x36\x36\
\x36\x36\x37\x2c\x31\x39\x32\x20\x4c\x31\x37\x30\x2e\x36\x36\x36\
\x36\x36\x37\x2c\x32\x33\x34\x2e\x36\x36\x36\x36\x36\x37\x20\x4c\
\x38\x35\x2e\x33\x33\x33\x33\x33\x33\x33\x2c\x32\x33\x34\x2e\x36\
\x36\x36\x36\x36\x37\x20\x4c\x38\x35\x2e\x33\x33\x33\x33\x33\x33\
\x33\x2c\x32\x37\x37\x2e\x33\x33\x33\x33\x33\x33\x20\x4c\x33\x2e\
\x35\x35\x32\x37\x31\x33\x36\x38\x65\x2d\x31\x34\x2c\x32\x31\x33\
\x2e\x33\x33\x33\x33\x33\x33\x20\x4c\x38\x35\x2e\x33\x33\x33\x33\
\x33\x33\x33\x2c\x31\x34\x39\x2e\x33\x33\x33\x33\x33\x33\x20\x5a\
\x20\x4d\x32\x31\x33\x2e\x33\x33\x33\x33\x33\x33\x2c\x33\x2e\x35\
\x35\x32\x37\x31\x33\x36\x38\x65\x2d\x31\x34\x20\x4c\x32\x37\x37\
\x2e\x33\x33\x33\x33\x33\x33\x2c\x38\x35\x2e\x33\x33\x33\x33\x33\
\x33\x33\x20\x4c\x32\x33\x34\x2e\x36\x36\x36\x36\x36\x37\x2c\x38\
\x35\x2e\x33\x33\x33\x33\x33\x33\x33\x20\x4c\x32\x33\x34\x2e\x36\
\x36\x36\x36\x36\x37\x2c\x31\x37\x30\x2e\x36\x36\x36\x36\x36\x37\
\x20\x4c\x31\x39\x32\x2c\x31\x37\x30\x2e\x36\x36\x36\x36\x36\x37\
\x20\x4c\x31\x39\x32\x2c\x38\x35\x2e\x33\x33\x33\x33\x33\x33\x33\
\x20\x4c\x31\x34\x39\x2e\x33\x33\x33\x33\x33\x33\x2c\x38\x35\x2e\
\x33\x33\x33\x33\x33\x33\x33\x20\x4c\x32\x31\x33\x2e\x33\x33\x33\
\x33\x33\x33\x2c\x33\x2e\x35\x35\x32\x37\x31\x33\x36\x38\x65\x2d\
\x31\x34\x20\x5a\x22\x20\x69\x64\x3d\x22\x43\x6f\x6d\x62\x69\x6e\
\x65\x64\x2d\x53\x68\x61\x70\x65\x22\x3e\x0a\x0a\x3c\x2f\x70\x61\
\x74\x68\x3e\x0a\x20\x20\x20\x20\x20\x20\x20\x20\x3c\x2f\x67\x3e\
\x0a\x20\x20\x20\x20\x3c\x2f\x67\x3e\x0a\x3c\x2f\x73\x76\x67\x3e\
\
\x00\x00\x05\x94\
\x3c\
\x3f\x78\x6d\x6c\x20\x76\x65\x72\x73\x69\x6f\x6e\x3d\x22\x31\x2e\
\x30\x22\x20\x65\x6e\x63\x6f\x64\x69\x6e\x67\x3d\x22\x55\x54\x46\
\x2d\x38\x22\x3f\x3e\x0a\x3c\x21\x2d\x2d\x20\x55\x70\x6c\x6f\x61\
\x64\x65\x64\x20\x74\x6f\x3a\x20\x53\x56\x47\x20\x52\x65\x70\x6f\
\x2c\x20\x77\x77\x77\x2e\x73\x76\x67\x72\x65\x70\x6f\x2e\x63\x6f\
\x6d\x2c\x20\x47\x65\x6e\x65\x72\x61\x74\x6f\x72\x3a\x20\x53\x56\
\x47\x20\x52\x65\x70\x6f\x20\x4d\x69\x78\x65\x72\x20\x54\x6f\x6f\
\x6c\x73\x20\x2d\x2d\x3e\x0a\x3c\x73\x76\x67\x20\x77\x69\x64\x74\
\x68\x3d\x22\x38\x30\x30\x70\x78\x22\x20\x68\x65\x69\x67\x68\x74\
\x3d\x22\x38\x30\x30\x70\x78\x22\x20\x76\x69\x65\x77\x42\x6f\x78\
\x3d\x22\x30\x20\x30\x20\x35\x31\x32\x20\x35\x31\x32\x22\x20\x76\
\x65\x72\x73\x69\x6f\x6e\x3d\x22\x31\x2e\x31\x22\x20\x78\x6d\x6c\
\x6e\x73\x3d\x22\x68\x74\x74\x70\x3a\x2f\x2f\x77\x77\x77\x2e\x77\
\x33\x2e\x6f\x72\x67\x2f\x32\x30\x30\x30\x2f\x73\x76\x67\x22\x20\
\x78\x6d\x6c\x6e\x73\x3a\x78\x6c\x69\x6e\x6b\x3d\x22\x68\x74\x74\
\x70\x3a\x2f\x2f\x77\x77\x77\x2e\x77\x33\x2e\x6f\x72\x67\x2f\x31\
\x39\x39\x39\x2f\x78\x6c\x69\x6e\x6b\x22\x3e\x0a\x20\x20\x20\x20\
\x3c\x74\x69\x74\x6c\x65\x3e\x61\x62\x6f\x75\x74\x3c\x2f\x74\x69\
\x74\x6c\x65\x3e\x0a\x20\x20\x20\x20\x3c\x67\x20\x69\x64\x3d\x22\
\x50\x61\x67\x65\x2d\x31\x22\x20\x73\x74\x72\x6f\x6b\x65\x3d\x22\
\x6e\x6f\x6e\x65\x22\x20\x73\x74\x72\x6f\x6b\x65\x2d\x77\x69\x64\
\x74\x68\x3d\x22\x31\x22\x20\x66\x69\x6c\x6c\x3d\x22\x6e\x6f\x6e\
\x65\x22\x20\x66\x69\x6c\x6c\x2d\x72\x75\x6c\x65\x3d\x22\x65\x76\
\x65\x6e\x6f\x64\x64\x22\x3e\x0a\x20\x20\x20\x20\x20\x20\x20\x20\
\x3c\x67\x20\x69\x64\x3d\x22\x61\x62\x6f\x75\x74\x2d\x77\x68\x69\
\x74\x65\x22\x20\x66\x69\x6c\x6c\x3d\x22\x23\x66\x61\x66\x61\x66\
\x61\x22\x20\x74\x72\x61\x6e\x73\x66\x6f\x72\x6d\x3d\x22\x74\x72\
\x61\x6e\x73\x6c\x61\x74\x65\x28\x34\x32\x2e\x36\x36\x36\x36\x36\
\x37\x2c\x20\x34\x32\x2e\x36\x36\x36\x36\x36\x37\x29\x22\x3e\x0a\
\x20\x20\x20\x20\x20\x20\x20\x20\x20\x20\x20\x20\x3c\x70\x61\x74\
\x68\x20\x64\x3d\x22\x4d\x32\x31\x33\x2e\x33\x33\x33\x33\x33\x33\
\x2c\x33\x2e\x35\x35\x32\x37\x31\x33\x36\x38\x65\x2d\x31\x34\x20\
\x43\x39\x35\x2e\x35\x31\x32\x39\x36\x2c\x33\x2e\x35\x35\x32\x37\
\x31\x33\x36\x38\x65\x2d\x31\x34\x20\x33\x2e\x35\x35\x32\x37\x31\
\x33\x36\x38\x65\x2d\x31\x34\x2c\x39\x35\x2e\x35\x31\x31\x36\x38\
\x20\x33\x2e\x35\x35\x32\x37\x31\x33\x36\x38\x65\x2d\x31\x34\x2c\
\x32\x31\x33\x2e\x33\x33\x33\x33\x33\x33\x20\x43\x33\x2e\x35\x35\
\x32\x37\x31\x33\x36\x38\x65\x2d\x31\x34\x2c\x33\x33\x31\x2e\x31\
\x35\x33\x37\x30\x37\x20\x39\x35\x2e\x35\x31\x32\x39\x36\x2c\x34\
\x32\x36\x2e\x36\x36\x36\x36\x36\x37\x20\x32\x31\x33\x2e\x33\x33\
\x33\x33\x33\x33\x2c\x34\x32\x36\x2e\x36\x36\x36\x36\x36\x37\x20\
\x43\x33\x33\x31\x2e\x31\x35\x34\x39\x38\x37\x2c\x34\x32\x36\x2e\
\x36\x36\x36\x36\x36\x37\x20\x34\x32\x36\x2e\x36\x36\x36\x36\x36\
\x37\x2c\x33\x33\x31\x2e\x31\x35\x33\x37\x30\x37\x20\x34\x32\x36\
\x2e\x36\x36\x36\x36\x36\x37\x2c\x32\x31\x33\x2e\x33\x33\x33\x33\
\x33\x33\x20\x43\x34\x32\x36\x2e\x36\x36\x36\x36\x36\x37\x2c\x39\
\x35\x2e\x35\x31\x31\x36\x38\x20\x33\x33\x31\x2e\x31\x35\x34\x39\
\x38\x37\x2c\x33\x2e\x35\x35\x32\x37\x31\x33\x36\x38\x65\x2d\x31\
\x34\x20\x32\x31\x33\x2e\x33\x33\x33\x33\x33\x33\x2c\x33\x2e\x35\
\x35\x32\x37\x31\x33\x36\x38\x65\x2d\x31\x34\x20\x5a\x20\x4d\x32\
\x31\x33\x2e\x33\x33\x33\x33\x33\x33\x2c\x33\x38\x34\x20\x43\x31\
\x31\x39\x2e\x32\x32\x37\x39\x34\x37\x2c\x33\x38\x34\x20\x34\x32\
\x2e\x36\x36\x36\x36\x36\x36\x37\x2c\x33\x30\x37\x2e\x34\x33\x38\
\x37\x32\x20\x34\x32\x2e\x36\x36\x36\x36\x36\x36\x37\x2c\x32\x31\
\x33\x2e\x33\x33\x33\x33\x33\x33\x20\x43\x34\x32\x2e\x36\x36\x36\
\x36\x36\x36\x37\x2c\x31\x31\x39\x2e\x32\x32\x37\x39\x34\x37\x20\
\x31\x31\x39\x2e\x32\x32\x37\x39\x34\x37\x2c\x34\x32\x2e\x36\x36\
\x36\x36\x36\x36\x37\x20\x32\x31\x33\x2e\x33\x33\x33\x33\x33\x33\
\x2c\x34\x32\x2e\x36\x36\x36\x36\x36\x36\x37\x20\x43\x33\x30\x37\
\x2e\x34\x34\x2c\x34\x32\x2e\x36\x36\x36\x36\x36\x36\x37\x20\x33\
\x38\x34\x2c\x31\x31\x39\x2e\x32\x32\x37\x39\x34\x37\x20\x33\x38\
\x34\x2c\x32\x31\x33\x2e\x33\x33\x33\x33\x33\x33\x20\x43\x33\x38\
\x34\x2c\x33\x30\x37\x2e\x34\x33\x38\x37\x32\x20\x33\x30\x37\x2e\
\x34\x34\x2c\x33\x38\x34\x20\x32\x31\x33\x2e\x33\x33\x33\x33\x33\
\x33\x2c\x33\x38\x34\x20\x5a\x20\x4d\x32\x34\x30\x2e\x30\x34\x36\
\x37\x32\x2c\x31\x32\x38\x20\x43\x32\x34\x30\x2e\x30\x34\x36\x37\
\x32\x2c\x31\x34\x33\x2e\x34\x36\x37\x35\x32\x20\x32\x32\x38\x2e\
\x37\x38\x35\x30\x36\x37\x2c\x31\x35\x34\x2e\x36\x36\x36\x36\x36\
\x37\x20\x32\x31\x33\x2e\x35\x35\x30\x30\x38\x2c\x31\x35\x34\x2e\
\x36\x36\x36\x36\x36\x37\x20\x43\x31\x39\x37\x2e\x36\x39\x38\x37\
\x37\x33\x2c\x31\x35\x34\x2e\x36\x36\x36\x36\x36\x37\x20\x31\x38\
\x36\x2e\x37\x31\x33\x33\x38\x37\x2c\x31\x34\x33\x2e\x34\x36\x37\
\x35\x32\x20\x31\x38\x36\x2e\x37\x31\x33\x33\x38\x37\x2c\x31\x32\
\x37\x2e\x37\x30\x34\x31\x30\x37\x20\x43\x31\x38\x36\x2e\x37\x31\
\x33\x33\x38\x37\x2c\x31\x31\x32\x2e\x35\x35\x33\x36\x20\x31\x39\
\x37\x2e\x39\x39\x36\x31\x36\x2c\x31\x30\x31\x2e\x33\x33\x33\x33\
\x33\x33\x20\x32\x31\x33\x2e\x35\x35\x30\x30\x38\x2c\x31\x30\x31\
\x2e\x33\x33\x33\x33\x33\x33\x20\x43\x32\x32\x38\x2e\x37\x38\x35\
\x30\x36\x37\x2c\x31\x30\x31\x2e\x33\x33\x33\x33\x33\x33\x20\x32\
\x34\x30\x2e\x30\x34\x36\x37\x32\x2c\x31\x31\x32\x2e\x35\x35\x33\
\x36\x20\x32\x34\x30\x2e\x30\x34\x36\x37\x32\x2c\x31\x32\x38\x20\
\x5a\x20\x4d\x31\x39\x32\x2e\x30\x34\x36\x37\x32\x2c\x31\x39\x32\
\x20\x4c\x32\x33\x34\x2e\x37\x31\x33\x33\x38\x37\x2c\x31\x39\x32\
\x20\x4c\x32\x33\x34\x2e\x37\x31\x33\x33\x38\x37\x2c\x33\x32\x30\
\x20\x4c\x31\x39\x32\x2e\x30\x34\x36\x37\x32\x2c\x33\x32\x30\x20\
\x4c\x31\x39\x32\x2e\x30\x34\x36\x37\x32\x2c\x31\x39\x32\x20\x5a\
\x22\x20\x69\x64\x3d\x22\x53\x68\x61\x70\x65\x22\x3e\x0a\x0a\x3c\
\x2f\x70\x61\x74\x68\x3e\x0a\x20\x20\x20\x20\x20\x20\x20\x20\x3c\
\x2f\x67\x3e\x0a\x20\x20\x20\x20\x3c\x2f\x67\x3e\x0a\x3c\x2f\x73\
\x76\x67\x3e\
\x00\x00\x03\x83\
\x3c\
\x3f\x78\x6d\x6c\x20\x76\x65\x72\x73\x69\x6f\x6e\x3d\x22\x31\x2e\
\x30\x22\x20\x65\x6e\x63\x6f\x64\x69\x6e\x67\x3d\x22\x55\x54\x46\
\x2d\x38\x22\x3f\x3e\x0a\x3c\x21\x2d\x2d\x20\x55\x70\x6c\x6f\x61\
\x64\x65\x64\x20\x74\x6f\x3a\x20\x53\x56\x47\x20\x52\x65\x70\x6f\
\x2c\x20\x77\x77\x77\x2e\x73\x76\x67\x72\x65\x70\x6f\x2e\x63\x6f\
\x6d\x2c\x20\x47\x65\x6e\x65\x72\x61\x74\x6f\x72\x3a\x20\x53\x56\
\x47\x20\x52\x65\x70\x6f\x20\x4d\x69\x78\x65\x72\x20\x54\x6f\x6f\
\x6c\x73\x20\x2d\x2d\x3e\x0a\x3c\x73\x76\x67\x20\x77\x69\x64\x74\
\x68\x3d\x22\x38\x30\x30\x70\x78\x22\x20\x68\x65\x69\x67\x68\x74\
\x3d\x22\x38\x30\x30\x70\x78\x22\x20\x76\x69\x65\x77\x42\x6f\x78\
\x3d\x22\x30\x20\x30\x20\x35\x31\x32\x20\x35\x31\x32\x22\x20\x76\
\x65\x72\x73\x69\x6f\x6e\x3d\x22\x31\x2e\x31\x22\x20\x78\x6d\x6c\
\x6e\x73\x3d\x22\x68\x74\x74\x70\x3a\x2f\x2f\x77\x77\x77\x2e\x77\
\x33\x2e\x6f\x72\x67\x2f\x32\x30\x30\x30\x2f\x73\x76\x67\x22\x20\
\x78\x6d\x6c\x6e\x73\x3a\x78\x6c\x69\x6e\x6b\x3d\x22\x68\x74\x74\
\x70\x3a\x2f\x2f\x77\x77\x77\x2e\x77\x33\x2e\x6f\x72\x67\x2f\x31\
\x39\x39\x39\x2f\x78\x6c\x69\x6e\x6b\x22\x3e\x0a\x20\x20\x20\x20\
\x3c\x74\x69\x74\x6c\x65\x3e\x73\x70\x6c\x69\x74\x2d\x76\x65\x72\
\x74\x69\x63\x61\x6c\x6c\x79\x3c\x2f\x74\x69\x74\x6c\x65\x3e\x0a\
\x20\x20\x20\x20\x3c\x67\x20\x69\x64\x3d\x22\x50\x61\x67\x65\x2d\
\x31\x22\x20\x73\x74\x72\x6f\x6b\x65\x3d\x22\x6e\x6f\x6e\x65\x22\
\x20\x73\x74\x72\x6f\x6b\x65\x2d\x77\x69\x64\x74\x68\x3d\x22\x31\
\x22\x20\x66\x69\x6c\x6c\x3d\x22\x6e\x6f\x6e\x65\x22\x20\x66\x69\
\x6c\x6c\x2d\x72\x75\x6c\x65\x3d\x22\x65\x76\x65\x6e\x6f\x64\x64\
\x22\x3e\x0a\x20\x20\x20\x20\x20\x20\x20\x20\x3c\x67\x20\x69\x64\
\x3d\x22\x61\x75\x64\x69\x6f\x2d\x64\x65\x73\x63\x72\x69\x70\x74\
\x69\x6f\x6e\x31\x22\x20\x66\x69\x6c\x6c\x3d\x22\x23\x66\x61\x66\
\x61\x66\x61\x22\x20\x74\x72\x61\x6e\x73\x66\x6f\x72\x6d\x3d\x22\
\x74\x72\x61\x6e\x73\x6c\x61\x74\x65\x28\x36\x34\x2e\x30\x30\x30\
\x30\x30\x30\x2c\x20\x36\x34\x2e\x30\x30\x30\x30\x30\x30\x29\x22\
\x3e\x0a\x20\x20\x20\x20\x20\x20\x20\x20\x20\x20\x20\x20\x3c\x70\
\x61\x74\x68\x20\x64\x3d\x22\x4d\x33\x38\x34\x2c\x31\x2e\x34\x32\
\x31\x30\x38\x35\x34\x37\x65\x2d\x31\x34\x20\x4c\x33\x38\x34\x2c\
\x33\x38\x34\x20\x4c\x31\x2e\x34\x32\x31\x30\x38\x35\x34\x37\x65\
\x2d\x31\x34\x2c\x33\x38\x34\x20\x4c\x31\x2e\x34\x32\x31\x30\x38\
\x35\x34\x37\x65\x2d\x31\x34\x2c\x31\x2e\x34\x32\x31\x30\x38\x35\
\x34\x37\x65\x2d\x31\x34\x20\x4c\x33\x38\x34\x2c\x31\x2e\x34\x32\
\x31\x30\x38\x35\x34\x37\x65\x2d\x31\x34\x20\x5a\x20\x4d\x34\x32\
\x2e\x36\x36\x36\x36\x36\x36\x37\x2c\x34\x32\x2e\x36\x36\x36\x36\
\x36\x36\x37\x20\x4c\x34\x32\x2e\x36\x36\x36\x36\x36\x36\x37\x2c\
\x33\x34\x31\x2e\x33\x33\x33\x33\x33\x33\x20\x4c\x31\x37\x30\x2e\
\x36\x36\x36\x36\x36\x37\x2c\x33\x34\x31\x2e\x33\x33\x33\x33\x33\
\x33\x20\x4c\x31\x37\x30\x2e\x36\x36\x36\x36\x36\x37\x2c\x34\x32\
\x2e\x36\x36\x36\x36\x36\x36\x37\x20\x4c\x34\x32\x2e\x36\x36\x36\
\x36\x36\x36\x37\x2c\x34\x32\x2e\x36\x36\x36\x36\x36\x36\x37\x20\
\x5a\x20\x4d\x32\x31\x33\x2e\x33\x33\x33\x33\x33\x33\x2c\x33\x34\
\x31\x2e\x33\x33\x33\x33\x33\x33\x20\x4c\x33\x34\x31\x2e\x33\x33\
\x33\x33\x33\x33\x2c\x33\x34\x31\x2e\x33\x33\x33\x33\x33\x33\x20\
\x4c\x33\x34\x31\x2e\x33\x33\x33\x33\x33\x33\x2c\x34\x32\x2e\x36\
\x36\x36\x36\x36\x36\x37\x20\x4c\x32\x31\x33\x2e\x33\x33\x33\x33\
\x33\x33\x2c\x34\x32\x2e\x36\x36\x36\x36\x36\x36\x37\x20\x4c\x32\
\x31\x33\x2e\x33\x33\x33\x33\x33\x33\x2c\x33\x34\x31\x2e\x33\x33\
\x33\x33\x33\x33\x20\x5a\x22\x20\x69\x64\x3d\x22\x43\x6f\x6d\x62\
\x69\x6e\x65\x64\x2d\x53\x68\x61\x70\x65\x22\x3e\x0a\x0a\x3c\x2f\
\x70\x61\x74\x68\x3e\x0a\x20\x20\x20\x20\x20\x20\x20\x20\x3c\x2f\
\x67\x3e\x0a\x20\x20\x20\x20\x3c\x2f\x67\x3e\x0a\x3c\x2f\x73\x76\
\x67\x3e\
\x00\x00\x07\x86\
\x3c\
\x3f\x78\x6d\x6c\x20\x76\x65\x72\x73\x69\x6f\x6e\x3d\x22\x31\x2e\
\x30\x22\x20\x65\x6e\x63\x6f\x64\x69\x6e\x67\x3d\x22\x55\x54\x46\
\x2d\x38\x22\x3f\x3e\x0a\x3c\x21\x2d\x2d\x20\x55\x70\x6c\x6f\x61\
\x64\x65\x64\x20\x74\x6f\x3a\x20\x53\x56\x47\x20\x52\x65\x70\x6f\
\x2c\x20\x77\x77\x77\x2e\x73\x76\x67\x72\x65\x70\x6f\x2e\x63\x6f\
\x6d\x2c\x20\x47\x65\x6e\x65\x72\x61\x74\x6f\x72\x3a\x20\x53\x56\
\x47\x20\x52\x65\x70\x6f\x20\x4d\x69\x78\x65\x72\x20\x54\x6f\x6f\
\x6c\x73\x20\x2d\x2d\x3e\x0a\x3c\x73\x76\x67\x20\x77\x69\x64\x74\
\x68\x3d\x22\x38\x30\x30\x70\x78\x22\x20\x68\x65\x69\x67\x68\x74\
\x3d\x22\x38\x30\x30\x70\x78\x22\x20\x76\x69\x65\x77\x42\x6f\x78\
\x3d\x22\x30\x20\x30\x20\x35\x31\x32\x20\x35\x31\x32\x22\x20\x76\
\x65\x72\x73\x69\x6f\x6e\x3d\x22\x31\x2e\x31\x22\x20\x78\x6d\x6c\
\x6e\x73\x3d\x22\x68\x74\x74\x70\x3a\x2f\x2f\x77\x77\x77\x2e\x77\
\x33\x2e\x6f\x72\x67\x2f\x32\x30\x30\x30\x2f\x73\x76\x67\x22\x20\
\x78\x6d\x6c\x6e\x73\x3a\x78\x6c\x69\x6e\x6b\x3d\x22\x68\x74\x74\
\x70\x3a\x2f\x2f\x77\x77\x77\x2e\x77\x33\x2e\x6f\x72\x67\x2f\x31\
\x39\x39\x39\x2f\x78\x6c\x69\x6e\x6b\x22\x3e\x0a\x20\x20\x20\x20\
\x3c\x74\x69\x74\x6c\x65\x3e\x72\x65\x66\x72\x65\x73\x68\x2d\x63\
\x61\x6e\x63\x65\x6c\x6c\x65\x64\x3c\x2f\x74\x69\x74\x6c\x65\x3e\
\x0a\x20\x20\x20\x20\x3c\x67\x20\x69\x64\x3d\x22\x50\x61\x67\x65\
\x2d\x31\x22\x20\x73\x74\x72\x6f\x6b\x65\x3d\x22\x6e\x6f\x6e\x65\
\x22\x20\x73\x74\x72\x6f\x6b\x65\x2d\x77\x69\x64\x74\x68\x3d\x22\
\x31\x22\x20\x66\x69\x6c\x6c\x3d\x22\x6e\x6f\x6e\x65\x22\x20\x66\
\x69\x6c\x6c\x2d\x72\x75\x6c\x65\x3d\x22\x65\x76\x65\x6e\x6f\x64\
\x64\x22\x3e\x0a\x20\x20\x20\x20\x20\x20\x20\x20\x3c\x67\x20\x69\
\x64\x3d\x22\x64\x72\x6f\x70\x22\x20\x66\x69\x6c\x6c\x3d\x22\x23\
\x66\x61\x66\x61\x66\x61\x22\x20\x74\x72\x61\x6e\x73\x66\x6f\x72\
\x6d\x3d\x22\x74\x72\x61\x6e\x73\x6c\x61\x74\x65\x28\x35\x39\x2e\
\x35\x38\x31\x37\x32\x32\x2c\x20\x35\x39\x2e\x35\x38\x31\x37\x32\
\x32\x29\x22\x3e\x0a\x20\x20\x20\x20\x20\x20\x20\x20\x20\x20\x20\
\x20\x3c\x70\x61\x74\x68\x20\x64\x3d\x22\x4d\x33\x30\x2e\x31\x36\
\x39\x38\x39\x34\x2c\x37\x2e\x31\x30\x35\x34\x32\x37\x33\x36\x65\
\x2d\x31\x35\x20\x4c\x33\x39\x32\x2e\x38\x33\x36\x35\x36\x31\x2c\
\x33\x36\x32\x2e\x36\x36\x36\x36\x36\x32\x20\x4c\x33\x36\x32\x2e\
\x36\x36\x36\x36\x36\x32\x2c\x33\x39\x32\x2e\x38\x33\x36\x35\x36\
\x31\x20\x4c\x33\x31\x36\x2e\x32\x36\x31\x39\x32\x36\x2c\x33\x34\
\x36\x2e\x34\x33\x32\x33\x38\x34\x20\x43\x32\x38\x33\x2e\x34\x31\
\x35\x36\x36\x34\x2c\x33\x37\x32\x2e\x37\x30\x36\x39\x35\x38\x20\
\x32\x34\x31\x2e\x37\x35\x31\x37\x35\x39\x2c\x33\x38\x38\x2e\x34\
\x31\x38\x32\x37\x38\x20\x31\x39\x36\x2e\x34\x31\x38\x32\x37\x38\
\x2c\x33\x38\x38\x2e\x34\x31\x38\x32\x37\x38\x20\x43\x31\x33\x36\
\x2e\x31\x30\x32\x31\x30\x37\x2c\x33\x38\x38\x2e\x34\x31\x38\x32\
\x37\x38\x20\x38\x32\x2e\x32\x38\x31\x39\x32\x33\x34\x2c\x33\x36\
\x30\x2e\x36\x30\x35\x36\x34\x36\x20\x34\x37\x2e\x30\x38\x32\x39\
\x31\x31\x39\x2c\x33\x31\x37\x2e\x31\x30\x35\x35\x36\x35\x20\x4c\
\x34\x37\x2e\x30\x38\x34\x39\x34\x34\x37\x2c\x33\x38\x38\x2e\x34\
\x31\x38\x32\x37\x38\x20\x4c\x34\x2e\x34\x31\x38\x32\x37\x38\x2c\
\x33\x38\x38\x2e\x34\x31\x38\x32\x37\x38\x20\x4c\x34\x2e\x34\x31\
\x38\x32\x37\x38\x2c\x32\x33\x39\x2e\x30\x38\x34\x39\x34\x35\x20\
\x4c\x31\x35\x33\x2e\x37\x35\x31\x36\x31\x31\x2c\x32\x33\x39\x2e\
\x30\x38\x34\x39\x34\x35\x20\x4c\x31\x35\x33\x2e\x37\x35\x31\x36\
\x31\x31\x2c\x32\x38\x31\x2e\x37\x35\x31\x36\x31\x31\x20\x4c\x37\
\x33\x2e\x38\x36\x34\x35\x39\x34\x34\x2c\x32\x38\x31\x2e\x37\x37\
\x30\x31\x36\x37\x20\x43\x31\x30\x30\x2e\x38\x35\x31\x35\x30\x34\
\x2c\x33\x32\x30\x2e\x34\x34\x37\x33\x36\x36\x20\x31\x34\x35\x2e\
\x36\x37\x39\x38\x32\x39\x2c\x33\x34\x35\x2e\x37\x35\x31\x36\x31\
\x31\x20\x31\x39\x36\x2e\x34\x31\x38\x32\x37\x38\x2c\x33\x34\x35\
\x2e\x37\x35\x31\x36\x31\x31\x20\x43\x32\x32\x39\x2e\x39\x36\x31\
\x31\x39\x39\x2c\x33\x34\x35\x2e\x37\x35\x31\x36\x31\x31\x20\x32\
\x36\x30\x2e\x39\x32\x31\x31\x32\x33\x2c\x33\x33\x34\x2e\x36\x39\
\x32\x34\x38\x36\x20\x32\x38\x35\x2e\x38\x35\x30\x37\x35\x33\x2c\
\x33\x31\x36\x2e\x30\x32\x31\x35\x33\x31\x20\x4c\x37\x36\x2e\x38\
\x31\x35\x35\x32\x36\x31\x2c\x31\x30\x36\x2e\x39\x38\x35\x31\x33\
\x33\x20\x43\x36\x31\x2e\x36\x33\x35\x39\x36\x31\x36\x2c\x31\x32\
\x37\x2e\x32\x35\x32\x37\x39\x32\x20\x35\x31\x2e\x34\x38\x37\x35\
\x33\x38\x34\x2c\x31\x35\x31\x2e\x35\x30\x36\x32\x39\x31\x20\x34\
\x38\x2e\x32\x32\x32\x37\x31\x30\x35\x2c\x31\x37\x37\x2e\x38\x39\
\x33\x31\x37\x36\x20\x4c\x35\x2e\x38\x38\x31\x30\x37\x30\x35\x37\
\x2c\x31\x37\x32\x2e\x36\x30\x30\x36\x38\x37\x20\x43\x31\x30\x2e\
\x33\x34\x32\x38\x35\x32\x34\x2c\x31\x33\x36\x2e\x35\x33\x39\x32\
\x30\x32\x20\x32\x34\x2e\x38\x30\x34\x32\x31\x33\x37\x2c\x31\x30\
\x33\x2e\x35\x37\x36\x38\x30\x36\x20\x34\x36\x2e\x34\x30\x34\x37\
\x37\x31\x37\x2c\x37\x36\x2e\x35\x37\x33\x38\x38\x30\x32\x20\x4c\
\x33\x2e\x35\x35\x32\x37\x31\x33\x36\x38\x65\x2d\x31\x34\x2c\x33\
\x30\x2e\x31\x36\x39\x38\x39\x34\x20\x4c\x33\x30\x2e\x31\x36\x39\
\x38\x39\x34\x2c\x37\x2e\x31\x30\x35\x34\x32\x37\x33\x36\x65\x2d\
\x31\x35\x20\x5a\x20\x4d\x33\x34\x34\x2e\x36\x31\x33\x37\x39\x37\
\x2c\x32\x31\x34\x2e\x39\x34\x33\x37\x37\x34\x20\x4c\x33\x38\x36\
\x2e\x39\x35\x35\x34\x33\x37\x2c\x32\x32\x30\x2e\x32\x33\x36\x32\
\x36\x33\x20\x43\x33\x38\x34\x2e\x33\x37\x32\x33\x31\x33\x2c\x32\
\x34\x31\x2e\x31\x31\x33\x35\x30\x34\x20\x33\x37\x38\x2e\x34\x33\
\x37\x36\x37\x37\x2c\x32\x36\x30\x2e\x39\x35\x32\x30\x33\x33\x20\
\x33\x36\x39\x2e\x37\x30\x36\x35\x35\x35\x2c\x32\x37\x39\x2e\x31\
\x39\x36\x38\x32\x35\x20\x4c\x33\x33\x37\x2e\x31\x31\x31\x30\x33\
\x38\x2c\x32\x34\x36\x2e\x35\x39\x39\x34\x31\x34\x20\x43\x33\x34\
\x30\x2e\x37\x31\x31\x39\x31\x2c\x32\x33\x36\x2e\x35\x30\x34\x35\
\x30\x35\x20\x33\x34\x33\x2e\x32\x35\x37\x31\x33\x33\x2c\x32\x32\
\x35\x2e\x39\x30\x38\x33\x32\x31\x20\x33\x34\x34\x2e\x36\x31\x33\
\x37\x39\x37\x2c\x32\x31\x34\x2e\x39\x34\x33\x37\x37\x34\x20\x5a\
\x20\x4d\x33\x38\x38\x2e\x34\x31\x38\x32\x37\x38\x2c\x34\x2e\x34\
\x31\x38\x32\x37\x38\x20\x4c\x33\x38\x38\x2e\x34\x31\x38\x32\x37\
\x38\x2c\x31\x35\x33\x2e\x37\x35\x31\x36\x31\x31\x20\x4c\x32\x33\
\x39\x2e\x30\x38\x34\x39\x34\x35\x2c\x31\x35\x33\x2e\x37\x35\x31\
\x36\x31\x31\x20\x4c\x32\x33\x39\x2e\x30\x38\x34\x39\x34\x35\x2c\
\x31\x31\x31\x2e\x30\x38\x34\x39\x34\x35\x20\x4c\x33\x31\x38\x2e\
\x39\x38\x32\x37\x39\x36\x2c\x31\x31\x31\x2e\x30\x38\x31\x39\x31\
\x39\x20\x43\x32\x39\x31\x2e\x39\x39\x37\x30\x35\x31\x2c\x37\x32\
\x2e\x33\x39\x35\x39\x36\x34\x20\x32\x34\x37\x2e\x31\x36\x33\x35\
\x31\x37\x2c\x34\x37\x2e\x30\x38\x34\x39\x34\x34\x37\x20\x31\x39\
\x36\x2e\x34\x31\x38\x32\x37\x38\x2c\x34\x37\x2e\x30\x38\x34\x39\
\x34\x34\x37\x20\x43\x31\x37\x38\x2e\x38\x31\x33\x30\x39\x36\x2c\
\x34\x37\x2e\x30\x38\x34\x39\x34\x34\x37\x20\x31\x36\x31\x2e\x39\
\x31\x39\x34\x36\x31\x2c\x35\x30\x2e\x31\x33\x31\x34\x33\x36\x37\
\x20\x31\x34\x36\x2e\x32\x33\x35\x37\x39\x34\x2c\x35\x35\x2e\x37\
\x32\x35\x39\x39\x38\x35\x20\x4c\x31\x31\x33\x2e\x36\x33\x38\x37\
\x38\x31\x2c\x32\x33\x2e\x31\x33\x30\x34\x35\x35\x38\x20\x43\x31\
\x33\x38\x2e\x37\x30\x33\x36\x36\x38\x2c\x31\x31\x2e\x31\x33\x35\
\x33\x37\x38\x33\x20\x31\x36\x36\x2e\x37\x37\x36\x35\x34\x32\x2c\
\x34\x2e\x34\x31\x38\x32\x37\x38\x20\x31\x39\x36\x2e\x34\x31\x38\
\x32\x37\x38\x2c\x34\x2e\x34\x31\x38\x32\x37\x38\x20\x43\x32\x35\
\x36\x2e\x37\x33\x34\x34\x34\x39\x2c\x34\x2e\x34\x31\x38\x32\x37\
\x38\x20\x33\x31\x30\x2e\x35\x35\x34\x36\x33\x33\x2c\x33\x32\x2e\
\x32\x33\x30\x39\x31\x30\x31\x20\x33\x34\x35\x2e\x37\x35\x33\x36\
\x34\x34\x2c\x37\x35\x2e\x37\x33\x30\x39\x39\x30\x38\x20\x4c\x33\
\x34\x35\x2e\x37\x35\x31\x36\x31\x31\x2c\x34\x2e\x34\x31\x38\x32\
\x37\x38\x20\x4c\x33\x38\x38\x2e\x34\x31\x38\x32\x37\x38\x2c\x34\
\x2e\x34\x31\x38\x32\x37\x38\x20\x5a\x22\x20\x69\x64\x3d\x22\x43\
\x6f\x6d\x62\x69\x6e\x65\x64\x2d\x53\x68\x61\x70\x65\x22\x3e\x0a\
\x0a\x3c\x2f\x70\x61\x74\x68\x3e\x0a\x20\x20\x20\x20\x20\x20\x20\
\x20\x3c\x2f\x67\x3e\x0a\x20\x20\x20\x20\x3c\x2f\x67\x3e\x0a\x3c\
\x2f\x73\x76\x67\x3e\
\x00\x00\x03\x60\
\x3c\
\x3f\x78\x6d\x6c\x20\x76\x65\x72\x73\x69\x6f\x6e\x3d\x22\x31\x2e\
\x30\x22\x20\x65\x6e\x63\x6f\x64\x69\x6e\x67\x3d\x22\x55\x54\x46\
\x2d\x38\x22\x3f\x3e\x0a\x3c\x21\x2d\x2d\x20\x55\x70\x6c\x6f\x61\
\x64\x65\x64\x20\x74\x6f\x3a\x20\x53\x56\x47\x20\x52\x65\x70\x6f\
\x2c\x20\x77\x77\x77\x2e\x73\x76\x67\x72\x65\x70\x6f\x2e\x63\x6f\
\x6d\x2c\x20\x47\x65\x6e\x65\x72\x61\x74\x6f\x72\x3a\x20\x53\x56\
\x47\x20\x52\x65\x70\x6f\x20\x4d\x69\x78\x65\x72\x20\x54\x6f\x6f\
\x6c\x73\x20\x2d\x2d\x3e\x0a\x3c\x73\x76\x67\x20\x77\x69\x64\x74\
\x68\x3d\x22\x38\x30\x30\x70\x78\x22\x20\x68\x65\x69\x67\x68\x74\
\x3d\x22\x38\x30\x30\x70\x78\x22\x20\x76\x69\x65\x77\x42\x6f\x78\
\x3d\x22\x30\x20\x30\x20\x35\x31\x32\x20\x35\x31\x32\x22\x20\x76\
\x65\x72\x73\x69\x6f\x6e\x3d\x22\x31\x2e\x31\x22\x20\x78\x6d\x6c\
\x6e\x73\x3d\x22\x68\x74\x74\x70\x3a\x2f\x2f\x77\x77\x77\x2e\x77\
\x33\x2e\x6f\x72\x67\x2f\x32\x30\x30\x30\x2f\x73\x76\x67\x22\x20\
\x78\x6d\x6c\x6e\x73\x3a\x78\x6c\x69\x6e\x6b\x3d\x22\x68\x74\x74\
\x70\x3a\x2f\x2f\x77\x77\x77\x2e\x77\x33\x2e\x6f\x72\x67\x2f\x31\
\x39\x39\x39\x2f\x78\x6c\x69\x6e\x6b\x22\x3e\x0a\x20\x20\x20\x20\
\x3c\x74\x69\x74\x6c\x65\x3e\x64\x6f\x77\x6e\x6c\x6f\x61\x64\x3c\
\x2f\x74\x69\x74\x6c\x65\x3e\x0a\x20\x20\x20\x20\x3c\x67\x20\x69\
\x64\x3d\x22\x50\x61\x67\x65\x2d\x31\x22\x20\x73\x74\x72\x6f\x6b\
\x65\x3d\x22\x6e\x6f\x6e\x65\x22\x20\x73\x74\x72\x6f\x6b\x65\x2d\
\x77\x69\x64\x74\x68\x3d\x22\x31\x22\x20\x66\x69\x6c\x6c\x3d\x22\
\x6e\x6f\x6e\x65\x22\x20\x66\x69\x6c\x6c\x2d\x72\x75\x6c\x65\x3d\
\x22\x65\x76\x65\x6e\x6f\x64\x64\x22\x3e\x0a\x20\x20\x20\x20\x20\
\x20\x20\x20\x3c\x67\x20\x69\x64\x3d\x22\x69\x63\x6f\x6e\x22\x20\
\x66\x69\x6c\x6c\x3d\x22\x23\x66\x61\x66\x61\x66\x61\x22\x20\x74\
\x72\x61\x6e\x73\x66\x6f\x72\x6d\x3d\x22\x74\x72\x61\x6e\x73\x6c\
\x61\x74\x65\x28\x38\x35\x2e\x33\x33\x33\x33\x33\x33\x2c\x20\x34\
\x32\x2e\x36\x36\x36\x36\x36\x37\x29\x22\x3e\x0a\x20\x20\x20\x20\
\x20\x20\x20\x20\x20\x20\x20\x20\x3c\x70\x61\x74\x68\x20\x64\x3d\
\x22\x4d\x33\x31\x32\x2e\x33\x32\x2c\x31\x36\x35\x2e\x37\x36\x20\
\x4c\x32\x38\x35\x2e\x30\x31\x33\x33\x33\x33\x2c\x31\x33\x32\x2e\
\x39\x30\x36\x36\x36\x37\x20\x4c\x31\x39\x32\x2c\x32\x31\x30\x2e\
\x35\x36\x20\x4c\x31\x39\x32\x2c\x37\x2e\x31\x30\x35\x34\x32\x37\
\x33\x36\x65\x2d\x31\x35\x20\x4c\x31\x34\x39\x2e\x33\x33\x33\x33\
\x33\x33\x2c\x37\x2e\x31\x30\x35\x34\x32\x37\x33\x36\x65\x2d\x31\
\x35\x20\x4c\x31\x34\x39\x2e\x33\x33\x33\x33\x33\x33\x2c\x32\x31\
\x30\x2e\x35\x36\x20\x4c\x35\x36\x2e\x33\x32\x2c\x31\x33\x32\x2e\
\x39\x30\x36\x36\x36\x37\x20\x4c\x32\x39\x2e\x30\x31\x33\x33\x33\
\x33\x33\x2c\x31\x36\x35\x2e\x37\x36\x20\x4c\x31\x37\x30\x2e\x36\
\x36\x36\x36\x36\x37\x2c\x32\x38\x33\x2e\x37\x33\x33\x33\x33\x33\
\x20\x4c\x33\x31\x32\x2e\x33\x32\x2c\x31\x36\x35\x2e\x37\x36\x20\
\x4c\x33\x31\x32\x2e\x33\x32\x2c\x31\x36\x35\x2e\x37\x36\x20\x5a\
\x20\x4d\x31\x2e\x34\x32\x31\x30\x38\x35\x34\x37\x65\x2d\x31\x34\
\x2c\x33\x34\x31\x2e\x33\x33\x33\x33\x33\x33\x20\x4c\x33\x34\x31\
\x2e\x33\x33\x33\x33\x33\x33\x2c\x33\x34\x31\x2e\x33\x33\x33\x33\
\x33\x33\x20\x4c\x33\x34\x31\x2e\x33\x33\x33\x33\x33\x33\x2c\x33\
\x38\x34\x20\x4c\x31\x2e\x34\x32\x31\x30\x38\x35\x34\x37\x65\x2d\
\x31\x34\x2c\x33\x38\x34\x20\x4c\x31\x2e\x34\x32\x31\x30\x38\x35\
\x34\x37\x65\x2d\x31\x34\x2c\x33\x34\x31\x2e\x33\x33\x33\x33\x33\
\x33\x20\x5a\x22\x20\x69\x64\x3d\x22\x43\x6f\x6d\x62\x69\x6e\x65\
\x64\x2d\x53\x68\x61\x70\x65\x22\x3e\x0a\x0a\x3c\x2f\x70\x61\x74\
\x68\x3e\x0a\x20\x20\x20\x20\x20\x20\x20\x20\x3c\x2f\x67\x3e\x0a\
\x20\x20\x20\x20\x3c\x2f\x67\x3e\x0a\x3c\x2f\x73\x76\x67\x3e\
\x00\x00\x02\xe3\
\x3c\
\x3f\x78\x6d\x6c\x20\x76\x65\x72\x73\x69\x6f\x6e\x3d\x22\x31\x2e\
\x30\x22\x20\x65\x6e\x63\x6f\x64\x69\x6e\x67\x3d\x22\x55\x54\x46\
\x2d\x38\x22\x3f\x3e\x0a\x3c\x21\x2d\x2d\x20\x55\x70\x6c\x6f\x61\
\x64\x65\x64\x20\x74\x6f\x3a\x20\x53\x56\x47\x20\x52\x65\x70\x6f\
\x2c\x20\x77\x77\x77\x2e\x73\x76\x67\x72\x65\x70\x6f\x2e\x63\x6f\
\x6d\x2c\x20\x47\x65\x6e\x65\x72\x61\x74\x6f\x72\x3a\x20\x53\x56\
\x47\x20\x52\x65\x70\x6f\x20\x4d\x69\x78\x65\x72\x20\x54\x6f\x6f\
\x6c\x73\x20\x2d\x2d\x3e\x0a\x3c\x73\x76\x67\x20\x77\x69\x64\x74\
\x68\x3d\x22\x38\x30\x30\x70\x78\x22\x20\x68\x65\x69\x67\x68\x74\
\x3d\x22\x38\x30\x30\x70\x78\x22\x20\x76\x69\x65\x77\x42\x6f\x78\
\x3d\x22\x30\x20\x30\x20\x35\x31\x32\x20\x35\x31\x32\x22\x20\x76\
\x65\x72\x73\x69\x6f\x6e\x3d\x22\x31\x2e\x31\x22\x20\x78\x6d\x6c\
\x6e\x73\x3d\x22\x68\x74\x74\x70\x3a\x2f\x2f\x77\x77\x77\x2e\x77\
\x33\x2e\x6f\x72\x67\x2f\x32\x30\x30\x30\x2f\x73\x76\x67\x22\x20\
\x78\x6d\x6c\x6e\x73\x3a\x78\x6c\x69\x6e\x6b\x3d\x22\x68\x74\x74\
\x70\x3a\x2f\x2f\x77\x77\x77\x2e\x77\x33\x2e\x6f\x72\x67\x2f\x31\
\x39\x39\x39\x2f\x78\x6c\x69\x6e\x6b\x22\x3e\x0a\x20\x20\x20\x20\
\x3c\x74\x69\x74\x6c\x65\x3e\x61\x72\x72\x6f\x77\x2d\x6c\x65\x66\
\x74\x3c\x2f\x74\x69\x74\x6c\x65\x3e\x0a\x20\x20\x20\x20\x3c\x67\
\x20\x69\x64\x3d\x22\x50\x61\x67\x65\x2d\x31\x22\x20\x73\x74\x72\
\x6f\x6b\x65\x3d\x22\x6e\x6f\x6e\x65\x22\x20\x73\x74\x72\x6f\x6b\
\x65\x2d\x77\x69\x64\x74\x68\x3d\x22\x31\x22\x20\x66\x69\x6c\x6c\
\x3d\x22\x6e\x6f\x6e\x65\x22\x20\x66\x69\x6c\x6c\x2d\x72\x75\x6c\
\x65\x3d\x22\x65\x76\x65\x6e\x6f\x64\x64\x22\x3e\x0a\x20\x20\x20\
\x20\x20\x20\x20\x20\x3c\x67\x20\x69\x64\x3d\x22\x61\x64\x64\x22\
\x20\x66\x69\x6c\x6c\x3d\x22\x23\x66\x61\x66\x61\x66\x61\x22\x20\
\x74\x72\x61\x6e\x73\x66\x6f\x72\x6d\x3d\x22\x74\x72\x61\x6e\x73\
\x6c\x61\x74\x65\x28\x31\x30\x36\x2e\x36\x38\x30\x31\x30\x37\x2c\
\x20\x31\x33\x34\x2e\x32\x35\x35\x31\x34\x37\x29\x22\x3e\x0a\x20\
\x20\x20\x20\x20\x20\x20\x20\x20\x20\x20\x20\x3c\x70\x6f\x6c\x79\
\x67\x6f\x6e\x20\x69\x64\x3d\x22\x61\x72\x72\x6f\x77\x2d\x6c\x65\
\x66\x74\x22\x20\x70\x6f\x69\x6e\x74\x73\x3d\x22\x32\x39\x38\x2e\
\x36\x33\x39\x37\x38\x37\x20\x31\x30\x30\x2e\x34\x31\x36\x36\x34\
\x20\x38\x31\x2e\x36\x36\x36\x35\x36\x20\x31\x30\x30\x2e\x34\x31\
\x36\x36\x34\x20\x31\x35\x31\x2e\x39\x31\x36\x35\x38\x37\x20\x33\
\x30\x2e\x31\x36\x36\x36\x31\x33\x33\x20\x31\x32\x31\x2e\x37\x34\
\x39\x39\x37\x33\x20\x30\x20\x31\x2e\x34\x32\x31\x30\x38\x35\x34\
\x37\x65\x2d\x31\x34\x20\x31\x32\x31\x2e\x37\x34\x39\x39\x37\x33\
\x20\x31\x32\x31\x2e\x37\x34\x39\x39\x37\x33\x20\x32\x34\x33\x2e\
\x34\x38\x39\x37\x30\x37\x20\x31\x35\x31\x2e\x39\x31\x36\x35\x38\
\x37\x20\x32\x31\x33\x2e\x33\x32\x32\x38\x38\x20\x38\x31\x2e\x36\
\x36\x39\x33\x33\x33\x33\x20\x31\x34\x33\x2e\x30\x38\x33\x33\x30\
\x37\x20\x32\x39\x38\x2e\x36\x33\x39\x37\x38\x37\x20\x31\x34\x33\
\x2e\x30\x38\x33\x33\x30\x37\x22\x3e\x0a\x0a\x3c\x2f\x70\x6f\x6c\
\x79\x67\x6f\x6e\x3e\x0a\x20\x20\x20\x20\x20\x20\x20\x20\x3c\x2f\
\x67\x3e\x0a\x20\x20\x20\x20\x3c\x2f\x67\x3e\x0a\x3c\x2f\x73\x76\
\x67\x3e\
\x00\x00\x02\xdf\
\x3c\
\x3f\x78\x6d\x6c\x20\x76\x65\x72\x73\x69\x6f\x6e\x3d\x22\x31\x2e\
\x30\x22\x20\x65\x6e\x63\x6f\x64\x69\x6e\x67\x3d\x22\x55\x54\x46\
\x2d\x38\x22\x3f\x3e\x0a\x3c\x21\x2d\x2d\x20\x55\x70\x6c\x6f\x61\
\x64\x65\x64\x20\x74\x6f\x3a\x20\x53\x56\x47\x20\x52\x65\x70\x6f\
\x2c\x20\x77\x77\x77\x2e\x73\x76\x67\x72\x65\x70\x6f\x2e\x63\x6f\
\x6d\x2c\x20\x47\x65\x6e\x65\x72\x61\x74\x6f\x72\x3a\x20\x53\x56\
\x47\x20\x52\x65\x70\x6f\x20\x4d\x69\x78\x65\x72\x20\x54\x6f\x6f\
\x6c\x73\x20\x2d\x2d\x3e\x0a\x3c\x73\x76\x67\x20\x77\x69\x64\x74\
\x68\x3d\x22\x38\x30\x30\x70\x78\x22\x20\x68\x65\x69\x67\x68\x74\
\x3d\x22\x38\x30\x30\x70\x78\x22\x20\x76\x69\x65\x77\x42\x6f\x78\
\x3d\x22\x30\x20\x30\x20\x35\x31\x32\x20\x35\x31\x32\x22\x20\x76\
\x65\x72\x73\x69\x6f\x6e\x3d\x22\x31\x2e\x31\x22\x20\x78\x6d\x6c\
\x6e\x73\x3d\x22\x68\x74\x74\x70\x3a\x2f\x2f\x77\x77\x77\x2e\x77\
\x33\x2e\x6f\x72\x67\x2f\x32\x30\x30\x30\x2f\x73\x76\x67\x22\x20\
\x78\x6d\x6c\x6e\x73\x3a\x78\x6c\x69\x6e\x6b\x3d\x22\x68\x74\x74\
\x70\x3a\x2f\x2f\x77\x77\x77\x2e\x77\x33\x2e\x6f\x72\x67\x2f\x31\
\x39\x39\x39\x2f\x78\x6c\x69\x6e\x6b\x22\x3e\x0a\x20\x20\x20\x20\
\x3c\x74\x69\x74\x6c\x65\x3e\x61\x72\x72\x6f\x77\x2d\x75\x70\x3c\
\x2f\x74\x69\x74\x6c\x65\x3e\x0a\x20\x20\x20\x20\x3c\x67\x20\x69\
\x64\x3d\x22\x50\x61\x67\x65\x2d\x31\x22\x20\x73\x74\x72\x6f\x6b\
\x65\x3d\x22\x6e\x6f\x6e\x65\x22\x20\x73\x74\x72\x6f\x6b\x65\x2d\
\x77\x69\x64\x74\x68\x3d\x22\x31\x22\x20\x66\x69\x6c\x6c\x3d\x22\
\x6e\x6f\x6e\x65\x22\x20\x66\x69\x6c\x6c\x2d\x72\x75\x6c\x65\x3d\
\x22\x65\x76\x65\x6e\x6f\x64\x64\x22\x3e\x0a\x20\x20\x20\x20\x20\
\x20\x20\x20\x3c\x67\x20\x69\x64\x3d\x22\x61\x64\x64\x22\x20\x66\
\x69\x6c\x6c\x3d\x22\x23\x66\x61\x66\x61\x66\x61\x22\x20\x74\x72\
\x61\x6e\x73\x66\x6f\x72\x6d\x3d\x22\x74\x72\x61\x6e\x73\x6c\x61\
\x74\x65\x28\x31\x33\x34\x2e\x32\x35\x35\x31\x34\x37\x2c\x20\x31\
\x30\x36\x2e\x36\x38\x30\x31\x30\x37\x29\x22\x3e\x0a\x20\x20\x20\
\x20\x20\x20\x20\x20\x20\x20\x20\x20\x3c\x70\x6f\x6c\x79\x67\x6f\
\x6e\x20\x69\x64\x3d\x22\x61\x72\x72\x6f\x77\x2d\x75\x70\x22\x20\
\x70\x6f\x69\x6e\x74\x73\x3d\x22\x31\x34\x33\x2e\x30\x37\x33\x30\
\x36\x37\x20\x32\x39\x38\x2e\x36\x33\x39\x37\x38\x37\x20\x31\x34\
\x33\x2e\x30\x37\x33\x30\x36\x37\x20\x38\x31\x2e\x36\x36\x36\x37\
\x37\x33\x33\x20\x32\x31\x33\x2e\x33\x32\x32\x38\x38\x20\x31\x35\
\x31\x2e\x39\x31\x36\x35\x38\x37\x20\x32\x34\x33\x2e\x34\x38\x39\
\x37\x30\x37\x20\x31\x32\x31\x2e\x37\x34\x39\x39\x37\x33\x20\x31\
\x32\x31\x2e\x37\x33\x39\x37\x33\x33\x20\x32\x2e\x38\x34\x32\x31\
\x37\x30\x39\x34\x65\x2d\x31\x34\x20\x30\x20\x31\x32\x31\x2e\x37\
\x34\x39\x39\x37\x33\x20\x33\x30\x2e\x31\x36\x36\x38\x32\x36\x37\
\x20\x31\x35\x31\x2e\x39\x31\x36\x35\x38\x37\x20\x31\x30\x30\x2e\
\x34\x30\x36\x34\x20\x38\x31\x2e\x36\x36\x39\x33\x33\x33\x33\x20\
\x31\x30\x30\x2e\x34\x30\x36\x34\x20\x32\x39\x38\x2e\x36\x33\x39\
\x37\x38\x37\x22\x3e\x0a\x0a\x3c\x2f\x70\x6f\x6c\x79\x67\x6f\x6e\
\x3e\x0a\x20\x20\x20\x20\x20\x20\x20\x20\x3c\x2f\x67\x3e\x0a\x20\
\x20\x20\x20\x3c\x2f\x67\x3e\x0a\x3c\x2f\x73\x76\x67\x3e\
\x00\x00\xc3\x6d\
\x89\
\x50\x4e\x47\x0d\x0a\x1a\x0a\x00\x00\x00\x0d\x49\x48\x44\x52\x00\
\x00\x04\x00\x00\x00\x04\x00\x08\x06\x00\x00\x00\x7f\x1d\x2b\x83\
\x00\x00\xc3\x34\x49\x44\x41\x54\x78\x9c\xec\xdd\x07\xb8\x65\x65\
\x79\xf7\xff\xdf\x2a\xbb\x9c\x7e\xce\x74\x10\x35\xe2\x1b\xf3\x26\
\x56\x3a\x33\x43\x47\x45\x44\x41\xb0\x61\xec\x82\x25\x0a\xd6\xc4\
\xe4\xff\xa6\xbc\x49\xd4\xbc\xa6\x88\x62\x4b\xc0\xde\x45\x0d\x45\
\xa4\xa9\x30\xa0\x03\x83\xca\xa8\xb1\xa4\x98\xa6\x51\xfa\x94\x33\
\xa7\xed\xb2\xda\xff\xba\xd7\xde\x7b\x38\x8c\x03\xd3\xce\x39\x6b\
\xad\xbd\xbe\x9f\xeb\x3a\xce\x70\x18\x67\xd6\x6c\x76\x59\xf7\xef\
\xb9\x9f\xfb\x91\x00\x00\x00\x00\x00\x00\x00\x00\x00\x00\x00\x00\
\x00\x00\x00\x00\x00\x00\x00\x00\x00\x00\x00\x00\x00\x00\x00\x00\
\x00\x00\x00\x00\x00\x00\x00\x00\x00\x00\x00\x00\x00\x00\x00\x00\
\x00\x00\x00\x00\x00\x00\x00\x00\x00\x00\x00\x00\x00\x00\x00\x00\
\x00\x00\x00\x00\x00\x00\x00\x00\x00\x00\x00\x00\x00\x00\x00\x00\
\x00\x00\x00\x00\x00\x00\x00\x00\x00\x00\x00\x00\x00\x00\x00\x00\
\x00\x00\x00\x00\x00\x00\x00\x00\x00\x00\x00\x00\x00\x00\x00\x00\
\x00\x00\x00\x00\x00\x00\x00\x00\x00\x00\x00\x00\x00\x00\x00\x00\
\x00\x00\x00\x00\x00\x00\x00\x00\x00\x00\x00\x00\x00\x00\x00\x00\
\x00\x00\x00\x00\x00\x00\x00\x00\x00\x00\x00\x00\x00\x00\x00\x00\
\x00\x00\x00\x00\x00\x00\x00\x00\x00\x00\x00\x00\x00\x00\x00\x00\
\x00\x00\x00\x00\x00\x00\x00\x00\x00\x00\x00\x00\x00\x00\x00\x00\
\x00\x00\x00\x00\x00\x00\x00\x00\x00\x00\x00\x00\x00\x00\x00\x00\
\x00\x00\x00\x00\x00\x00\x00\x00\x00\x00\x00\x00\x00\x00\x00\x00\
\x00\x00\x00\x00\x00\x00\x00\x00\x00\x00\x00\x00\x00\x00\x00\x00\
\x00\x00\x00\x00\x00\x00\x00\x00\x00\x00\x00\x00\x00\x00\x00\x00\
\x00\x00\x00\x00\x00\x00\x00\x00\x00\x00\x00\x00\x00\x00\x00\x00\
\x00\x00\x00\x00\x00\x00\x00\x00\x00\x00\x00\x00\x00\x00\x00\x00\
\x00\x00\x00\x00\x00\x00\x00\x00\x00\x00\x00\x00\x00\x00\x00\x00\
\x00\x00\x00\x00\x00\x00\x00\x00\x00\x00\x00\x00\x00\x00\x00\x00\
\x00\x00\x00\x00\x00\x00\x00\x00\x00\x00\x00\x00\x00\x00\x00\x00\
\x00\x00\x00\x00\x00\x00\x00\x00\x00\x00\x00\x00\x00\x00\x00\x00\
\x00\x00\x00\x00\x00\x00\x00\x00\x00\x00\x00\x00\x00\x00\x00\x00\
\x00\x00\x00\x00\x00\x00\x00\x00\x00\x00\x00\x00\x00\x00\x00\x00\
\x00\x00\x00\x00\x00\x00\x00\x00\x00\x00\x00\x00\x00\x00\x00\x00\
\x00\x00\x00\x00\x00\x00\x00\x00\x00\x00\x00\x00\x00\x00\x40\x21\
\x39\x59\x5f\x00\x80\xe2\x4a\x92\x84\xf7\x10\x00\x00\x96\x98\xe3\
\x38\x49\xd6\xd7\x00\x00\x00\xfa\xa0\xa0\xdf\xe5\xcb\x4b\x92\xa4\
\xf2\x10\x5f\x7e\xd6\xd7\x0b\x00\x40\x59\xd9\x67\xf1\x1d\xbb\xf9\
\x7c\xbe\xe3\x8e\xf4\xc7\x5d\x3f\xcf\x09\xec\x01\xa4\x78\x33\x00\
\x4a\x64\xfe\x0d\xc0\xe6\xcd\xf2\x8f\x38\x42\xda\x2c\xe9\x88\xce\
\x6a\x42\xb0\x1f\xbf\xdf\xb0\x24\x77\xeb\xd6\xad\x92\x96\x2f\xf8\
\xf5\x02\x00\x80\x07\x2c\x5f\x2e\x5b\xf9\x77\x1c\xc7\x99\xda\xd7\
\xff\x6f\x37\xb8\x9f\x7f\xef\x1f\x77\xbf\x52\x74\x15\x00\xe5\x40\
\x00\x00\xf4\x77\xa1\xef\x76\xbf\xf6\xaa\xc0\x4f\x92\x64\xd4\x7e\
\x90\xe4\x6d\xdd\xaa\x78\x6c\x4c\xc7\xfa\xbe\xd6\xb6\x82\x28\xee\
\xfd\x3e\xf6\x7b\xdb\x4d\x42\x92\x24\x35\xc7\xd1\xab\x1d\xc7\xad\
\xc6\x71\x2c\x87\x77\x13\x00\x00\x16\x55\x92\x28\xf6\x3d\xd7\x8d\
\xe2\x64\x93\xa4\x4d\xd6\xa9\xe7\x38\x4e\xd4\xfb\xf7\x7e\xc5\x53\
\x18\x44\xed\x76\xd3\xfb\x48\xbb\xad\xf6\xf2\x07\xb2\xf9\xd8\x71\
\x9c\x99\xbd\x09\x08\x36\x6f\xde\xac\x23\x8e\x38\x22\xec\x7d\x9f\
\x60\x00\xe8\x2f\xdc\xb2\x03\x25\x2a\xf4\x7b\x05\xfe\xf4\xb4\x6a\
\xd5\x7a\xf4\x6a\xbf\xe2\x55\xa3\x30\x76\x93\x24\xb1\x02\x7f\xad\
\xe7\x3a\x6b\xc3\x28\xb6\x9f\x7b\x8e\xa3\xc4\xf7\xfd\x51\xef\x61\
\xde\x25\xec\x17\x26\xdc\x16\x00\x00\xb0\x64\xec\x73\xd7\x4f\x3f\
\xf1\x1f\x5a\xb3\x1d\xce\x38\x8e\x62\xfb\xb5\xae\xeb\x2a\x49\xe2\
\x76\x92\xe8\x23\x8e\xe3\xb4\xe2\x38\x4e\x06\x6a\x15\x27\x0c\xb5\
\x69\xc7\x8e\xad\xb7\x2f\x5f\xbe\xdc\x7e\xb7\xf0\xa1\x02\x82\xdd\
\x05\x03\x84\x02\x40\x71\x11\x00\x00\x05\x2c\xf8\xbb\xed\xfb\xb6\
\x14\x1f\x3e\xc4\xaf\x1b\x97\x14\x85\xa1\xd6\xba\xae\x8e\x0b\xa2\
\xc8\x42\x81\xf5\xf3\x0a\x7c\xbf\x5e\xf5\xad\x7d\xff\x41\xc2\xd8\
\x3e\xd4\xe7\xfd\x73\x18\xd9\xef\x15\xd8\xb7\x76\xfd\xa4\xb7\x5f\
\x97\x24\x62\x0e\x00\x00\x00\x4b\xef\x41\xed\xfb\xbb\x70\x7c\xdf\
\xf7\xe7\x7f\x9e\xdb\xcf\x77\xcd\x0c\xa2\x44\x0a\x82\x70\xca\x75\
\x5d\x27\x49\xe2\x56\x92\xb8\x97\x56\xaa\x6e\x3b\x0c\x82\xa0\xdd\
\xac\x5c\x3a\x32\xa2\xf6\xc3\x75\x0e\xd8\xbc\x81\xf9\xd7\x41\x28\
\x00\x14\x03\x01\x00\x50\x90\xd5\xfd\xdd\xad\xec\x77\x57\xf4\x15\
\x86\x3a\x76\x97\x42\x7f\x5d\x18\xc5\x51\xa5\xe2\x8f\xcf\x5f\xc1\
\xef\x15\xf8\xb6\x22\x10\x86\xa1\x85\x07\xf3\x3f\xac\x77\x76\x11\
\xf4\x58\xaf\xff\xa2\xfd\x05\x01\x00\xc0\xa2\xb0\x7d\x7a\xbb\x7e\
\xcf\x71\x14\xda\x77\x7b\xa1\xbe\xe3\x38\x15\xdf\xf7\xd2\x7b\x02\
\xd7\x7d\xf0\x0d\x80\x75\x10\xb8\xae\x1b\x77\x3a\x07\x1e\x08\x06\
\x5a\x95\xca\x25\xa3\x52\xb0\xbb\x19\x04\xd6\x29\xb0\x79\xb3\x9c\
\x23\x8e\x10\x5d\x02\x40\x8e\x71\x73\x0f\x14\xac\xe0\x9f\x9e\x56\
\xd5\xda\xf7\x3d\xcf\x1b\x89\xa2\x30\xdd\x83\xef\xba\xee\xe8\xfc\
\x76\xc0\x5e\xa1\xbf\xcb\x0a\xfe\x83\x0a\x7c\x8a\x7b\x00\x00\xca\
\x6d\x7e\x50\x60\x5d\x85\xdd\x7f\xdc\xd9\x41\xb0\x6b\xe7\x40\xb3\
\x1d\x4e\xf9\x9e\xab\x30\x4e\x6e\xad\x57\xbc\xef\x84\xa1\xbe\xe3\
\xfb\xba\xad\xfb\xff\x7f\x50\x28\x40\x20\x00\xe4\x13\x05\x00\x90\
\x7d\xd1\xff\xb0\x05\x7f\x33\x0c\xd7\xd5\x7d\xff\x98\x66\x10\x1d\
\xe3\xbb\xce\xfa\x30\x8a\x55\xaf\xfa\xa3\xbd\xf6\x3d\xf3\x50\x85\
\x3e\x45\x3e\x00\x00\x58\xa8\x60\xa0\x52\xf1\xfd\xf9\x33\x08\x6c\
\xc1\x21\x8e\xe3\x29\xeb\x14\xf0\x3c\xff\x23\x51\x14\x4d\xd7\x2a\
\xde\x47\x2c\x2b\xd8\x75\xeb\x40\x27\x10\xd8\xec\xd8\x1c\x01\xc2\
\x00\x20\x3b\x14\x07\x40\x76\xab\xfc\xce\xae\x7b\xf8\xe7\x17\xfc\
\xad\x76\x74\xac\xe7\x39\xeb\xe2\x44\xa3\xd5\xee\x27\x6d\x6f\x65\
\x3f\x08\x76\xb6\xef\xa7\x7b\xf0\x29\xf4\x01\x00\xc0\x12\x06\x03\
\xe9\xde\xff\xde\x36\x02\xd3\xdb\x72\xd8\x0e\xe3\x99\x38\x8e\x9b\
\xbe\xbf\xe7\x40\xc0\xd6\x32\xec\xe7\x04\x02\xc0\xd2\xa1\x68\x00\
\x96\xa8\xf0\xdf\xbc\x79\xb3\x7f\xe4\x91\x47\x3e\x68\x95\x3f\x49\
\x92\xe1\x56\x18\x1e\x5f\xf3\xfd\xa3\x1f\xaa\xe0\x8f\xa2\xce\xea\
\xfe\x2e\x93\xfe\x79\xed\x02\x00\x80\x3c\x85\x02\x61\x6f\xfb\xc0\
\xfc\x99\x02\x0f\x0e\x04\x82\xe9\x5a\xa5\x62\xa7\x11\x6c\xd9\x4d\
\x18\x90\x74\x43\x05\xc2\x00\x60\x11\x51\x44\x00\x8b\xbb\xda\xef\
\x3d\xc4\x2a\xff\xb1\x75\xdf\x3f\xa9\x15\x84\xe7\x55\x2a\xfe\xaa\
\xde\x87\x24\x05\x3f\x00\x00\xe8\xe7\x40\x20\x08\xa3\x19\xb9\xde\
\xad\x71\x14\xdd\x52\xab\x78\x1f\x93\x34\x37\xbf\x3b\x80\x30\x00\
\x58\x5c\x14\x15\xc0\xd2\x14\xfd\xab\x5a\x41\x70\x9e\xeb\x7a\x27\
\x29\x49\x8e\x4d\xe4\xa4\xab\xfc\xdd\x23\x78\xec\x97\x50\xf0\x03\
\x00\x80\x52\x04\x02\xbd\x19\x02\xed\x30\x9a\x49\x92\x64\xae\xe2\
\xf9\x1f\x8b\x5d\xdd\x3c\xb9\x65\xcb\xa6\x95\x2b\x57\x4e\xcf\xfb\
\xff\x12\x06\x00\x0b\x8c\x22\x03\x58\xbc\xf6\xfe\x4e\xd1\xef\x55\
\x4e\x74\x92\x78\x9d\xef\xb9\x23\xbb\x59\xe5\xf7\x29\xf6\x01\x00\
\x40\xc9\x02\x01\x9b\x21\x90\xf4\x4e\x1b\xb0\xf9\x01\xf6\x8d\xa0\
\x1d\xde\x57\xa9\xfa\x1f\x8b\xf5\xd0\x61\x80\xe3\x38\xe9\xdc\x00\
\x00\xfb\x87\xc2\x03\x38\xb0\xe9\xfd\x0f\x1a\xe4\xf7\x70\x45\x7f\
\x18\xa6\x83\xfb\x7a\xff\x3f\x56\xf9\x01\x00\x40\xa9\xf5\xba\x03\
\x92\x24\x89\x1c\xc7\xf1\x2b\x15\x7f\x8f\x61\x40\xaf\xdb\xd2\x06\
\x08\xd2\x15\x00\xec\x3b\x0a\x10\xe0\x00\x5b\xfc\xa7\xa6\xa6\x56\
\xd6\x07\x07\xcf\x97\x9c\x13\x1d\xe9\x21\x8b\x7e\x0a\x7e\x00\x00\
\x80\x87\x0f\x04\x1e\x32\x0c\xf0\xfd\x8f\xb9\xae\x6e\x76\x1c\xe7\
\xeb\xbd\x5f\x6f\x77\x56\x71\x9c\x58\x18\xc0\x16\x01\x60\x2f\x51\
\x90\x00\x7b\x21\x49\x1e\xfc\xe1\x62\xd3\xfb\x9b\x61\xb8\xbe\xea\
\xba\x27\x06\x51\x72\x7e\xad\xe2\xad\xb4\xef\x53\xf4\x03\x00\x00\
\x2c\x4e\x18\x60\x37\x61\x61\xac\x1b\x7a\x03\x04\x1d\xc7\xb9\x6f\
\xd7\x63\x05\x09\x02\x80\x87\x47\x71\x02\x3c\x84\xdd\xb5\x98\x25\
\x49\xb2\xa2\x15\x44\x6f\x70\x5d\xe7\x02\xcf\x73\x57\x58\x2f\x7f\
\x3a\xc8\xaf\x1d\x86\x72\x28\xfa\x01\x00\x00\x16\x69\xab\x80\xed\
\xfd\xf7\xea\x55\x3f\xbd\xcf\x0a\xc2\x68\xca\x75\x9d\x4d\x41\x1c\
\xbf\xb7\xee\xfb\x9b\x1c\xc7\x99\xea\xfe\x5a\x66\x05\x00\x0f\x83\
\x42\x05\xd8\x8b\x36\xff\x20\x08\x4e\x73\x5d\xff\xcd\x51\x1c\xad\
\xab\xf8\xde\xa8\xb5\xa3\xb5\xdb\x61\x1a\x44\x33\xc8\x0f\x00\x00\
\x60\x69\x58\x57\x80\xfd\xe0\x79\xbe\x5f\xf1\x3a\x5b\x04\xc2\x30\
\xda\x22\x39\x1f\xaa\xfa\xee\xfb\x1d\xc7\xd9\xd6\xfd\x75\xce\x97\
\xbf\x2c\xf7\xf9\xcf\x67\x7b\x00\x30\x1f\x45\x0b\xf0\x10\x6d\xfe\
\x53\x53\xc9\x8a\x6a\x3d\x7a\x8d\xeb\x3a\x27\xf8\x9e\x7b\x9a\xbd\
\x58\x82\x28\xb1\x09\xfe\x61\x37\x20\xe0\xf5\x03\x00\x00\x90\xed\
\x69\x02\x6e\xb5\xea\x3b\xd6\x95\xd9\x6c\x87\x5b\xaa\xbe\x7f\x69\
\x1c\xeb\x5b\x95\x8a\x73\xc3\xbc\x5f\xcb\xf6\x00\xa0\x8b\x02\x06\
\xa5\xf7\xa5\x2f\x25\xde\xfc\x74\xd8\xda\xfc\x1b\xad\xe0\x0d\x9e\
\xe7\xbe\xb1\xea\x7b\xcb\xec\x7b\xcd\xce\x6a\x7f\xfa\x21\x43\xe1\
\x0f\x00\x00\x90\xbf\x2d\x02\x95\x8a\xef\xdb\xac\x00\xdb\x9e\xa9\
\x24\xbe\x21\x89\xdd\xf7\xfa\xbe\x76\xdd\x1e\x40\x10\x80\x52\xa3\
\x90\x41\x29\xed\x6e\x7f\x7f\x10\x24\xa7\xb9\xae\x1e\xd4\xe6\xdf\
\x6a\x05\xa1\x15\xfc\x8e\xe3\xd8\xaf\x05\x00\x00\x40\xce\x83\x80\
\x44\xf2\x06\xaa\xbe\x33\x7f\x7b\x40\x63\xd6\x7d\xff\xf8\xf8\xce\
\xed\x01\xcc\x09\x40\x69\x11\x00\xa0\x54\x76\xbb\xbf\x3f\x49\x4e\
\x73\x62\xbd\x59\x8e\x9e\x61\xa9\x31\x6d\xfe\x00\x00\x00\x7d\x31\
\x2b\x60\xe7\xf6\x80\x76\x18\x6d\x4b\x12\xbd\xbf\x56\xf1\x3e\xb0\
\xeb\x9c\x80\x17\xbc\x80\x20\x00\xe5\x41\x71\x83\x52\x16\xfe\xbb\
\xdb\xdf\xdf\x68\x87\xf6\x8b\x68\xf3\x07\x00\x00\xe8\xd3\xed\x01\
\xbb\x9b\x13\x40\x10\x80\x32\xa1\xc8\x41\xa9\x0a\xff\xc9\xc9\x64\
\xd9\xc0\x50\xf8\x46\xc9\xb9\x70\xd7\xfd\xfd\xb4\xf9\x03\x00\x00\
\x94\x67\x4e\x80\x93\xe8\x7a\xd7\xd5\xfb\x1c\xe7\x81\x20\xc0\xea\
\x23\xc7\x49\x77\x0f\x00\x7d\x89\x00\x00\x7d\x3d\xd5\xbf\xb7\xb7\
\xcb\x0a\xff\xc1\xe1\xe8\xc2\x24\x51\x3a\xd8\xcf\xde\xf4\xdb\x6d\
\xf6\xf7\x03\x00\x00\x94\x79\x4e\x40\x14\xdb\x3f\x3a\xd7\x7b\x0f\
\x0e\x02\x2a\x36\x3e\x80\x61\x81\xe8\x47\xb6\x25\x06\xe8\xbb\xa9\
\xfe\x49\x92\x58\x1b\x7f\x64\x3f\x6f\x05\xd1\x9f\x0f\x0e\xc7\x3f\
\xab\x78\xde\x9f\x7b\x9e\xb7\xac\xd9\x0e\xc3\x20\x08\x13\xd7\x75\
\x7d\x8a\x7f\x00\x00\x80\xf2\xe8\x2e\xfe\xf8\x76\xa3\xd8\x6c\x87\
\x51\x3b\x8c\x12\xcf\xd5\x33\xa2\x38\xb9\x3e\x8a\x92\xeb\x1b\x41\
\xf0\x34\xc7\x71\x02\x2b\xfe\x6d\x58\x60\xb7\x2b\x00\xe8\x1b\x3c\
\xa1\xd1\x37\xac\xe8\xef\x4e\x74\xed\x4e\xf5\x0f\x4e\x73\x5d\xff\
\xad\xae\xab\xa7\x87\x71\x62\x53\x60\x19\xec\x07\x00\x00\x80\xdd\
\x0d\x0c\x74\xea\x55\xdf\x6d\x87\x51\x94\x24\x7a\x47\xab\x31\xfb\
\xc1\xb1\xb1\xb1\xad\xdd\x7f\xcf\xf1\x81\xe8\x1b\x14\x42\x28\xbc\
\x6e\x32\x6b\xab\xf9\x41\xf7\x9f\x4f\x8b\xe6\x4d\xf5\x6f\xb6\xc3\
\xa0\xfb\xef\x79\xbe\x03\x00\x00\xe0\x21\x83\x00\xd7\x75\xbc\xaa\
\xef\xa5\xa7\x06\x38\x8e\xde\x3f\x37\xe3\x7d\x60\xde\xf1\x81\x3b\
\xb7\x97\x02\x45\x45\x41\x84\xbe\x19\xf0\x67\x2d\x5b\x55\xd7\x7f\
\x5b\xa2\xe4\x34\xcf\x75\xd2\xa9\xfe\x69\x5b\x80\xeb\xb2\xd5\x05\
\x00\x00\x00\xfb\x3c\x2c\x30\x88\xe2\xad\x49\xa2\x0f\x5e\x75\x85\
\xfb\x0e\x3b\x25\xa0\xdb\x71\x6a\x5b\x09\x18\x14\x88\x42\x22\x00\
\x40\x21\xcd\x4f\x60\x77\xec\x48\x96\xd7\x06\xa2\x0b\x1c\x47\x7f\
\x5a\xf5\x3d\xaf\xd9\x0e\xe3\xee\x56\x00\xf6\xf7\x03\x00\x00\x60\
\xbf\x83\x00\xdf\xf7\x7c\xdf\x75\x14\xc7\xfa\x7a\x1c\x87\x17\x55\
\x2a\x15\x06\x05\xa2\xd0\x58\x19\x45\xe1\x56\xfd\xed\x6b\xfe\x80\
\xbf\x81\xc1\xf8\xdf\x6a\x15\xef\xcf\xad\x1b\xc0\x86\xb9\x38\x8e\
\x63\x73\x5d\x28\xfe\x01\x00\x00\x70\x40\xc3\x02\xc3\x30\x4a\x6c\
\x3b\xa9\xcd\x94\x72\x5c\x7f\x37\x83\x02\xbf\xc4\x3d\x27\x0a\x85\
\x0e\x00\x14\x72\x9f\x7f\x90\x24\x4f\x77\x63\xbd\x8d\x01\x7f\xf9\
\xd1\x09\xca\x01\x00\xc0\x62\xe0\x16\x27\x5b\x71\x1c\xc7\xf6\xdf\
\xa0\x37\x28\xd0\x71\xf4\x8e\xc6\xac\xf7\xc1\xb1\x31\x67\x6b\xf7\
\x3e\x35\x3d\x81\x2a\xeb\xeb\x04\xf6\x84\x77\x12\x14\xae\xdd\xbf\
\x3e\x10\x7d\xa2\x5a\xf1\x9e\x6d\xff\xcc\x80\xbf\xa5\x2d\xe8\xa3\
\xe8\xa1\x3e\xd7\x1c\xd5\x6a\xd5\xf4\x0d\x85\x18\x00\x00\x80\x85\
\x65\x77\x39\x61\x18\x29\x0c\xc3\xdd\xff\x7b\xd7\xb5\xea\x73\x97\
\xff\x0f\xb7\x46\x8b\x3d\x28\x30\x8c\xe2\xad\x4a\xdc\x57\x56\x2a\
\xce\xd5\xdd\x7f\x57\xe9\x2d\x56\x01\x79\xc5\x3b\x03\x72\xad\xf7\
\x46\x6a\xed\xfe\x67\x9d\x1d\xfe\xa9\x23\xf7\x82\x8a\xef\x2e\x6f\
\xda\x80\x3f\xc9\x92\x58\xda\xae\x16\xa8\xc8\x7f\x70\x71\xff\xeb\
\x05\xbd\xdd\x47\xd8\x30\x9c\x87\xb2\x7d\xc7\x8c\xa5\xe3\x8b\x77\
\xb1\x00\x00\x94\x91\xe3\xa4\x9f\xd1\xcb\x26\xc6\xe5\x3f\xcc\xe6\
\x5d\x9b\x80\x64\x9f\xd5\xf6\xd1\xbe\xbb\xc0\x60\x7e\x48\x40\x38\
\xb0\x20\xf3\x01\x42\xdf\xf7\x6c\x0e\x80\x5c\xd7\xb9\xa1\x1d\x86\
\xef\x19\xa8\x54\xbe\xd1\x1d\x12\x98\x6e\x57\xcd\xfa\x3a\x81\xdd\
\xe1\xd5\x8f\xdc\xae\xfa\x77\x07\xf9\xc5\x8d\x46\xf0\xb4\x6a\xd5\
\xff\x03\xd7\xd5\xd3\xba\xed\xfe\xb6\xcf\x9f\xc2\xff\x80\x0b\xfd\
\x4e\x91\xff\x50\xc5\xfd\xfc\x82\xde\x6e\x1a\xda\xad\x96\x3e\x7f\
\xd9\x95\x6a\xb5\xdb\x72\x1d\x57\x49\x37\x1a\xb0\x9f\xdb\xf7\xec\
\xdf\xd9\xaf\xb1\x43\x17\xe8\x02\x00\x00\x60\x61\xd8\xe7\xec\x5c\
\xa3\xa1\x75\xc7\x1e\xa1\xa3\x8f\x78\xb2\x82\x30\x92\xe3\x76\x3e\
\xb4\xed\x33\x77\x6e\xae\xa1\x75\x6b\x8f\xec\xfe\xbb\x50\xae\xeb\
\x3d\x64\x60\xd0\x0b\x09\xe6\x87\x03\x04\x03\x07\x16\x04\xd8\x3d\
\xd6\x40\xad\xe2\x04\x51\x1c\x26\x49\xfc\xae\xab\xae\xf0\x7b\xa7\
\x05\xd0\x0d\x80\x5c\xe2\x55\x8e\x5c\xaf\xfa\x3f\xe7\x9c\xe8\x4f\
\x92\xa4\x33\xdd\xbf\xd1\x0a\x03\xc7\xa1\xdd\x7f\x6f\xd8\x87\x91\
\x7d\x45\x71\x2c\xe7\x61\x0a\xfd\x6d\x93\xd3\xe9\x8f\xed\x6e\x01\
\xdf\x6a\xb5\xe5\xf9\x5e\xfa\x63\xaf\xa0\xb7\x1b\x03\x63\x61\xc0\
\x9d\x77\xdd\x93\xfe\x68\xbf\xe7\xce\x3f\x4b\x49\x7a\xc3\x30\x3a\
\x32\xcc\x8d\x03\x00\x00\x0b\xcc\x32\x7c\xd7\x8e\x37\x6e\x34\xd5\
\xb4\xcf\xe5\xf9\xb7\xef\x8e\x76\x16\xfb\xe3\x63\xa3\xe9\x67\xbf\
\x05\x00\xf3\x03\x83\x30\x8e\xd5\x6c\xb6\xd2\x90\xe0\x98\x23\x9e\
\xac\x66\xab\xad\xe5\xcb\x97\x3d\x28\x1c\x98\x1f\x0c\x58\x88\x60\
\x7f\x86\xe7\x75\x7e\x01\x9f\xed\x7b\xb7\x2d\xc0\xee\x4f\x6b\x15\
\xcf\x8d\x63\x7d\xa3\xdd\x0e\xff\x76\x60\x80\x6e\x00\xe4\x13\xaf\
\x68\xe4\x7e\xd5\xbf\x15\x44\xb1\xc5\xab\xac\xfa\x3f\xfc\xea\x7e\
\x14\xc5\x69\x31\x5e\xf1\x7d\xf9\xbe\xf7\x90\x85\xfe\xe7\x2e\xbb\
\x52\x41\x10\x28\x0c\xc2\xf4\xe7\xf6\x3d\xf3\xab\x3b\xef\xee\x16\
\xf7\x9d\xa4\x60\x7e\x41\x6f\x7f\x82\xfd\xac\x13\x24\xec\xfe\x6d\
\xe3\xa1\xe7\x03\x00\x00\x80\x03\x65\xab\xf4\xbd\x50\x7e\x3e\xfb\
\xa8\x0e\x82\x50\x61\x14\x75\xb6\xee\xed\x1a\x18\xcc\xdb\x42\x60\
\x5f\x33\xb3\x73\x5a\x6f\x61\xc0\x51\x87\x69\x6a\x6a\x46\xeb\xd7\
\x1f\xb5\xdb\x60\x20\x4a\x3a\xf7\x18\xad\x56\x90\xde\x5f\x78\xae\
\x9b\xfe\x5e\x04\x02\x0f\x2d\x8e\x93\x60\xa0\xe6\x57\x7a\x43\x02\
\xaf\xbc\xdc\x7b\x27\xdd\x00\xc8\x1b\x5e\xc1\xc8\xfd\xaa\xbf\xeb\
\x3a\xe9\xfe\x2a\xec\x5a\xf0\x47\x0f\xec\xd5\x9f\xb7\xb2\xdf\x0e\
\x63\xcd\x4c\x4f\x6b\xf3\x0f\x7f\xa2\x4d\xb7\x7f\x3f\x4d\xf0\x3f\
\xfb\xc5\x2b\x7e\xad\xd0\xb7\x1b\x89\x91\x79\x45\xfe\xae\xc5\xfd\
\xee\x0a\x7a\x26\xfd\x03\x00\x90\x4f\xbb\x16\xe6\xf3\x03\x83\x9d\
\x21\x41\x18\xed\x0c\x07\xac\xdb\xcf\x3a\x05\x97\x4d\x8c\xed\x0c\
\x06\x8e\x5b\x77\x94\x8e\x38\xec\x09\x72\x3d\x5f\x2f\x3e\xf7\x6c\
\x0d\xd4\xeb\x1a\x1f\x1d\xda\xf9\x7b\x5a\x28\x90\x76\x09\x04\x61\
\x7a\x7f\x41\x20\xf0\xeb\xe8\x06\x40\xde\xf1\x8a\x45\xa6\x58\xf5\
\xdf\x3b\x56\x78\xc7\xb1\xb5\xf5\xc7\xaa\xd5\x6a\x0f\x2a\xf8\x27\
\xa7\x66\xd5\x68\x36\xf5\xb9\x2f\x5e\xa1\x38\x0a\x75\xc7\xf7\x7f\
\xac\x4d\xb7\x6f\x56\x3b\x08\xb4\x65\xeb\x36\xf9\x9e\xaf\x91\x91\
\xa1\xdd\x16\xfa\xf3\x8b\x7c\x8a\x7b\x00\x00\xfa\x5b\xe7\x5e\x20\
\x49\xe7\x0a\x58\x38\xf0\x6b\xc1\x40\xb3\xa9\x66\xa3\x25\xcf\xf3\
\x74\xd0\x41\xab\xd2\x00\xc0\x82\x00\xeb\x32\x5c\x7b\xec\xe1\x3a\
\xe2\x29\x4f\xd0\xf0\xc8\x88\xaa\xdd\x36\x81\x5e\x20\x60\xf3\x04\
\xec\xff\xf3\xc0\x9f\x01\xba\x01\x90\x57\xbc\x42\x91\x99\x0d\xc9\
\x06\xff\x64\xe7\xe4\x90\x55\xff\xdd\x4b\xf7\xf0\x47\x91\x7c\xdf\
\x4f\x3f\x54\x7b\x2d\x79\x69\xc1\xdf\x68\xe8\x8b\x5f\xb9\x5a\xd3\
\x53\xd3\xe9\x8f\xf6\xcf\x77\xdf\x7d\x5f\xfa\xeb\xeb\x03\x75\x0d\
\xd4\x6b\xe9\x60\xa0\x4a\xc5\xef\xfe\x3e\x0f\x4c\xe7\xa7\xd0\x07\
\x00\x00\xbb\x0b\x06\x1c\xc7\x4d\xef\x1f\xec\xe7\x69\xeb\x7f\x12\
\x6b\x7a\x66\x36\x2d\xf0\x57\x2c\x5f\xa6\x6a\xa5\xa2\x75\xeb\x8e\
\xd2\x13\x7f\xfb\x71\x3a\xea\xa8\xc3\x74\xd4\xe1\x4f\xd4\xc8\xc8\
\x88\x2a\xbe\xdb\xdd\x32\x20\xb5\xd2\x6d\x07\xf6\xfb\xd0\x1d\xb0\
\x87\x6e\x00\x5b\xe8\xe2\xa6\x0c\x4b\xae\xdc\xaf\x4a\x64\xc6\xde\
\xf8\x58\xf5\x7f\xe8\xa2\xdf\x0a\x7e\x2b\xde\x6d\x95\x3f\x08\x63\
\x4d\x4d\x4f\xeb\x07\x3f\xfa\x67\x6d\xd8\x70\xab\xae\xfa\xda\xd7\
\x35\x3b\x37\xa7\xbb\xee\xbe\x37\xfd\xf5\x9d\xbd\xfa\xae\x6a\x35\
\xcb\x4c\x9c\xb4\xbd\xbf\x37\x04\x10\x00\x00\x60\x7f\xf4\x8a\xf7\
\x5e\xab\xbf\x75\x0a\xc4\xdd\x81\x82\xb3\xb3\x73\x5a\xb1\x62\x99\
\xaa\xd5\x8a\x8e\x39\xea\x70\x1d\xbf\xfe\x28\x3d\xef\x9c\x67\x69\
\x68\x70\x70\xe7\x96\x81\x20\x4e\xd4\x6e\x05\xe9\xff\xb7\xec\x61\
\xc0\xfc\x6e\x80\x24\xd1\x3b\x6a\x15\xef\x5d\x8e\xe3\x84\xd6\x09\
\xcb\x96\x00\x2c\xb5\xf2\xbe\x12\x91\x79\xcb\x7f\x10\x24\xcf\x4a\
\x14\x5d\x59\x29\xf9\xaa\xff\xee\x8a\x7e\x5b\xaf\xbf\xf3\xae\x7b\
\x75\xc5\x95\xd7\xea\x5b\xb7\x7e\x4f\xdf\xf9\xde\x0f\xd2\xa3\xf6\
\xb6\x6d\xdb\xae\xf1\xb1\xb1\xb4\x65\xaf\xd7\xca\xdf\x6b\xe3\xa7\
\xe0\x07\x00\x00\x8b\xa9\xb7\xe7\xdf\x42\x81\x5e\x20\x60\xf3\x04\
\x6c\xdb\xe1\xc1\x07\xad\x4e\x03\x80\xb3\x9e\xfd\x74\x9d\x74\xe2\
\x3a\x1d\x7d\xf8\x93\x34\x36\x3a\x9c\xfe\xff\x08\x03\x3a\xdd\x00\
\xf6\x10\xd6\xab\xbe\xdb\x0e\xa2\x6b\x1a\x73\x33\x2f\x1b\x1f\x1f\
\xdf\x76\x47\x72\x47\xe5\x48\xe7\x48\xb6\x04\x60\xc9\x94\xef\xd5\
\x87\x9c\xb4\xfc\xc7\x57\x54\x3c\xf7\xd9\xad\x76\x18\xdb\xb2\xbf\
\x6b\x67\xd6\x94\xc8\xc3\x15\xfd\x97\x5f\x79\xad\x36\xde\xf6\x3d\
\xdd\x76\xfb\x66\x6d\xdb\x36\x99\x4e\xf4\x1f\x18\xa8\xef\x6c\xe9\
\xb7\xbd\x76\xbd\xdf\x03\x00\x00\x20\x2b\x56\xc7\xdb\xfd\x89\x15\
\xf4\x36\x54\xd0\x6e\x4d\x26\x77\x4c\x69\x6c\x74\x24\x9d\x21\x70\
\xd6\x19\x4f\xd7\x49\x27\x11\x06\xf4\xd8\xbd\x9b\xed\xff\xaf\x55\
\xbc\x4a\x18\xc5\xdb\x5a\x61\xfc\xb2\xe1\x7a\xe5\x1a\xb6\x04\x60\
\x29\x95\xe7\x15\x87\x7c\xb4\xfc\x07\xc1\x53\xab\xbe\xff\x76\x57\
\x7a\x5a\xd3\xc6\xd5\xa7\x43\x6a\x9d\x52\x0d\xf2\xb3\x0f\xbb\xbd\
\x2d\xfa\x6d\xaf\x9d\x1d\xbd\xd3\x69\xeb\xcf\xfa\x6f\x00\x00\x00\
\xb0\x7b\xbd\xfb\x39\xdf\xf3\xd2\x23\x09\xad\x43\x60\xc7\x8e\x29\
\x8d\x3e\x5c\x18\x10\x25\xe9\xd1\xc4\xbd\x10\xa1\x2c\xe2\x38\x8e\
\xea\xb5\x8a\x17\x84\x51\xe8\x24\x7a\x67\x85\x2d\x01\x58\x42\xe5\
\x79\xa5\x21\x57\x2d\xff\xcd\x76\x18\x3a\x8e\xe3\xab\x04\x6c\x00\
\x9f\x15\xff\xb6\x4f\xae\xe2\x39\xb2\x3a\xfe\x57\x77\xde\xab\xcb\
\xaf\x7a\xf8\xa2\x7f\xfe\xe0\x3e\x00\x00\x80\x22\xb1\x82\x7e\x8f\
\x61\xc0\x11\x4f\xd6\xd8\xc8\x50\xba\x20\xd2\x6e\x87\x3b\xbb\x23\
\xcb\x10\x06\xc4\x71\x9c\xae\xf8\xa7\x5b\x02\xa2\xf8\x9a\xc6\xcc\
\x34\x5b\x02\xb0\x24\xfa\xff\xd5\x85\xcc\xf4\x52\xcc\x32\xb6\xfc\
\xa7\xab\xfd\x89\x1d\xb3\xe3\xa8\x5e\xed\xe4\x1c\x93\x3b\xa6\xb5\
\xf9\x07\x3f\xd6\xfb\x3f\xfc\x89\xf4\xc7\xad\x5b\xb7\x53\xf4\x03\
\x00\x80\x52\x86\x01\x63\x63\x23\x5a\xb9\x62\xb9\x5e\xfe\xd2\xe7\
\xeb\x65\x2f\x7e\x9e\x56\xaf\x5a\x91\x76\x47\x5a\x7f\xa8\x6d\x27\
\xe8\x0d\x1f\xec\x67\x6c\x09\x40\x16\xfa\xfb\x55\x85\xcc\x24\x49\
\x52\x75\x1c\xa7\x5d\xb6\x96\xff\x4e\x9b\x7f\xac\x4a\xa5\xb3\xda\
\x6f\x6e\xb8\x71\xa3\xbe\xb5\xf1\xf6\x74\x7a\xbf\x1d\xd5\xd7\x6c\
\x36\x35\x3c\x3c\xa4\x8a\xef\x53\xf4\x03\x00\x80\xd2\x86\x01\xed\
\x76\x90\x0e\x11\x9c\x18\x1f\x4d\x8f\x17\x5c\x7f\xec\x11\x3a\xf7\
\xf9\x67\x69\xcd\xaa\xe5\x3b\xbb\x02\x7a\xdb\x27\xfb\xf9\xfe\x71\
\xfe\x96\x00\x29\x79\xd7\x6d\x1b\xfd\x77\x9e\x7c\x72\xba\x25\xc0\
\xb7\xad\x01\x59\x5f\x1f\xfa\x4b\xff\xbe\x92\x90\x09\x3b\xc5\xaf\
\xf3\xde\xee\xc4\x33\xcd\xe0\x8c\x7a\xc5\xbd\xca\x73\xdd\xbe\x6f\
\xf9\xb7\x22\xde\x3e\x9c\xaa\x55\x5f\x16\xd9\x4e\x4e\x4d\x6b\xf3\
\xf7\x7f\xa4\xf7\x7f\xf8\x93\xda\x70\xcb\xa6\xb4\xe8\xb7\xb6\x37\
\xdb\xfb\x6f\xfb\xdc\x7a\x93\xfb\x01\x00\x00\xca\xaa\x33\x08\xb0\
\x73\xa2\x40\xa3\xd1\x48\x4f\x3c\x7a\xcc\xa3\x1f\xa9\x57\xbd\xe2\
\x5c\xbd\xf4\x45\xcf\xd5\x9a\x35\x2b\xd2\xfb\xaa\x32\xcc\x0a\xd8\
\x75\x4b\x40\xd5\x73\xcf\xb4\xfb\x69\xe6\x02\x60\xa1\xf5\xe7\x2b\
\x08\x99\xe8\xa5\x94\x1b\x36\x24\xfe\xfa\xf5\xd1\x1f\x27\x8e\xfe\
\xc4\x75\x5c\x3f\x8c\xa2\xbe\x2d\xfe\xa3\x38\x96\x23\x47\x03\x35\
\x3f\x4d\xaa\xef\xb9\x77\x8b\x3e\xfd\xb9\xaf\xe8\x53\x9f\xfd\xb2\
\xee\xbf\x7f\x6b\x9a\x6a\x8f\x8d\x8d\xee\x2c\xfa\x99\xdc\x0f\x00\
\x00\xf0\xeb\x3c\x2b\xee\x5d\x37\x5d\x34\x99\x9b\x6b\x68\xd9\xb2\
\x09\x1d\x71\xd8\x13\xf5\xc6\xd7\xbf\x52\x47\x1c\xfe\x44\x8d\x8f\
\x8e\x28\x4a\xa4\x66\xb3\xd5\xb7\x73\x02\xba\xf7\x89\xed\x7a\xd5\
\xaf\xc6\xd2\x37\xda\x61\xf8\x37\x03\x95\xca\x37\x7b\x9d\xb5\x59\
\x5f\x1f\xfa\x43\xff\xbd\x72\x90\x89\x5e\x3a\x69\x7b\x96\xda\x51\
\xfc\xd5\xaa\xe7\x9e\xd1\x6d\xf9\xb7\x6e\x00\xa7\x9f\x0b\x7f\x7b\
\xab\xfe\xe6\x4d\x1b\xf5\xc1\x7f\xf8\x54\xba\xb7\xdf\x06\xfa\xa5\
\xfb\xfa\xab\x15\x56\xfb\x01\x00\x00\xf6\xa3\x2b\x20\x0c\x43\xcd\
\xcc\xcc\xaa\x3e\x50\xd7\xaa\x95\xcb\xd3\x39\x01\xe7\xbf\xe2\x45\
\x5a\xb9\x7c\xbc\xef\x83\x00\xdb\x12\x30\x50\xab\x78\x51\x1c\x47\
\xcd\x20\x3e\x8b\xb9\x00\x58\x48\xfd\xf7\x8a\xc1\x92\x4b\x92\xa4\
\x62\x03\x4c\x76\xd9\xef\x6f\x29\xa5\xa5\x95\xea\xe7\xc2\xff\x1b\
\x37\x6d\xd4\x87\x2f\xf9\x94\x6e\xba\x79\x93\xe2\x24\xd6\xd0\xe0\
\x80\x7c\xdf\xef\x1e\xdb\xc7\xfb\x33\x00\x00\xc0\xfe\xb2\x02\xdf\
\xee\xa9\xac\xfd\x7f\x7a\x66\x56\x8f\x7e\xd4\x21\x7a\xd5\xcb\x5f\
\xa8\xf3\x5e\x7e\x6e\xdf\x07\x01\x49\x92\x84\xbe\xe7\xf9\x71\x12\
\xef\x7a\x54\x60\x7a\xb4\x76\xd6\xd7\x87\xe2\xea\xaf\x57\x0a\x96\
\x5c\x92\x24\x35\xc7\x71\x5a\xcd\x66\xf0\x4c\xcf\x77\xaf\xf6\x3d\
\xd7\x6d\xb4\x82\xa8\xdf\xa6\xfc\xef\xa9\xf0\x1f\x1d\x19\x4e\x3f\
\x78\x58\xed\x07\x00\x00\x58\x58\x76\x8f\x65\x45\xbe\x15\xfb\xd3\
\x33\x33\xa5\x09\x02\x92\xce\x6a\x52\x67\x2e\x40\x10\x5d\x53\xad\
\x78\x67\xd9\x3f\x77\x87\x6a\x33\x1c\x10\xfb\xa5\x7f\x5e\x21\xc8\
\x74\xd8\x5f\xcd\x77\xae\xb2\x83\x4c\xa2\x28\x8e\xfb\x69\xbf\x3f\
\x85\x3f\x00\x00\x40\x3e\x94\x31\x08\xe8\x76\x94\xb6\xea\x55\xbf\
\x16\x44\xf1\x35\xef\x7a\x87\x7b\xe6\x5f\xfc\x05\xc3\x01\xb1\xff\
\xfa\xe3\x95\x81\x25\xd5\x6b\x3d\xb2\xa1\x7f\x41\xd0\x1d\xf6\xe7\
\xba\x7e\x18\x46\x56\xfc\xdb\xfe\xa4\xc2\xa3\xf0\x07\x00\x00\xc8\
\xa7\x32\x06\x01\x76\x18\x42\xad\xe2\x55\xa2\x38\xfe\x66\x10\xc7\
\x7f\xdd\x1d\x0e\x98\x6e\xc3\xcd\xfa\xc2\x50\x2c\x7d\xf3\x8a\xc0\
\xd2\xe8\x0e\x20\x31\x4e\x3b\x88\xae\xaa\x56\xbc\xbe\x1a\xf6\x67\
\xfb\xcc\xec\x65\x41\xe1\x0f\x00\x00\x90\x6f\x65\x0b\x02\x7a\xc3\
\x01\x43\x9b\x0e\x18\xc6\xcf\xae\xd7\x2b\xd7\x12\x02\x60\x5f\x15\
\xff\x95\x80\x25\x63\x2b\xfe\xf6\xde\xf3\x65\xc9\x39\xeb\x81\xe2\
\xbf\x25\xc9\xe6\x00\xa8\xe8\xed\x55\x61\x14\x69\x78\xa0\xd6\x2d\
\xfc\xbf\xad\x0f\x5f\xf2\x69\x0a\x7f\x00\x00\x80\x82\x06\x01\xaf\
\x7a\xf9\xb9\x5a\xb5\x7c\x5c\xad\x20\x4a\xef\xe1\xec\xd7\xf4\xc3\
\x70\x40\xcf\x73\x5d\x47\x4a\x5a\xe1\xce\x13\x02\xd2\x99\x5c\x59\
\x5f\x1b\x8a\xa1\xd8\x55\x1b\x96\x4c\x6f\x9f\xd1\xff\xfd\xbf\x89\
\xfb\xc7\x7f\x1a\x7f\xb5\xd2\x39\xe6\x2f\x70\x1c\xa7\xa2\x82\x17\
\xfe\xf6\x81\x50\xad\x56\x55\xf1\x1c\x6d\xf8\xd6\xed\x7a\xdf\x07\
\x3f\x9a\xfe\x68\xdd\x00\x14\xfe\x00\x00\x00\xc5\x0c\x02\x7e\xe3\
\x51\x87\xe8\xe5\x2f\x7d\x81\xde\xf6\xa6\xd7\xa8\x56\xf1\xd4\x68\
\x75\x16\xca\xed\x98\xc1\x22\x4b\x92\x24\xf6\x3c\x57\xae\xa3\xb8\
\x19\xc4\xcf\xe1\x98\x40\xec\x0b\x02\x00\xec\xd3\x31\x7f\x15\xd7\
\xfd\x43\xcf\x75\x9f\xda\x0a\x22\x7b\x07\x2d\x74\xf1\xdf\x4b\x82\
\xed\x03\xe1\xbe\x2d\x93\xfa\xc4\xa7\x2f\x4b\x8b\xff\xc9\x1d\x53\
\x5a\x36\x31\x96\xbe\x3c\x28\xfc\x01\x00\x00\x8a\x19\x04\xb4\xdb\
\x6d\x6d\xd9\xb2\x4d\x67\x9c\x7e\xaa\xde\xf8\x86\x57\xea\xa9\x27\
\x1f\x97\x16\x3f\x33\x8d\x96\xfc\x82\x6f\x0b\xb0\x10\xc0\xf7\x3d\
\x37\x8e\x39\x26\x10\xfb\xa6\xb8\xcf\x7a\x2c\x69\xf1\xdf\x4f\xc7\
\xfc\xd9\xaa\xbf\x0d\x54\xb5\x7d\xfe\xd6\x12\xf6\x9e\x8b\x2f\xd5\
\xa7\x3e\xfb\x25\xfd\xfc\xe7\xbf\xd2\xc4\xc4\x58\xfa\x81\x41\xe1\
\x0f\x00\x00\x50\x6c\x56\xe0\xfb\xbe\xaf\xc9\xc9\x1d\xb2\x39\xd5\
\x27\x9f\xb8\x56\x6f\xbe\xe0\x3c\x9d\x7c\xc2\xb1\x0a\xa2\x44\x41\
\x18\xca\x2b\x70\x37\xc0\xc3\x1c\x13\x68\x7f\x77\x42\x00\xec\x16\
\x01\x00\xf6\x5c\xfc\x07\xc9\x33\x3d\x27\xfe\x6a\x22\x15\xfa\x98\
\xbf\x5e\xbb\x7f\xad\x56\x4d\x9f\xf8\x1b\x6e\xb9\x4d\x17\x7f\xe8\
\xe3\xba\xe6\xba\x1b\xb5\x62\xc5\xb2\x74\x1b\x80\xfd\xfb\xee\x71\
\x2b\x00\x00\x00\xe8\x03\xd6\x2e\x6f\xb6\x6d\xdf\xa1\xf1\xb1\xd1\
\x34\x04\x78\xd5\xcb\x5f\xa4\x95\xcb\xc7\xd4\x6c\x87\x8a\x93\xa4\
\xb0\x41\xc0\xfc\x63\x02\x09\x01\xb0\x37\x08\x00\xb0\x2f\xc5\xbf\
\xbd\x91\xb8\x45\x6f\xf7\xdf\xb2\x75\x52\x6f\x7e\xfb\x5f\xe8\x8a\
\xab\xae\x93\xeb\x79\xe9\x07\x41\x18\x86\x14\xfe\x00\x00\x00\x7d\
\xac\xd7\xe5\x69\xdb\x3d\xd7\xac\x5e\xa5\x0f\x5c\xf4\x97\x7a\xf6\
\xe9\xa7\xa4\xff\xce\xb6\x05\x54\xfc\x42\xae\x71\xa5\x92\x24\x09\
\xea\x55\xbf\x42\x08\x80\x3d\x21\x00\x40\xdf\x17\xff\x41\x10\x6a\
\x78\xb0\xf6\x40\xbb\xff\x67\xbe\xa4\xbb\xef\xb9\x4f\xc3\xc3\x43\
\x0c\xf8\x03\x00\x00\x28\xe5\xa0\xc0\x66\x7a\x8f\x78\xe2\xf1\xc7\
\xea\x2d\x17\x9e\x9f\x6e\x0b\x48\xbb\x01\xe2\xb8\xb0\xa7\x05\x10\
\x02\x60\x6f\x10\x00\xa0\x6f\x8b\x7f\x2b\xec\x6d\xca\x6b\xbd\xea\
\xeb\xe6\x6f\x7f\x47\x7f\xf7\xbe\x4b\x74\xed\xf5\x37\xa5\xed\xfe\
\xb6\x1f\xcc\xde\xe0\x01\x00\x00\x50\xce\x20\xc0\xbe\x6c\x3e\xc0\
\xd8\xd8\xa8\xde\xf8\xfa\x57\xe9\xad\xdd\xd3\x02\x66\xe6\x5a\xaa\
\x54\x8a\xd9\x0d\x40\x08\x80\x3d\x21\x00\x40\x5f\x16\xff\xf3\x57\
\xfd\x2f\xba\xf8\x52\xbd\xff\xc3\x1f\xd7\x8e\xa9\x69\xad\x58\x3e\
\x91\xfe\x3b\xda\xfd\x01\x00\x00\x60\xab\xfd\xb6\x28\x74\xef\xbd\
\xf7\xeb\x99\xcf\x38\x45\xbf\xff\xe6\xd7\xea\xa4\xe3\x8f\x29\x74\
\x37\x00\x21\x00\x1e\x0e\x01\x00\xfa\xaa\xf8\x7f\xa8\x55\xff\xd5\
\xab\x57\xa6\xdf\xa7\xdd\x1f\x00\x00\x00\xbb\xaa\x56\x2b\xda\xb2\
\x75\xbb\xc6\x46\x47\xfa\xa2\x1b\x80\x10\x00\x0f\x85\x00\x00\x7d\
\x53\xfc\x87\x51\xa4\xa1\x7a\x75\xb7\xab\xfe\xed\x76\x90\xf5\xe5\
\x01\x00\x00\xa0\xa0\xdd\x00\x56\x3d\xbb\x4e\xb1\x4a\x27\x42\x00\
\xec\x4e\xb1\x9e\xc5\x58\x70\xfd\x50\xfc\x5b\x3b\xbf\x7d\x0d\xd4\
\x2a\xba\x65\xe3\x77\xf4\xb7\xef\x65\xd5\x1f\x00\x00\x00\x0b\xd0\
\x0d\xf0\x86\x57\xe9\xcd\x17\x9c\xaf\x5a\xad\xa2\x66\xb3\x5d\xb8\
\x2d\x01\x84\x00\xd8\x15\x01\x40\x89\xf5\x43\xf1\xdf\x69\xf9\x77\
\x54\xaf\x56\xf4\xb5\xeb\x37\xe8\x65\xe7\xbd\x59\xed\x76\x5b\xcb\
\x96\x8d\xb3\xea\x0f\x00\x00\x80\xfd\x62\x85\x7e\x12\x27\xba\xfb\
\xae\xbb\x75\xee\xb9\x67\xeb\x43\xef\x7b\xa7\x96\x8d\x8f\x6a\xb6\
\xd1\x4a\xff\x9d\x0d\x10\x2c\x78\x08\x90\x38\x8e\xc3\x50\xac\x12\
\x2a\xce\x33\x17\x0b\x2a\x49\x12\xcf\x71\x9c\x68\xa6\x19\x9c\x51\
\xf3\xdd\xab\x8a\x58\xfc\xf7\x5a\xfe\x83\x30\xd2\xcb\x5f\xfd\x16\
\x7d\xf5\x9a\x6f\x6a\x78\x70\x50\x7e\xc5\x53\x18\xb2\xea\x0f\x00\
\x00\x80\xfd\x67\x45\xbe\xef\x7b\x9a\x9e\x9e\x4d\xbb\x01\x2e\xf9\
\xd0\x5f\xeb\x19\x4f\x3d\xbe\x90\x5b\x02\xe6\x87\x00\xb7\xdd\xea\
\x3d\xe7\xa4\x93\xd2\x6f\x47\x84\x00\xe5\x53\x9c\x67\x2d\x16\x4c\
\x92\x24\xbe\xe3\x38\xe1\x5c\x3b\x39\xae\xe2\x46\x37\x27\x89\xe3\
\x44\x71\x71\x8a\xff\x07\xb7\xfc\x7f\x57\x7f\xf3\xde\x7f\xd0\x8d\
\x1b\x36\x6a\xf9\xb2\x89\x74\xdf\x16\x13\xfe\x01\x00\x00\xb0\x50\
\x6c\xc5\x7f\x6e\xae\xa1\x81\x81\xba\x2e\xfc\xbd\x57\xea\xcd\x17\
\x16\x73\x4b\x40\x2f\x04\x68\x06\xd1\xd5\x03\x55\xff\xcc\x5e\x37\
\x70\xd6\xd7\x85\xa5\x45\x00\x50\x32\x49\x92\xf4\x8a\x7c\xa7\x1d\
\xc5\x1b\x2a\x9e\x7b\x7c\xb3\x1d\x86\xae\xe3\xf8\x45\x6e\xf9\x1f\
\x1f\x1f\x53\x18\x86\x59\x5f\x1e\x00\x00\x00\xfa\x90\xcd\x95\xb2\
\x45\xa6\x7b\xee\xba\xa7\xd0\x5b\x02\xac\xe0\xaf\xfa\x6e\x65\xae\
\x15\x9e\x39\x54\xaf\x5c\x4d\x08\x50\x3e\xc5\x78\xa6\x62\x41\x8b\
\xff\x2f\x4b\xce\x59\x41\x74\x55\xb5\xe2\x9d\xd1\x6c\x87\xd6\xfa\
\x53\x88\xe8\x92\x96\x7f\x00\x00\x00\xe4\x71\x4b\x40\xef\xdf\xe7\
\x5d\x62\xfb\x80\x3d\x37\xb2\x4b\x6d\x05\xf1\x73\x86\xeb\x95\x6b\
\x08\x01\xca\x25\xff\xcf\x52\x2c\x88\xc4\xfa\xfc\x1d\x27\x7d\xcd\
\xb7\xbb\xc5\x7f\x2b\x88\xec\x85\x5e\x51\xce\x59\xda\x1a\x84\xa1\
\x46\x06\xeb\xba\xe5\xd6\xef\xea\x6f\x2e\xa2\xe5\x1f\x00\x00\x00\
\x79\xd9\x12\xf0\x6a\xf9\xbe\x9b\x0e\xa0\xf6\xfd\xfc\x37\xd5\xc6\
\x71\x9c\xf8\xbe\x97\x38\x4a\x92\x56\x98\x9c\xd5\x0d\x01\xd2\xf9\
\x60\x59\x5f\x1b\x16\x1f\x01\x40\x49\x8a\x7f\x49\xf6\x6e\x54\x6d\
\x07\xd1\x65\xdd\x95\xff\xc0\x71\x9c\x42\x14\xff\xa6\x5e\xf5\x75\
\xfd\x37\xbf\xad\x17\xbd\xec\x0d\x0a\x82\x80\x96\x7f\x00\x00\x00\
\x64\xbf\x25\xe0\xee\x7b\xf5\x82\xe7\x9f\xa9\xcf\x7d\xe2\xfd\xf2\
\x3d\x57\xb3\xcd\xb6\xfc\x02\xcc\x05\x48\x92\x24\xf6\x3c\x6b\x0e\
\x4e\x92\x38\xf1\xce\xaa\xf9\xba\xae\xd3\xc4\x40\x08\xd0\xef\x0a\
\x31\xf4\x0d\x07\xac\x6a\x6d\x3d\x8d\x20\xfa\xfd\x6e\xf1\xdf\x2a\
\x42\xf1\x6f\xab\xfb\xe9\x11\x2c\x49\xa2\xff\xf7\x77\x7f\xaf\x57\
\xbd\xf6\x6d\xe9\x3f\x53\xfc\x03\x00\x00\x20\xeb\xfb\x54\xf3\xc8\
\x47\x1d\xa2\xaf\x7e\xed\x1b\x3a\xeb\x05\xe7\xa7\x9d\xaa\xb6\x5d\
\xb5\x08\xf7\xa9\x36\xfc\xdb\xb6\xd0\x7a\xae\xe7\x39\x8a\xbe\x74\
\xd7\x5d\xaa\x5b\xf1\x3f\x6f\x5e\x18\xfa\x14\x1d\x00\x7d\xae\xb7\
\xa7\xa7\x7b\xdc\xdf\x65\x49\xa2\x6a\x14\xc7\x76\x0a\x80\x93\xf7\
\x61\x7f\xb5\x5a\x55\x51\x18\xea\xa5\xe7\xbf\x45\x5f\xfa\xd2\x55\
\x5a\x73\xd0\x6a\xd9\x55\xc7\x31\x2d\xff\x79\x95\xf3\xa7\x15\x00\
\x00\x85\xc4\x76\xc7\x7c\xb3\xb6\xff\xc9\xc9\x1d\xaa\x54\x2a\xfa\
\xe2\x67\x3e\xa4\xd3\x4e\x3d\x5e\x73\xad\x20\x3d\x26\x30\xef\xf7\
\x46\x49\x92\x44\x15\xdf\x77\xa2\x28\xba\xb6\x5a\xf1\x9e\x63\xdf\
\xb2\x2f\x8e\x07\xec\x5f\xf9\x7e\x46\xe2\x80\xf4\xf6\xf2\x74\x8b\
\xff\xab\x24\xc7\x0b\xc2\x28\x71\x73\x7e\x68\xa9\x1d\x49\x38\x58\
\xab\x68\xdb\xe4\x94\x5e\xff\xe6\x3f\xd1\xe5\x57\x5c\xab\x83\x0e\
\x5a\x95\xee\xab\xe2\x03\x30\x1b\xbb\x7e\x78\xed\xfe\xc8\x9b\x44\
\xad\x56\x3b\xfd\xd4\xc8\xf5\x13\x0c\x00\x80\x02\xb1\xcf\x55\x6b\
\x29\xaf\x54\x7c\xed\x7a\x1b\x94\xc4\xb1\xe2\x79\xdf\xe4\x3e\x29\
\xdb\x10\xc0\x4e\xa6\x8a\xa2\x58\x9f\xfa\xe8\x45\x7a\xd6\x33\x4e\
\x49\x87\x03\xda\x7f\x11\xb7\x00\x21\x40\xbd\xea\xdb\x9c\xb0\x6b\
\x6e\xbb\xd5\x7b\xce\x49\x27\xa5\xdf\xb6\x41\xe1\x3c\xa1\xfa\x50\
\xbe\x9f\x8d\xd8\x6f\x49\x92\xd8\x2a\x7f\x38\xd7\x4e\x8e\xab\xb8\
\xd1\xcd\x36\x03\xd0\x0a\x6b\x6b\xf7\x51\x8e\x59\xcb\xd4\xd0\x40\
\x4d\x37\xdc\xb8\x51\xaf\x7e\xfd\xdb\x35\x35\x35\xad\xa1\xa1\xc1\
\xb4\x23\x00\x4b\x55\xe8\x27\x72\x1d\x57\x8e\xeb\xee\xb6\xb0\xb7\
\x9b\x8b\xa9\xe9\x99\xf4\x47\xa7\xfb\x16\x92\xd8\xff\xc7\x75\xf5\
\x88\x83\xd7\xa4\x3f\x02\x00\x80\x05\x60\x9f\xb5\x8e\xa3\xc9\x1d\
\x53\xda\xb6\x7d\xb2\x13\xc0\x77\x4b\x32\xfb\xec\xad\xd7\x6a\xe9\
\x20\xba\x5e\x08\xb0\x6b\x50\x30\xff\xfe\x89\x70\x60\xf1\xd9\x3d\
\x90\x05\x00\xb3\x73\x73\x3a\xf3\x8c\xa7\xe9\x13\x97\xbc\x47\x8e\
\xeb\xa4\xdf\xcb\xfb\xfd\x51\x92\x24\x41\xbd\xea\x57\x9a\x41\x74\
\xf5\x40\xd5\x3f\x93\x93\x01\xfa\x17\x01\x40\xbf\x4f\xfc\x8f\xa2\
\x0d\x15\xcf\x3b\xbe\xd9\x0e\x43\xd7\x71\xfc\x5c\x4f\xfa\x0f\x42\
\x8d\x0c\xd5\x75\xc3\x8d\x36\xec\xef\x82\xf4\xd9\x39\x50\xaf\x53\
\xfc\x2f\xf2\xaa\xbe\x0d\x80\xb1\x9f\xdb\xe3\x6f\x7b\xc1\x5c\xd7\
\x51\xa3\xd1\x54\xb3\xd5\x4a\xff\x7d\xaf\xb0\xb7\x9b\x8e\x38\x8a\
\x54\xad\xd5\xf4\xbb\x2f\x7c\x8e\x6a\xd5\xaa\xe2\x24\x4e\x43\x00\
\xfb\xd1\xfe\xd9\xbe\x6f\xff\xde\xf6\xc5\xf1\xe6\x02\x00\xc0\x81\
\xb1\xcf\xd7\x8a\xef\xeb\xbb\x9b\xff\x49\xb7\x6d\xba\x43\x83\x83\
\x03\x9d\x13\x90\xe2\x44\x15\xdf\xeb\x7c\xff\xf6\xcd\x69\x08\x60\
\x55\xff\xce\xa0\xc0\xf5\xd2\xfb\xa8\xd1\x91\xe1\x9d\x9f\xf7\xb6\
\xb5\xd2\xbe\x39\xff\x04\x25\x42\x81\x85\x67\x8f\xb7\xdd\x3b\xdd\
\x7f\xff\x56\x9d\x7d\xd6\xe9\xfa\xcc\xc7\xdf\x97\x86\x36\x76\xa2\
\x55\xde\x4f\x08\xb0\x82\xbf\xea\xbb\x95\xb9\x56\x78\xe6\x50\xbd\
\x72\x35\x27\x03\xf4\x27\xee\xd1\xcb\x31\xf1\xdf\x5a\x78\xbc\x62\
\x4c\xfa\xff\x96\x7e\xf7\xe5\x17\xa6\x67\xac\xda\x3e\x2a\x8a\xff\
\x85\xfd\x40\xb2\x2f\x2b\xf8\xad\xd8\xb7\xc7\xd6\x1e\x7b\x3b\xcb\
\x36\x8c\x42\x2d\x9b\x18\x4f\xbf\x66\x66\xe7\xb4\x7e\xed\x91\x3a\
\xfa\xc8\x27\xab\xd5\x0e\xd2\x10\x66\x67\x61\x1f\x45\x69\x10\x30\
\x31\x36\xbc\xdb\x3f\x23\x4a\xd2\xfb\x0f\x00\x00\xb0\x00\xac\x76\
\xb7\xcf\x55\xff\x21\x16\x8f\xc3\x58\x69\xc1\x6f\x2d\xe6\x76\xef\
\xd4\x0b\x0a\x86\x87\x86\xd4\x68\x36\xf5\xf9\xcb\xae\x4c\xdb\xd2\
\xcd\xaf\xee\xbc\x5b\x71\x14\xab\x3e\x50\x4b\x3f\xdb\xed\x1e\xa0\
\x17\x0a\xf4\xee\xb7\x08\x04\x16\x8e\xdd\xc7\xde\x7b\xdf\xfd\x7a\
\xce\x99\xcf\xd0\xe7\x0b\x72\x42\x40\xba\x7a\xe8\xb9\x91\x15\x13\
\xad\x30\x3e\x7b\xa8\xe6\x5f\xcb\xc9\x00\xfd\x87\x00\xa0\xcf\xfc\
\x2c\xf9\x59\xed\x71\xce\xe3\x5a\x73\xed\xf0\xff\x0e\x54\xbc\x3f\
\x6f\x05\x91\x2d\xe3\xd6\x94\x53\x96\x42\x5b\x1a\x6a\x2b\xcf\xef\
\xfb\xc0\x47\xf4\x81\xbf\xff\x44\xfa\x41\x55\xb5\xd5\xe5\xee\x74\
\x55\xec\xff\x8b\xdb\xda\xf8\x7b\x05\xbf\x3d\x9e\xcd\x66\x4b\xb3\
\xb3\x73\x5a\xb6\x7c\x42\x63\x23\xc3\xaa\x54\x2b\x7a\xc9\xb9\xe7\
\xa4\xad\x69\xc7\x1e\x73\xb8\x8e\x39\xf2\xc9\x6a\xb6\xda\x5a\xbe\
\x7c\xd9\x83\x6e\x36\x7a\x85\x7d\x67\x83\x80\xd2\x2d\x01\x3b\x7b\
\x10\xf7\x38\x1b\x00\x00\x00\x1c\x08\x6b\xf1\xb7\xfd\xfe\xbb\xb2\
\x7b\x28\x2b\xfc\xed\x23\x39\x9d\x15\xb0\x4b\x50\xb0\x6d\x72\x3a\
\xfd\xd1\xee\xad\x3e\xfb\xc5\x2b\x14\x47\xa1\xee\xf8\xc1\x4f\xd2\
\x90\xa0\x5e\xaf\xe9\x97\xbf\xba\x2b\x2d\xfa\x7b\x9d\x02\xf3\x03\
\x01\xc2\x80\x03\x67\xdb\x31\xb6\x6c\xd9\xae\x53\x4e\x5a\xaf\xb7\
\xbf\xed\x75\x3a\x71\xfd\xd1\x9a\x6d\xb4\x3b\xff\xcd\x72\x7c\x3c\
\x60\xb5\xe2\xbb\x61\x14\xce\x6d\xb9\xcf\x5f\xf9\x88\x47\x38\x73\
\x76\x32\x80\xe3\x38\xdc\x98\xf7\x09\x02\x80\xfe\x1d\xfa\x97\xfb\
\x89\xff\x9d\x63\xfe\xdc\xb4\xb2\x64\xd2\xff\xc2\xe8\xac\xf0\xdb\
\x8d\x40\xa2\x76\x10\xec\x2c\xf8\x57\xac\x58\xa6\x6a\xa5\xa2\x75\
\xeb\x8e\xd2\x13\x7f\xfb\x71\x3a\xea\xa8\xa7\xe8\x98\x23\x9f\xa2\
\x28\x4e\xb4\x7c\x62\xf4\x41\x2b\x09\xf6\xf8\x5b\x20\x33\xff\x08\
\x9b\x5d\x0b\xfb\x9c\x3e\xa5\x00\x00\x28\x9d\xf9\x85\xfa\x83\x83\
\x82\x5e\x41\xdf\xf9\x6c\xf7\xba\x1f\xdd\x61\x9c\x68\x72\x72\x2a\
\xfd\x9c\xff\xc2\x97\xbf\xaa\xe9\xa9\x69\x7d\xf1\x2b\x57\xab\xd1\
\x68\xe8\xae\xbb\xef\xdd\x19\x08\xd8\x0a\xb6\x15\xaa\xb6\x48\x60\
\xbf\x27\x77\x66\x0b\x71\x42\xc0\x87\x75\xda\xa9\xc7\x69\xb6\xd1\
\xca\xf5\x76\x80\x5d\x4e\x06\x38\xbb\xfb\x6d\x86\x02\xf6\x09\xee\
\xe2\xfb\x75\xe8\x9f\x1c\x2f\x0c\xe3\xdc\x4e\xfc\x7f\xa0\xf8\x97\
\x5e\x7a\xde\x9b\x74\xc5\x57\xaf\xd7\x41\x6b\x98\xf4\xbf\x3f\xac\
\x18\xb7\x76\xb2\x30\x8a\x14\x04\x41\x3a\xa0\xcf\xf6\xfe\x4d\x4c\
\x8c\xe9\x84\xe3\x8f\xd5\xe3\xff\xf7\x6f\xea\xe8\xa3\x0e\xd3\x51\
\x87\x3f\x51\xc3\x23\x23\xaa\x76\x97\x07\xac\xd8\x37\x9d\x01\x7f\
\x89\x3c\xb7\x33\x0b\xa0\xf7\x7b\x02\x00\x80\x62\x9b\x7f\x4f\x95\
\x16\xf2\xb2\xd9\x01\xdd\xae\x01\x0b\xf8\xbb\x1f\xf7\x93\x53\xb3\
\x69\x00\x60\x41\x80\x0d\x60\xfe\xd2\x57\xae\x4e\xdb\xd7\xb7\x4f\
\x4e\x69\x68\x70\x20\xed\x16\xb0\x85\x04\xfb\xff\xdb\xef\x83\xfd\
\x3b\x21\xc0\x16\x58\xbe\xf0\xe9\x0f\xa6\xc7\x04\x16\x21\x04\xb0\
\x93\x01\x9a\xed\xe8\xea\x81\x5a\x3a\x14\x30\xad\x35\xb2\xbe\x2e\
\x1c\x38\xee\xf2\xfb\x67\xdf\x7f\xfa\x4e\xde\x0e\xa3\x9b\x2a\x7e\
\xbe\x87\xfe\xed\xae\xf8\x5f\xbd\x6a\x65\x5a\xbc\x62\x7f\x8a\xfe\
\x50\x3b\x76\x4c\x69\x74\x74\x44\x6b\x56\xaf\xd4\x0b\x9e\xf7\x6c\
\x8d\x8d\x8e\xe8\xf9\xe7\x3c\x4b\x6b\xd6\xac\xdc\xf9\xe1\x6e\x6d\
\xfc\xf6\xc1\x63\xbf\xbe\x37\xf8\xaf\xf7\x7b\x01\x00\x80\xf2\x05\
\x03\x9d\xbd\xff\x9d\x4e\x81\xf9\x5d\x02\x53\xd3\xb3\xba\xed\x3b\
\xdf\xd7\x1d\x77\xfc\x50\x3f\xf9\xd7\x7f\xd7\xb7\xbf\x7d\xbb\xb6\
\x6d\xdf\x91\x06\x07\x36\x70\x90\x30\x60\xdf\xd9\x60\x40\xeb\xba\
\x28\x52\x08\xc0\x50\xc0\xfe\xc4\x9d\x7f\x1f\xe8\x25\x72\x8d\x56\
\xf8\xd5\x7a\xd5\x7b\x76\xa3\x1d\x46\x6e\x4e\x87\xfe\x51\xfc\x2f\
\x7c\xd1\x7f\xd0\x41\xab\x74\xd6\x19\x4f\xd7\x49\x27\xad\xd3\xd1\
\x47\x3c\x59\x63\x23\x43\xe9\xaf\xb7\x8f\xe4\x76\x3b\x4a\x07\xfc\
\xf5\x56\xf7\x29\xf6\x01\x00\xc0\xc3\x06\x02\x36\x0b\xa0\x5a\xdd\
\x39\x4f\xc0\x16\x10\x6c\x6b\xc0\xe5\x57\x5e\xab\x8d\xb7\x7d\x2f\
\x3d\x75\x60\xdb\xb6\x49\xc2\x80\x12\x84\x00\x36\x14\xd0\x75\xdd\
\xc8\x75\xa4\x20\x76\x4f\x1e\xac\x3a\x1b\xe9\x04\x28\x3e\xaa\x81\
\x82\xeb\x25\x71\xb3\xcd\xe0\xd9\x83\x35\xff\xab\xed\x30\x0a\x93\
\x24\x3d\x05\x20\x77\x28\xfe\xf7\x4f\x5a\xbc\xbb\xae\x5a\xad\x96\
\xb6\x4f\xee\xd0\xd8\xe8\xe8\x83\x8b\xfe\xc3\x9f\xa4\xb1\xd1\xce\
\x54\xfe\x20\xea\xec\xfd\xb7\x19\x00\xb6\x6f\x9f\x82\x1f\x00\x00\
\xec\x4f\x20\x60\x5f\x91\x0d\x6b\xf6\x7c\x55\x2a\x5e\xda\x1d\x60\
\x25\xfe\x9d\x77\xfd\x7a\x18\xe0\xf9\x5e\x3a\x37\xc0\x0a\x5c\x06\
\x08\xf6\x5d\x08\x10\xd6\xaa\xbe\x1f\x84\xd1\xb7\xab\xbe\x77\x4a\
\xf7\xdb\xcc\x03\x28\x30\xaa\x83\xbe\xd9\xf7\x1f\x6f\xb0\xb9\x79\
\x71\x1c\x5b\x20\x90\xbb\xff\xae\x14\xff\xfb\x37\xcc\xcf\x1e\xb7\
\xe9\xe9\x99\x74\x9f\xfe\xff\x7a\xec\x6f\xe8\x9c\xb3\x4e\xd7\x89\
\x27\xac\xd5\xd1\x47\xcc\x2b\xfa\xe3\x44\xed\x56\xd0\x3d\x77\x96\
\x55\x7e\x00\x00\xb0\xb0\xd2\x30\xa0\x7b\x14\xb0\x4d\xb6\xdf\x35\
\x0c\xb8\x75\xd3\x1d\xba\xee\x86\x0d\xe9\xfd\xca\xd8\xd8\x88\x6a\
\xb5\x5a\x3a\x38\xd0\x02\x04\x14\x3f\x04\x88\x93\x24\x1a\x60\x1e\
\x40\xdf\xa0\x52\xe8\xa3\x7d\xff\xad\x76\x18\x3a\x39\xdc\xf7\x4f\
\xf1\xbf\xaf\x85\xbf\xad\xf6\xb7\xb5\x63\xc7\x74\xba\x27\xef\xf4\
\xd3\x4e\xd6\xba\x63\x8f\xd0\x0b\x9f\x7f\x96\x0e\x5a\xb5\x3c\xfd\
\x75\x14\xfd\x00\x00\x20\x2f\x61\x80\x2d\x05\x7f\xfd\xc6\x8d\xfa\
\xf6\xad\xdf\xd1\xe5\x57\x5e\xa7\xff\xf8\xcf\x9f\xa7\xf7\x30\x23\
\xdd\xe3\x05\x3b\xb3\x06\x50\xe4\x10\xc0\x71\x14\x56\x7d\xcf\x67\
\x1e\x40\xf1\x51\x35\x14\x54\x51\xf6\xfd\x53\xfc\xef\x9d\xde\x6a\
\xbf\x3d\x2e\xd3\xd3\xb3\x3a\xf4\xd0\x47\xeb\xb9\xcf\x39\x5d\xc7\
\xaf\x3f\x46\x4f\x3f\xf5\xb8\xf4\x85\x6a\x53\xfb\x6d\x1b\x80\x6d\
\x07\xb0\xc3\x1d\x28\xfa\x01\x00\x40\xf6\x61\x40\xe7\x5e\xaf\x5e\
\xed\x14\xae\x77\xdf\xb7\x55\x97\x7d\xf9\xaa\x74\x7b\x80\x75\x05\
\x58\x38\x60\x27\x09\x58\x61\x6b\xf7\x3a\x6c\x0f\x28\x66\x08\xc0\
\x3c\x80\xfe\x41\x05\x51\x40\x45\xd9\xf7\x4f\xf1\xbf\x77\x85\xbf\
\x7d\x10\xda\x40\x3f\x1b\xa4\xb3\x72\xe5\x72\xbd\xfc\xc5\xcf\xd7\
\xab\x5e\x71\xae\x56\x2d\x1f\x4f\x7f\x4d\xb3\x1d\xee\xfc\x70\xa5\
\xe8\x07\x00\x00\x79\x94\x1e\x33\x98\xc4\x69\xfb\xbf\x0d\x10\x8c\
\x93\x44\x37\x6e\xb8\x55\x1f\xfc\x87\x4f\x69\xf3\x0f\x7e\xac\x6d\
\xdb\xb6\x6b\x30\x3d\x52\xb0\xce\x9c\x80\xe2\x86\x00\xcc\x03\xe8\
\x03\x54\x13\x05\x2d\xfe\xf3\xbe\xef\x9f\xe2\x7f\xef\x0a\xff\xa9\
\xe9\x19\xb9\x8e\xab\x93\x4f\x5c\xab\x37\xbe\xfe\x15\x3a\xe2\xf0\
\x27\x69\x7c\x74\x24\x9d\xb8\xdb\x6c\xb6\xe4\x38\x6e\xe7\x71\x04\
\x00\x00\x28\x60\x57\x80\x4d\x01\xb8\xe7\x9e\x2d\xfa\xec\x17\x2e\
\xd7\x47\x3f\xf9\x05\xfd\xe2\x7f\x7e\xa5\x91\xe1\x61\xd5\xeb\x35\
\x82\x80\x02\x86\x00\x3b\xe7\x01\x04\xd1\xd5\x03\xd5\x74\x1e\x00\
\x5b\x01\x0a\x26\x57\x45\x23\xf6\x6a\xdf\xbf\xbd\x13\x54\xdb\x61\
\x74\x5d\x5e\xf7\xfd\xdb\x1b\xb9\x1d\x57\x17\xc7\x91\x5e\x7a\xde\
\x9b\x29\xfe\x1f\xa6\xf0\x3f\xe5\xa4\xb5\x7a\xfd\x6b\x5f\xae\xa7\
\x9d\xd2\x69\xf3\xb7\x29\xfe\xf6\x38\xd9\x07\x41\xce\x32\x1d\x00\
\x00\x80\x7d\x62\x41\x80\xcd\x2a\xaa\x56\x7d\xd9\x72\xc6\xfd\x5b\
\x27\xf5\xb1\x4f\x7d\x51\x1f\xff\xd4\x65\x04\x01\x7b\x11\x02\x34\
\x5a\x9d\x7b\xc2\x1c\xcf\x03\x38\x6b\xb0\xe6\x5f\x6d\x97\x4f\x08\
\x50\x1c\x54\x18\x05\x92\x24\x49\xc5\x71\x9c\x60\xae\x1d\xfe\xdf\
\x81\x8a\xf7\xe7\xcd\x76\x18\x38\x8e\x53\x51\x0e\x8f\x8d\xb1\x22\
\xf6\x35\x17\xfc\x91\x2e\xbf\xe2\x5a\xad\x5e\x4d\xf1\x6f\x29\xb8\
\x7d\xae\x3d\x54\xe1\xdf\x68\x85\xe9\x19\xba\xec\xed\x07\x00\x00\
\xfd\x3a\x38\xd0\x8a\x7d\x1b\x1a\x48\x10\xf0\x30\x21\x40\x10\x2a\
\x8c\x23\x7d\xee\x13\x1f\x48\xef\x13\xdb\x41\x98\x2e\x20\xe5\x49\
\x92\x24\x71\xc5\xf7\x15\x46\x61\xb3\x56\xf1\x57\xda\x8e\x55\xfb\
\xbe\xe3\x38\x1c\xfb\x50\x00\x54\x1a\x05\x6c\xfd\xaf\x7a\xf1\x75\
\x71\xac\x5a\x14\xc7\x36\x78\x23\x57\xff\x0d\xdb\xed\x40\x23\x43\
\x75\xfd\xf5\x7b\x2f\xd1\x1f\xfd\x7f\xef\xd4\xa3\x1e\xfd\x48\xb5\
\xda\x6d\x95\x95\xfd\xe7\xb1\xf6\xad\xc9\xc9\x1d\xe9\xcf\x4f\x39\
\x69\xbd\x5e\xff\xda\x97\xfd\x5a\xe1\xef\xe5\x30\xdd\x05\x00\x00\
\x58\x8a\x20\xe0\x13\x9f\xba\x4c\x3f\xff\xc5\xaf\x34\x31\x31\x96\
\x16\xbb\x65\x3e\x35\xc0\xfe\xfe\xcd\x66\x53\x43\x43\x83\xfa\xc9\
\xe6\x1b\x35\x34\x38\xa8\x76\xb7\x3b\x34\x4f\x92\x24\x89\xaa\x55\
\xdf\x6d\x77\xb6\x02\x9c\xc5\x56\x80\xe2\xc8\x55\xf1\x88\xbd\x6b\
\xfd\xaf\xfa\xde\xf1\x8d\x56\x10\xb9\xae\x9b\xab\x38\xd0\xda\x96\
\x86\x06\x6a\xba\xfe\x9b\xdf\xd6\x2b\x5f\xf3\xd6\x9d\xdf\x2f\x63\
\x92\xdb\x39\xce\xcf\x53\xbb\xdd\xd6\x96\x2d\xdb\x74\xc6\xe9\xa7\
\xea\x8d\x6f\x78\x95\x4e\x3d\x69\xbd\x6c\x7a\x2a\x85\x3f\x00\x00\
\x28\xab\x5d\x83\x80\xfb\xb6\x4e\xa6\x21\xc0\xfb\x3e\xf8\x51\x4d\
\xee\x98\xd2\xb2\x89\xb1\x9d\x5b\x08\xca\xc8\xee\x21\x67\x67\xe7\
\xf4\x8c\xa7\x9f\xa4\x4f\x7f\xf4\xbd\x69\xcf\x7d\x67\x3b\x45\xbe\
\xee\x1b\xad\xe0\xaf\xfa\xae\xc7\x56\x80\x62\x21\x00\x28\x80\x22\
\xb4\xfe\xdb\xd0\xbf\x81\x5a\x45\x37\xdc\xf8\x6d\xbd\xe8\x65\x17\
\x74\xf7\x7b\x55\xd3\xef\x97\x4d\x2f\xb9\xde\xbe\x7d\x87\x7e\xe3\
\x37\x0e\xd1\xcb\x5f\xf2\x02\xbd\xed\x4d\xaf\x51\xad\xe2\xa5\x7b\
\xb9\x2c\x0e\xa1\xf0\x07\x00\x00\x65\xd7\x0b\x02\xec\x9e\xb1\xe2\
\x39\xda\xf0\xad\xdb\xf5\xbe\x0f\x7e\x4c\x1b\x6e\xd9\x94\x9e\x28\
\x30\x3e\x3e\x96\x2e\x30\x95\x71\x31\xc9\xee\x27\xef\xbf\x7f\xab\
\xce\x3e\xeb\x74\x7d\xe6\x63\xef\x95\xad\xfb\x85\x51\x94\xab\xad\
\xa2\x6c\x05\x28\xa6\xfc\x3c\x83\x50\xd8\xd6\xff\xf4\x8d\xbb\xe2\
\xeb\x1b\x37\x6d\xd4\x8b\x5f\x79\xa1\x7c\xd7\x93\x5f\xe9\x9c\xf5\
\x5a\x26\xf6\x9f\xc4\xbe\xac\xdd\x7f\x6c\x6c\x54\x6f\xbe\xe0\x7c\
\xbd\xf2\x65\x2f\xd4\xaa\x15\xe3\x6a\x05\x51\xfa\x38\xe5\x6d\x0f\
\x17\x00\x00\x40\xd6\xac\xc0\xb7\xe2\x76\x78\xa0\x96\x2e\x94\x7c\
\x73\xc3\x46\xbd\xff\x43\x9f\xd0\x35\xd7\xdd\xa8\x15\x2b\x96\xa5\
\xdb\x29\xcb\x76\x5f\x69\x2a\x95\x8a\xee\xbd\xf7\x7e\x9d\x73\xf6\
\x33\x75\xe9\x07\xdf\x9d\xfe\x73\xef\x7e\x33\x2f\xd8\x0a\x50\x3c\
\xf9\x79\xf6\xa0\x90\xad\xff\xf6\x66\x5c\xad\x54\x34\x3b\x37\xa7\
\x27\x1c\x71\x6a\xda\xae\xd4\x3b\xdf\xb5\x4c\xac\xb0\x6f\xb5\x5a\
\x0a\x82\x50\x27\x1e\x7f\xac\xde\x72\xe1\xf9\x3a\xf9\x84\x63\xd3\
\xa9\xfe\xb6\x0d\xc0\xfe\x7d\x9e\xde\xac\x01\x00\x00\xf2\xa6\x57\
\xe4\x5b\x57\xa9\x2d\x9e\xbc\xe7\xe2\x4b\xf5\xa9\xcf\x7c\x49\x77\
\xdf\x73\x5f\xba\x27\xde\x94\xad\x1b\xa0\x56\xad\xea\x7f\x7e\xf1\
\x4b\xbd\xfb\xff\xfd\x89\xfe\xf0\x2d\xaf\xd5\xf4\x6c\x53\xd5\x6a\
\xae\x1a\x81\xd9\x0a\x50\x30\x54\x24\x39\x96\xf7\xd6\xff\xf9\xc7\
\xfd\xbd\xec\xfc\xb7\xe8\xfa\xaf\xdf\x9c\xbe\x39\x97\xa9\xf8\xef\
\x15\xf5\x73\x73\x0d\x4d\x4c\x8c\xeb\x03\x17\xfd\xa5\x9e\x7d\xfa\
\x29\xe9\xf7\x66\xec\xfc\x56\x0a\x7f\x00\x00\x80\x7d\xd2\xeb\x9a\
\xb4\xed\x93\x5b\xb6\x4e\xea\xcd\x6f\xff\x73\x5d\xf9\xd5\x1b\xd2\
\x45\xa6\x5a\xad\x5a\xca\x7b\x4d\xf3\x89\x4b\x2f\xd2\x33\x9e\x9a\
\xbf\xe3\x01\xd9\x0a\x50\x2c\x54\x26\x39\x95\xf7\xd6\xff\xdd\x1d\
\xf7\xb7\x72\xe5\xf2\x52\xbd\x21\x77\x56\xfd\xdb\xe9\xa4\xd6\xe7\
\x9c\x79\x9a\x2e\xfe\xdb\xbf\xd0\xf2\x65\x63\x6a\xb6\x43\xc5\x09\
\x03\xfe\x00\x00\x00\x0e\x74\x3e\x80\xad\x80\xfb\x9e\xa3\xaf\x5d\
\xbf\x41\x17\xbc\xe5\x4f\xd2\x19\x4b\x83\x83\x03\x3b\x7f\x4d\x19\
\x58\xb1\x6f\x1d\xa5\x76\x7f\x99\xd7\xe3\x01\xd9\x0a\x50\x1c\x54\
\x28\xf9\x6d\xfd\xb7\x1f\x87\x3c\x27\xfa\x2b\xcf\x75\x87\xc3\x28\
\x72\xf3\x52\xfc\x1b\x1b\xc8\x62\xed\x59\x7f\xff\x91\xcf\xe8\xb2\
\x2f\x5e\xa1\x83\xd6\xac\x2a\x4d\xf1\xdf\xdb\x7b\x35\x33\x33\xab\
\xe1\xe1\x41\x7d\xf1\x33\x1f\xd6\x67\x3f\xf6\x3e\x8d\x8e\x8d\x68\
\xae\xd9\xee\x9c\x00\x40\xf1\x0f\x00\x00\x70\xc0\x47\x29\xdb\x6c\
\x80\x66\x3b\xd2\xb3\x9e\x71\xb2\x36\xdf\x7a\xad\x9e\x7d\xc6\x53\
\x35\x3d\x3d\x93\x6e\xbb\xcc\x53\x01\xbc\xd8\x5b\x23\x6a\xb5\x5a\
\xba\x72\xfb\xda\x0b\xfe\x50\x73\x8d\x66\xda\x09\x91\xa7\xb9\x08\
\x8e\xe3\x78\x61\x18\xc7\xf5\x8a\x77\xe6\x6c\x33\x38\xd3\x8a\x7f\
\x0b\x01\xb2\xbe\x2e\xfc\x3a\xaa\x94\x7c\xb2\x7d\xff\x71\x3b\x8c\
\xff\xc0\xf6\xfd\x5b\xeb\x7f\x9e\xf6\xfd\x5b\xa1\x3f\x3c\x58\x4f\
\x27\xfe\xbf\xef\x03\x1f\xd5\x9a\x83\xd7\xa4\xe7\x93\x96\x81\x7d\
\xd0\xd8\x07\x8e\x7d\xf0\xd8\x07\x90\x7d\x10\xd9\x07\x92\x7d\x30\
\xd9\xf1\x2c\x65\xf9\x20\x02\x00\x00\x58\xba\x85\x17\xa5\x8b\x2c\
\xb6\xd8\x62\x8b\x2e\xb6\xf8\x62\x8b\x30\xb6\x18\x93\xb7\xa1\x78\
\x8b\xa5\x73\x6c\x62\x5d\x53\x53\x33\x69\xf7\x6d\x18\x04\xe9\xdf\
\x3b\x4f\x5d\x10\x71\x1c\x3b\x51\xac\xd8\x73\xf5\x85\xc9\xc9\x64\
\x59\x67\x3d\xb3\xb3\xb0\x89\xfc\x20\x00\xc8\x99\x24\x49\xec\xbf\
\x49\x68\xf3\x4f\x94\xc4\x17\x46\xb1\xa2\x6e\x20\x90\x9b\x37\x9f\
\x81\x5a\x55\xb7\xde\xfe\x7d\xbd\xf0\xa5\xaf\x4f\x8b\xe1\xbc\xbd\
\xf9\x2c\x06\xfb\x3b\x56\x2a\x7e\x3a\xe4\x70\x78\x68\x77\xab\xfe\
\x0f\xde\xa3\x05\x00\x00\x80\x85\x3e\x66\x39\xde\x6d\x37\x40\x12\
\x27\xf2\xfd\xfe\x5f\x84\xb1\xfb\x70\x9b\xb7\xf5\x8f\x97\x5f\xa3\
\xf3\x5e\xff\x76\xd5\xab\x7e\xae\xee\xc1\x1d\xc7\x71\x83\x30\x8c\
\x6a\x15\x7f\xa0\x3e\x18\x5d\xd0\x9d\x01\x90\x9b\x3a\x06\x1d\x04\
\x00\xf9\x63\x9d\xfe\x49\x33\x88\xbe\x50\xad\xf8\xcb\x82\x30\x2d\
\xb0\x73\x51\x59\xda\x1b\x8c\xeb\x3a\xe9\x6a\xff\x5f\xfd\xed\x07\
\x14\x06\xa1\xea\xf5\x5a\xae\xda\x8f\x16\x43\x6f\xc8\xca\xaf\xfe\
\xe7\x4e\x9d\x7e\xda\xc9\xfa\xfe\xa6\xeb\x58\xf5\x07\x00\x00\xc8\
\xb8\x1b\xe0\x33\xdd\x6e\x00\xbb\x37\x9d\x9c\x9c\x4a\xb7\x0c\x94\
\x21\x04\x58\xb5\x6a\x85\xae\xbc\xea\x7a\x5d\xfb\x8d\x5b\xd2\x2d\
\xb9\x39\xdb\x86\xeb\xb7\xc3\x38\xf6\x3d\xe7\x0f\xe6\xe6\xda\xc7\
\xdb\x25\xb3\x15\x20\x5f\x72\x51\x58\xa2\x23\x49\x12\x1b\xf2\x17\
\xce\xb5\x93\x13\x06\x2a\xba\xa5\x1d\xc6\xb9\x7a\xc1\x58\xa1\x6f\
\x6f\x32\x2f\x39\xff\x2d\xfa\xca\x3f\x5e\x93\x9e\xcb\x6a\xb3\x00\
\xfa\x99\x15\xf7\x36\xe1\x7f\x60\xa0\xae\x0b\x7f\xef\x95\x7a\xf3\
\x85\xe7\xab\x56\xab\xa8\xd9\xec\x1c\xed\x07\x00\x00\x80\xec\x06\
\x52\xdb\xbd\xe9\x2d\x1b\xbf\xab\xbf\x79\xef\x3f\xe8\xc6\x0d\x1b\
\xb5\x7c\xd9\x44\x7a\xcf\x9a\xa7\x95\xf1\x85\xd6\xeb\xbe\xb5\x61\
\xd4\x5f\xbb\xfc\x93\x5a\x77\xcc\xe1\x6a\xb4\xf2\x73\x6f\x9a\x24\
\x49\x58\xaf\xfa\x7e\x2b\x8c\x6e\xa9\x57\xfc\x93\x18\x08\x98\x2f\
\x04\x00\x39\xd1\xdd\x1f\x63\x4b\xcd\xf5\x56\x18\x5d\x57\xf1\xbd\
\xf5\xad\x56\x90\xe4\x65\xef\xbf\x25\x8b\x83\xf5\x6a\x9a\x34\xbe\
\xe0\x77\x5f\xa7\xb1\xb1\xd1\xbc\xa5\x8d\x8b\x30\x78\xc6\xd3\xf4\
\xf4\xac\xc6\x46\x47\x74\xc9\x87\xfe\x3a\x3d\x76\xc5\x26\xfc\xdb\
\xc7\x89\x9b\x8f\xa6\x0c\x00\x00\x80\x52\xb3\x21\x81\x43\xf5\xaa\
\x82\x30\xd2\xcb\x5f\xfd\x16\x7d\xf5\x9a\x6f\x6a\x78\x70\x50\x7e\
\xc5\x53\x18\xf6\xef\xbd\xaa\x75\x3b\x4c\x4e\xee\xd0\x89\x27\xac\
\xd5\xe5\x5f\xb8\x24\xbd\x3f\xb5\xd2\x2e\x27\x8d\xc3\xd6\xa9\x11\
\x79\xae\xeb\xb5\x82\xe8\xac\xa1\x7a\xe5\xab\x84\x00\xf9\xc1\x16\
\x80\xfc\xb0\xd5\xff\xc8\x06\xff\xd5\x7c\xef\xf8\x76\x3b\x8c\xf2\
\x54\xfc\xf7\xf6\xfd\xbf\xf8\xe5\x17\x6a\x78\x78\xa8\xaf\xdb\xfe\
\x6d\x9b\xc3\xfc\x96\xff\x1f\x7c\xe7\xfa\xb4\xf8\x9f\x6d\xb4\x3a\
\xff\x3e\x27\x6f\xac\x00\x00\x00\x65\xe7\x5b\xb7\x66\xb3\xad\x28\
\x8e\xf5\xf9\x4f\xbc\x5f\x5f\xfc\xf4\x87\x4a\xb1\x25\xc0\xba\x70\
\xc7\xc7\xc7\x74\xe3\x4d\x1b\xbb\xf3\x00\x2a\xb9\xea\x7a\x88\xe3\
\xc4\x49\xe4\x24\xf3\x06\x02\xc6\x0c\x04\xcc\x07\x02\x80\x1c\xe8\
\xbe\x18\x22\x7b\x71\x24\x49\x7c\x61\x18\x2b\x37\x03\x33\x1e\xbc\
\xef\xff\x83\x0a\x82\x20\x7d\x33\xcd\xd3\x1b\xcc\x42\xb2\xbf\x5b\
\xbb\xdd\x19\x6c\xf8\x57\xef\xfc\x3f\xfa\xf8\x25\xef\xd1\xf8\xf8\
\x68\xfa\xc1\x62\xff\x2e\x2f\xa9\x2a\x00\x00\x00\x3a\x3a\xad\xef\
\x8e\x1a\xad\x20\x9d\xd3\x74\xc5\x65\x1f\x49\x57\xc6\xb7\x6e\xdd\
\xae\x6a\xb5\xda\xb7\xf7\x6f\x16\x02\x2c\x5f\x3e\x91\xcb\x79\x00\
\x36\x10\x30\x0c\xc3\xb0\x3b\x10\xf0\xc2\xee\xb7\x73\x51\xdf\x94\
\x5d\x7f\xbe\x1a\x0a\x26\x49\x92\x8a\xe3\x38\x41\xb3\x1d\xfe\x59\
\xad\xe2\xfd\x45\x33\x08\x03\x47\x4e\x45\x39\x50\xa6\x7d\xff\xbd\
\x56\xaa\x4a\xa5\xa2\x2f\x7c\xfa\x43\xb4\xfc\x03\x00\x00\x14\x74\
\x4b\x40\x18\xc5\x7a\xf1\x2b\xdf\xa8\x2f\x7d\xf9\xab\x5a\x73\xd0\
\xea\x74\x78\x60\x1c\xf7\xdf\x02\x56\x9e\xe7\x01\xd8\x19\x80\x76\
\x7f\x1d\xc7\xe1\xf6\xea\x7d\xfe\x23\x75\xb0\x1a\xdd\x81\xe7\xfd\
\xdb\x4a\x5c\x00\x74\x00\x64\xac\x3b\xe4\x2f\xb4\x29\x99\x36\x2d\
\xd3\x06\xff\x29\xc9\x47\x3a\xd6\x69\xfd\xaf\xa4\x89\xa2\x25\x8b\
\x96\x30\xf6\x6b\xf1\x6f\x47\xfc\x59\x4a\x7c\xe2\xf1\x6b\x75\xe5\
\x97\x3f\x9a\x16\xff\xd3\x73\xcd\xf4\xdf\x51\xfc\x03\x00\x00\x14\
\x67\x4b\x80\x6d\xdb\xb4\x52\xff\x93\x1f\x79\x9f\xfe\xea\x1d\xff\
\x5f\x5a\x24\xb7\xdb\xc1\xce\x93\x9d\xfa\x89\x15\xff\x56\x64\x07\
\xdd\x6e\x5d\xeb\xda\xb5\xee\xdd\x3c\x74\xeb\x5a\xa5\x1f\x86\x61\
\x5c\xf5\xfd\x65\xcd\x95\xd1\x17\xec\xa4\x33\x16\xa0\xb3\xc7\x7f\
\x80\x8c\xf5\x06\x62\x34\x83\xf0\xe6\x9a\xef\x9d\xd8\x6c\x87\xa1\
\xe3\x38\x7e\x5e\x86\xfe\x6d\xbc\x7d\xb3\x9e\x7d\xce\x2b\x55\xab\
\x75\xda\xa7\xf2\xf0\x66\xb2\xd0\x6c\xc5\xff\xde\xfb\xee\xd7\x73\
\xce\x7c\x46\xba\x77\xcc\xf7\x5c\xcd\x5a\xcb\x7f\x0e\x92\x53\x00\
\x00\x00\xec\xbb\xde\x3d\x6b\xbd\xea\xeb\xfa\x6f\x7e\x4b\xbf\xfb\
\xf2\x0b\xd3\x01\xcf\x76\xdf\x97\x97\x36\xf9\x85\x64\x21\xc0\x96\
\xad\xdb\xf4\xbc\xb3\xcf\xd0\x67\x3f\xf6\xde\xb4\x8b\x35\x2f\x5b\
\x1f\xac\xd6\xa9\xfa\xae\xd7\x68\x04\x27\x0d\x0c\x54\xbe\xd5\x59\
\x5f\x63\x20\x60\x56\xfa\x2f\x06\x2b\x58\xf1\xef\xba\x4e\x34\x37\
\xd7\x3e\xd1\x77\x9d\x13\x5b\x41\x14\xe5\xa1\xf8\xb7\x37\x4c\x7b\
\xc3\x98\x9e\x99\xd5\xbb\xff\xee\x43\x7d\xbb\xef\xdf\xfe\x8e\xd6\
\x1e\x75\xef\xbd\xf7\xeb\xec\x33\x4f\xd7\x67\x3f\x7e\x71\xda\x1a\
\x66\xa9\x31\xc5\x3f\x00\x00\x40\x71\xf5\x8a\xdf\xe9\xd9\xa6\x9e\
\xf1\xd4\x13\xf4\x85\x4f\x7f\x30\x3d\x15\xa0\xd1\x6c\xe6\xa2\x3d\
\x7e\x51\xe6\x01\x2c\x9b\xd0\x95\x57\xdf\xa0\xaf\xdd\x70\xb3\x2a\
\xbe\xa7\x28\xca\x47\xa7\x7d\x1c\xc7\x49\x2c\x25\xae\xe7\xfe\x45\
\xb7\x0b\x00\x19\x22\x00\xc8\x98\xd5\xd4\xae\xe7\xfc\x85\xe7\xba\
\x49\x5e\x26\xeb\x87\xdd\xd6\xff\x0f\x7f\xe4\xb3\xba\xf6\xba\x9b\
\xb4\x6c\xd9\x78\xdf\xb5\xfe\x5b\x0b\x98\x15\xfb\x3b\xa6\xa6\xf5\
\xbc\x73\xce\xd0\xa7\x3f\xfa\xde\xf4\xfb\x36\x41\xb6\x9f\x27\xc6\
\x02\x00\x00\x94\x29\x04\xa8\x56\x2b\xe9\xe2\xce\x69\xa7\x1e\x9f\
\xce\x78\x1a\x1e\x1a\xd2\xec\xec\x5c\x5f\x86\x00\xb6\x58\x37\x50\
\xaf\xe9\x0d\x6f\xfa\x3f\x9a\x9e\x99\x4b\xb7\xb8\xe6\xa1\xbe\xb0\
\x05\xce\x30\x8c\x62\xdf\x77\x4e\xb4\x85\xcf\xee\x89\x00\xdc\x70\
\x67\x84\x00\x20\x23\xf6\xa4\xb7\xd6\x97\xb9\x76\x72\x82\xef\x7b\
\x27\xb6\xc3\x28\xce\xc3\xb1\x7f\xd6\x12\x35\x3c\x50\x4b\x5b\xff\
\xdf\xfb\xfe\x8f\x68\xf5\xea\x95\xe9\x54\xfc\x7e\x2b\xfe\x83\x20\
\x4c\x43\x8d\x2f\x7e\xfa\x83\xfa\xfc\x27\x2e\x4e\xf7\x89\x45\xb1\
\x9d\x78\xc0\x4b\x02\x00\x00\xa0\x9f\xd8\xe2\xce\x5c\x2b\xd0\x69\
\xa7\x1e\xa7\x1f\xda\xf1\xce\xa7\x9d\xac\xfb\xef\xdf\x9a\x6e\x07\
\xe8\x27\x56\xec\xdb\xa9\x07\x76\x04\xe2\x85\x6f\xfb\x53\x55\x3c\
\x47\x8e\x93\x8f\x7b\x5b\xeb\x46\xb0\x05\x4f\x5b\xf8\xec\x76\x01\
\xd0\x09\x90\x91\x7c\x3c\x23\xca\x79\xec\x9f\x0d\xc6\x1c\x72\x9d\
\xe8\x9d\x8e\x9c\x24\x0f\x2d\x3a\xbd\xd6\xff\xa9\xe9\x4e\xeb\xff\
\xd4\xd4\x4c\xb7\x20\xee\x9f\xd7\xa7\xfd\x7d\xac\xf0\xb7\xa0\xe3\
\xf3\x9f\xfa\x80\x9e\xf5\x8c\x53\xd2\x0f\x84\xf4\xdf\xe5\x64\x9f\
\x14\x00\x00\x00\x16\x96\xe7\xba\xe9\xb1\xce\x63\x63\xa3\xfa\xf4\
\x47\x2e\xd2\xd9\x67\x3d\x23\x9d\x01\xd5\x6f\x21\x40\x3a\xc7\x6b\
\x70\x40\x57\x5c\x79\x5d\x77\x2b\x80\x9b\x8b\xad\x00\xb6\xd0\xd9\
\x0e\xe3\xd8\x16\x3e\x67\x9b\xc1\x99\xb6\x10\xda\x1d\x86\x8e\x25\
\x46\x00\x90\x8d\x74\xf5\xbf\x1d\xc6\x7f\x50\xf3\xbd\xe3\xdb\x61\
\x18\xe6\x61\xf5\xbf\xd7\xfa\xff\xf7\x1f\xed\xb4\xfe\xaf\x58\x31\
\xd1\x57\x43\x52\x7a\xc5\xbf\xed\xff\xb2\x7d\x60\xd6\x0a\x66\x2d\
\x61\xf6\x81\x90\x97\x21\x29\x00\x00\x00\x58\x1c\xd6\xf6\x6f\xa7\
\x01\xd8\x99\x80\x9f\xf9\xd8\xc5\x3a\xfb\xcc\xfe\x0c\x01\xec\xbe\
\x76\x60\xa0\x9e\xbb\xad\x00\x71\x1c\x3b\x89\x9c\xc4\x73\xf5\x85\
\xc9\xc9\x64\x59\x77\x2b\x00\x37\xe1\x4b\x8c\x00\x60\x89\x75\x9f\
\xe4\x61\xfa\xa4\x4f\xe2\x0b\xc3\x58\xf6\x6a\xcc\x7c\x0f\x4c\xbf\
\xb7\xfe\x3f\x54\xf1\xcf\x7e\x7f\x00\x00\x80\xf2\xb0\x7b\xc2\x74\
\x45\xdc\x51\xdf\x86\x00\x79\xdd\x0a\xe0\x38\x8e\x1b\x86\x61\x58\
\xab\xf8\x03\xf5\xc1\xe8\xc2\xee\x56\x00\x6e\xc6\x97\x58\xf6\xcf\
\x84\x72\xae\xfe\x27\xf6\xa4\xaf\x56\xfc\x65\x51\x94\x4e\xfe\x77\
\xb2\x6e\xfd\xb7\x37\x43\x4b\x08\xdf\xfd\xb7\xfd\xd7\xfa\x4f\xf1\
\x0f\x00\x00\x80\x32\x85\x00\x0f\xda\x0a\x70\xfd\xcd\xaa\x55\xbd\
\x5c\x74\x01\x58\x2d\x94\x3e\xf4\x8e\xde\xd8\xed\x02\x08\xe9\x02\
\x58\x5a\x04\x00\x19\xad\xfe\xdb\x93\x3e\x8a\xd3\x39\x00\x7e\x1e\
\xde\x20\x6a\x15\x5f\x1f\xbc\xe4\xd3\xba\xf6\xfa\xfe\x6a\xfd\xa7\
\xf8\x07\x00\x00\x40\x19\x43\x00\x5b\x63\xac\xd7\x6b\xba\xe0\x2d\
\x7f\xac\xfb\xb7\x6c\x4f\xb7\x40\x64\x7d\xac\xb7\x2d\x7c\x86\x51\
\x14\x56\x7d\x6f\x19\x5d\x00\xd9\x20\x00\xc8\x6a\xf5\xdf\xf7\x96\
\xd9\x93\x3f\xeb\xd5\xff\x5e\x8b\xd0\x8e\xe9\x59\x7d\xfc\x53\x5f\
\xd4\x8a\x15\xcb\xd2\x09\xf9\xfd\x80\xe2\x1f\x00\x00\x00\x65\x0d\
\x01\xec\x3e\xbf\x5e\xaf\xeb\x9e\x7b\xee\xd7\x27\x3f\xfb\x65\x55\
\xd3\x81\x80\xd9\x2f\xf2\xd9\x02\xa8\x2d\x84\xf6\xba\x00\x1c\xc7\
\x09\xe8\x02\x58\x3a\x04\x00\x4b\xbc\xfa\x3f\x35\x95\xac\x4c\x57\
\xff\x93\x24\x7d\xf2\x67\x7d\x5d\x96\x3f\xb8\x8e\xf4\xc6\xb7\xfd\
\x99\xee\xb9\xe7\xbe\xf4\x0d\x2f\xeb\x64\x70\xc1\x8a\xff\xf4\xa8\
\x3f\x8a\x7f\x00\x00\x00\xec\x6b\x08\xd0\x1f\xf7\x8c\x56\xf0\x8f\
\x8f\x8f\xea\xa2\x8b\x2f\xd5\xb7\x37\x6d\x56\xbd\x56\xcd\x3c\x04\
\x98\xdf\x05\x30\x30\x14\xbf\xb1\x7b\x1a\x40\x7f\x3c\xe0\x05\x40\
\x00\xb0\x74\xd2\x27\x75\xbd\x1e\xbd\xd8\x9e\xec\x41\x10\x05\x59\
\xaf\xfe\xdb\x8b\xbf\x5e\xf5\x75\xeb\xed\x9b\xf5\x95\xcb\xaf\xd1\
\xc8\xc8\x70\xe6\x6f\x08\x0b\xc1\x1e\x56\x7b\x23\x8f\x62\x8a\x7f\
\x00\x00\x00\xec\x43\x08\xf0\xf1\x4e\x08\xb0\x75\xeb\xf6\xbe\xb8\
\x77\xb4\x85\x3d\x6b\xfd\xdf\xb1\x63\x5a\xef\xb9\xf8\x12\x79\xae\
\xd3\x9d\xf5\x95\xf9\x75\xf9\x36\x91\x20\x49\xe2\x37\xfc\xf4\xa7\
\xb2\x00\x80\x59\x00\x4b\x24\xfb\xff\xfa\xe5\x11\x5b\xfb\x7f\x98\
\xc4\xa7\x27\x39\x78\xec\x1f\x18\xfc\x37\xab\xbf\xb9\xe8\xef\xe5\
\xfb\x5e\xdf\x1c\x85\x67\x7f\xaf\xd9\xd9\x59\x7d\xe6\xe3\xef\x4f\
\x8b\xff\x19\x8a\x7f\x00\x00\x00\xec\x4d\x08\x90\x48\x9f\xfd\xd8\
\xfb\x74\xd2\x89\xeb\x34\x39\xb9\xa3\x2f\xee\x21\x6d\x81\x6f\xd9\
\xb2\x31\x6d\xb8\x65\x53\x77\x20\x60\xf6\xc7\x02\xa6\x5d\x00\x61\
\x1c\x79\xae\x3b\x7a\xe8\xa1\xc1\xb1\xdd\x6f\x53\x9b\x2e\x01\x1e\
\xe4\x25\xd0\x6d\x6b\x89\xe7\xe6\xda\x27\xd6\xab\x95\xa7\x07\x61\
\x6c\x93\xff\xed\x7b\x99\xaf\xfe\xa7\x83\xff\xae\xbb\x51\x63\x63\
\xa3\x7d\xb1\xfa\x6f\x5b\x18\xee\xbb\x6f\x8b\x9e\x73\xd6\x33\xf4\
\xcc\xa7\x9f\xa8\xb9\x66\xa0\x4a\x1f\xbc\x71\x03\x00\x00\x60\xf1\
\x43\x80\x20\x0c\xe5\xf9\xbe\xfe\xf8\xed\x17\xca\xaf\xf8\x6a\xb7\
\xdb\xb9\x58\x31\x3f\x50\x71\x9c\xa8\xe2\x7b\x3b\x07\x02\xda\xfd\
\x71\xd6\xdb\x7e\xad\xf6\xf0\x3d\xb7\xea\x56\xdc\xbf\xec\x0e\x03\
\xc4\x12\x28\xfe\xb3\xb9\x20\xec\x49\xed\x7a\xee\x5f\x38\x52\x92\
\x75\xa1\x6d\x2f\x76\x2b\x94\xef\xdd\xb2\x5d\x9f\xf8\xf4\x97\xd2\
\xc1\x7f\x36\x2c\xaf\xe8\x6c\xaf\x96\xed\xd9\x3a\xe7\x39\xcf\xd4\
\xc7\x3e\xfc\xb7\x6a\xb6\x43\xb9\x36\xe0\x00\x00\x00\x00\xd8\x0b\
\xb6\xe2\xdf\x6c\xb5\xb5\xfe\xd8\xc3\x75\xd9\x67\xfe\x3e\x9d\x27\
\x65\x73\xa5\x8a\x1e\x02\xd8\xfd\xbf\x0d\x04\xbc\xf7\xde\xfb\xf5\
\xf1\x4f\x5f\x26\xcf\xed\x14\xe0\x59\x72\x5d\xd7\x6b\x87\x51\xe4\
\xbb\xce\x89\xb6\x50\xea\xba\x4e\xd4\x5d\x38\xc5\x22\x2a\xf6\x33\
\xb9\x00\xec\x49\xec\x38\x4e\xd4\x6e\x27\x27\xf8\xbe\x7b\x62\x3b\
\x8c\x62\x7b\xb2\x67\x79\x4d\xf6\x62\xb7\x29\xa0\x9f\xfa\xec\x97\
\xf5\x8b\x5f\xfc\x32\x3d\x05\x20\xeb\x04\x70\x21\xde\xac\x6d\xaf\
\x96\xed\xd9\xfa\xcc\xc7\xdf\x27\xc7\x75\x64\x7f\xa5\x7e\xd9\xd6\
\x00\x00\x00\x80\xa5\x61\x7b\xe6\x6d\x7e\xd4\x69\xa7\x1e\x97\xce\
\x93\xb2\xb9\x52\xb6\x3d\xa0\xe8\xf7\x95\x56\x03\x0c\x0f\x0f\xe9\
\x63\x9f\xfc\xa2\x76\x4c\xcf\xa5\x35\x40\xd6\x5b\x01\xec\x71\xf5\
\x5c\x37\x5d\x28\x2d\x78\x39\x52\x18\x04\x00\x4b\xe0\x27\x3f\x49\
\xaa\xb1\x13\xbd\xc3\x71\x9d\x24\xdd\x5b\x94\x75\xeb\x7f\xad\x9a\
\x4e\x01\xb5\x69\xa0\x13\x13\xe3\x99\xa7\x7f\x0b\x51\xfc\xdb\x1e\
\x2d\xdb\xab\x65\x7b\xb6\x6c\xef\x96\x3d\xce\xac\xfe\x03\x00\x00\
\x60\x7f\xef\x2f\x6d\x8e\x94\xcd\x93\xb2\xb9\x52\x36\x5f\xaa\x1f\
\xba\x00\xac\xe8\xb7\x93\xbf\xec\x04\x30\xbb\x55\xce\x3a\xd4\xe8\
\x74\x01\xc4\xb1\x2d\x94\x36\x1a\xc9\xd3\x6d\xe1\x94\x2e\x80\xc5\
\x55\xec\x67\x71\xce\xd9\x24\x4b\x7b\x12\x4f\x4c\x68\x54\x49\x72\
\xac\x05\x6c\x6e\xc6\xef\x1c\xbd\x3f\xde\xa6\x80\xda\x34\x50\x4b\
\x38\x8b\xbc\xfa\x6f\x7f\x9f\x66\xb3\x95\xee\xd1\xb2\xbd\x5a\xb6\
\x67\xcb\xf6\x6e\x15\xfd\x0d\x1a\x00\x00\x00\xd9\xb2\x7d\xf2\x36\
\x4f\xca\xe6\x4a\xd9\x7c\x29\x9b\x33\x65\xf7\xce\x45\x66\x0b\x7f\
\x76\xf2\xd7\x57\xae\xb8\x46\x1b\x6f\xbb\x43\xd5\x8a\x9f\xf9\x62\
\x60\x1c\xc5\xb1\xe7\x3a\x89\xfc\xf8\x19\xdd\x6f\x71\x23\xbf\x88\
\x78\x70\x17\x57\xfa\x0e\x31\xb1\x3c\x78\x43\xad\xe2\x7b\x51\x14\
\xd9\x46\x7b\x27\xd3\xd6\xff\x8a\xaf\x6f\xdf\x76\x87\x6e\xda\x70\
\xab\x96\x2d\x2b\xf6\xea\xbf\x25\x96\x9d\x79\x06\xbe\x2e\xfb\xcc\
\x87\xd3\xbd\x5a\xb6\x67\xab\x1f\xa6\xb5\x02\x00\x00\x20\x7b\xd6\
\x51\x6a\x73\xa5\x3e\xf6\xe1\xbf\xd1\x73\xcf\x39\x43\xb3\xb3\x73\
\x85\x0f\x01\xec\x1e\xda\x73\x5d\xbd\xef\x43\x1f\xdd\x79\x32\x58\
\xb6\x17\x24\x3f\xb4\x53\x18\x93\xf8\x25\x93\x93\xc9\x32\xc7\x71\
\x02\x8e\x04\x5c\x3c\x04\x00\x8b\xa4\xfb\xa4\x8d\xa6\xa6\x92\x95\
\x9e\xe7\xbe\x31\x4a\xe4\xd9\x79\x97\x59\x5e\x93\xbd\xb8\xed\x45\
\x7e\xf1\x87\x3e\x9a\xf9\x7e\x9f\x85\x60\x85\xfe\x3d\x77\xdd\xa3\
\x37\x5f\x78\x7e\xe7\xb8\xbf\xb9\x66\xe1\xdf\x90\x01\x00\x00\x90\
\xbf\x05\x27\xbf\x52\xd1\xa5\x1f\x7c\xb7\x46\x47\x47\x34\x37\xd7\
\xc8\xbe\x68\x3e\x00\xb6\x00\x38\x3a\x3a\xac\x1b\x6f\xda\x98\x2e\
\x0c\x66\xdd\x05\xd0\x39\x12\x30\x8c\x6a\x15\x7f\xe5\xc0\x50\xfc\
\xc6\xee\x16\x00\x56\xf4\x16\x49\x71\x9f\xb9\xf9\x97\x3e\x69\xeb\
\xf5\xe8\xc5\x55\xdf\x5b\x16\x04\x61\x60\x4f\xee\x3c\xac\xfe\xdb\
\x8b\x7d\x6c\x6c\xa4\xd0\xab\xff\x56\xe8\x4f\x4f\xcf\xe8\xdc\x17\
\x9d\xa3\xdf\x3b\xff\x25\x6a\xb4\x02\x56\xfe\x01\x00\x00\xb0\xe0\
\xac\xd8\x6f\xb5\xda\x1a\x1c\xa8\xeb\x92\x0f\xbe\x5b\x03\x03\xf5\
\x34\x14\xc8\x7a\xff\xfc\x81\x71\xd2\x05\xc1\x8b\xf3\xd2\x05\x20\
\x79\xb6\x3c\x99\x24\xf1\x1b\x7e\xfa\xd3\xb4\x8b\x3a\xa4\x0b\x60\
\x71\x64\xfe\x5f\xba\x8f\xc5\x76\xf4\x5f\x98\xc4\xa7\x77\x77\xd8\
\xbb\xf9\x5a\xfd\x2f\xee\xeb\xc9\xfe\x2e\x96\xbc\x5a\x02\x7b\xc9\
\xfb\xff\x9f\x86\x47\x86\xd2\xef\x17\xfb\x4d\x18\x00\x00\x00\x79\
\x5e\x7c\x6a\xb5\x03\x9d\xfe\xb4\x13\xf4\xa6\x0b\xce\x4b\xbb\x50\
\x8b\xbc\xf8\x64\x0b\x81\xb6\x20\x98\xaf\x2e\x80\x38\xf2\x5c\x77\
\xf4\xd0\x43\x83\x63\xbb\xdf\xa6\x56\x5d\x04\x3c\xa8\x8b\x7c\xf4\
\x5f\xbd\x5a\x79\x7a\x10\xc6\x91\xe3\x38\x99\xf5\xa6\xf7\xd3\xea\
\x7f\xaf\x0d\x6b\xa0\x9b\xc0\x0e\x0e\xd6\xd5\x6c\xb6\xf3\x90\x5a\
\x02\x00\x00\xa0\xcf\x43\x00\xeb\x3a\xb5\xee\x53\xeb\x42\xb5\x6e\
\xd4\x62\x6f\x3f\xcd\x57\x17\x80\xd5\x27\xbe\xe7\x56\xdd\x8a\xfb\
\x97\xb6\x90\x9a\xe9\xc5\xf4\x31\xaa\xa6\x45\x3e\xfa\x2f\x91\x92\
\xac\x8b\xed\x7e\x5a\xfd\xef\xed\xfb\xb7\xe4\xd5\x12\x58\x4b\x62\
\x8b\xfd\xc6\x0b\x00\x00\x80\x22\xe8\x75\x9b\x5a\xf7\xa9\x75\xa1\
\x16\x7d\x1e\x40\xde\xba\x00\xba\x47\x02\x46\xbe\xcb\x91\x80\x8b\
\xa9\x98\xcf\xd6\x02\x1c\xfd\xf7\xc8\x47\x6a\x24\x0f\x47\xff\xf5\
\xd3\xea\xff\xee\xf6\xfd\x53\xfc\x03\x00\x00\x60\x69\x8f\xa0\x6e\
\xa7\x5d\xa8\xf3\xe7\x01\x14\x77\x81\x2d\x5f\x5d\x00\x1c\x09\xb8\
\xf8\x78\x40\x17\x9e\x4d\xfb\xf7\x6a\x03\xd1\x05\x76\xf4\x9f\x4d\
\xb4\xcc\xf2\x1d\xa1\x5f\x56\xff\xed\xef\xd1\x6e\xb7\x35\x3a\xc6\
\xbe\x7f\x00\x00\x00\xe4\x67\x1e\xc0\xbd\xf7\xde\xaf\x6a\xb5\x98\
\xf3\x00\xf2\xd6\x05\xd0\x39\x12\x30\x71\xec\x48\x40\x3b\x4d\x8d\
\x23\x01\x17\x1e\x01\xc0\xc2\xaf\xfe\x87\x9d\x2a\x3b\xb9\x20\x56\
\x3a\xc1\x92\xbd\xff\x0b\xc0\x42\x8c\x46\xa3\xa9\x0f\x5f\xfc\x57\
\x1a\x1a\x1a\x60\xdf\x3f\x00\x00\x00\x32\x0d\x01\xe6\x9a\x6d\xbd\
\xfe\xd5\x2f\xd1\x33\x4f\x3f\x45\x5b\xb6\x6c\x2f\x70\x67\x6a\x7e\
\xba\x00\x3a\xc3\x00\xa3\xc0\x8e\x04\xac\xd6\xa3\x17\x77\xbf\x5d\
\xcc\x74\x25\xa7\xa8\xa0\x16\xe1\xf1\x6c\x86\x3a\xd9\x26\x58\xda\
\x24\xcb\x2c\x8f\xfe\xeb\x97\xd5\xff\xf4\x0d\x76\xae\xa1\xb3\x9f\
\x73\xba\x9e\x75\xda\x49\x0a\xc2\xb8\xc0\x6f\xb0\x00\x00\x00\x28\
\xba\xde\x2d\xfe\xc8\xf0\x90\xfe\xe8\xf7\xdf\xa0\xd1\xd1\xe1\xc2\
\xde\x6f\xe7\xae\x0b\x40\x72\xbb\x9b\x2a\x4e\xb7\xb9\x6a\xb6\x33\
\x20\xcb\x8b\xe9\x37\x04\x00\x8b\xf0\x78\xba\x8a\x4f\xb7\x09\x96\
\x51\x94\xbe\x0b\x64\xa2\x5f\x56\xff\x7b\xad\xff\xe3\xe3\xa3\xfa\
\xc0\x7b\xde\xa1\x20\x4a\xec\x7c\xd0\xac\x2f\x0b\x00\x00\x00\x25\
\x67\x0b\x52\x33\x8d\x96\x8e\x3b\xf6\x08\xbd\xe5\x8d\xaf\x2e\xf4\
\x56\x80\x3c\x75\x01\x58\x09\x10\xc5\x89\x12\x25\xa7\xd8\x5c\xb5\
\xee\x30\xc0\xe2\x25\x2b\x39\x45\x00\xb0\xb0\xed\xff\x81\xed\x55\
\x49\x92\xf8\x25\x61\x9c\xc8\x71\xb2\x6b\x57\xe9\x97\xd5\xff\x5e\
\xeb\xff\x87\x2e\xfe\x2b\x8d\x0c\x0f\x2a\x08\xc2\xac\xdf\x90\x00\
\x00\x00\x80\x94\x3f\xef\x68\xc0\x22\x6f\x05\xc8\x53\x17\x40\x77\
\x1b\x40\x58\xab\xf8\x8e\xcd\x55\xeb\x9e\x04\x50\xbc\x07\x35\xa7\
\xa8\xa4\x16\x4e\x5a\xec\xdb\x5e\x15\xdb\xb3\x62\x7b\x57\xb2\x6a\
\xff\xb7\x17\x6b\xbd\xea\x6b\xe3\xa6\x62\xaf\xfe\xef\xbe\xf5\x9f\
\xa7\x2c\x00\x00\x00\xf2\xc1\x6e\xf7\x6d\xc1\x6a\x74\xa4\xf8\x5b\
\x01\x76\x76\x01\x7c\xf0\xa3\xe9\xd5\x67\xbc\xe8\xe6\x75\xe6\xa9\
\x25\x17\xf4\x32\x01\xba\x00\x16\x06\xd5\xd4\xc2\x89\x93\x24\xa9\
\xd8\x5e\x95\xf4\x24\x90\x0c\x1f\xdb\xf4\x78\x92\x56\x5b\x17\x5d\
\x7c\x69\x61\x8f\x25\xb1\x37\xd3\x56\xab\x45\xeb\x3f\x00\xcc\x63\
\xef\xe9\x79\xfd\x02\x80\xb2\xda\x75\x2b\xc0\x3d\xf7\xde\xaf\x4a\
\xa5\x78\x5b\x01\x6c\xc1\x70\x74\x74\x44\x37\xdd\x7c\xab\xbe\xb1\
\xe1\x56\xd5\xaa\x59\x77\x01\xc4\x91\xcd\x55\x6b\x36\x75\x72\xf7\
\xdb\xd4\xae\x0b\xa0\x78\xcf\xcc\xfc\xb6\xff\x47\xd3\xd3\xc9\x8a\
\x4a\x2d\x39\x25\xca\x30\x00\xb0\x9b\x30\x7b\xc3\xb9\xef\xfe\xad\
\xda\xfc\x83\x1f\x6b\x70\x70\xa0\x9b\x42\x16\x8b\xeb\x3a\x0a\xc2\
\xb0\xdb\xfa\x3f\x94\x1e\xb5\xc2\xea\x3f\x80\x32\xb3\x70\xd7\xde\
\x1b\xf3\x58\x6b\x5b\xbf\x5b\x1c\x27\x85\xfc\xbc\x01\x80\x85\xde\
\x0a\xf0\xed\x5b\xbf\xab\x6f\x7d\xfb\x76\x8d\x8c\x0c\x17\xae\x0b\
\xd7\x3e\x6b\x6c\xfb\xed\x2d\x1b\x6f\xd7\xd3\x4f\x59\x9f\x69\xc0\
\x1b\x47\x71\x5c\xad\xf9\xd5\x30\x0a\x9f\x99\x24\xc9\x4d\xdd\xfa\
\xaa\x58\x0f\x68\x0e\x11\x00\x2c\xdc\xe3\x18\xd4\x06\x74\x6e\xc5\
\xf3\x9d\x66\x3b\xb4\xf6\xff\x4a\x16\x17\x92\xde\x7c\xc5\x91\x3e\
\xf5\xd9\x2f\x6b\xdb\xb6\x49\x4d\x4c\x8c\x15\xee\x8d\xc7\x52\x54\
\xbb\xf6\xd3\x9e\x7e\x62\xda\xfa\xdf\x6c\x87\x14\xff\x00\x4a\xaf\
\xd9\x6c\xa5\x9d\x51\x8e\x6b\x27\xcd\x2a\x3f\xec\x72\xe2\x44\xb5\
\x5a\x4d\xd5\x6a\x26\x1f\x7d\x00\x90\x8b\xee\x55\xbb\x0f\xb7\xad\
\x00\x6f\x7f\xeb\xef\xe9\xa6\x0d\xb7\x16\xb2\x3b\xaa\x37\x0b\xe0\
\x8a\xab\xae\xd3\x05\xaf\x7d\xb9\x56\xae\x58\xae\x30\x8a\x76\x9e\
\x7a\xb0\xa4\x1c\xf9\x71\xe7\x21\x7c\x91\xa4\x3f\xb0\x79\x6b\xdd\
\x85\xd7\xe2\x3d\xb0\x39\x42\x00\xb0\x80\xed\xff\xad\x76\x70\x46\
\xe2\x55\x32\x1b\x50\xd1\x59\xfd\xaf\xa8\xd1\x6a\xe9\x33\x9f\xfb\
\x47\x0d\x0c\xd4\x0a\xb7\x1a\x63\x6f\x2e\xbd\x37\x9e\xb7\xbd\xe9\
\xb5\xb2\x09\xa0\xf6\x77\x28\xe2\x30\x15\x00\x58\x08\x61\x18\x6a\
\x68\xa0\xa6\x0f\x5d\xf2\x49\xbd\xeb\xdd\x1f\xe8\xde\x8c\x85\xca\
\x0b\xdf\xf3\x75\xff\x96\xad\xfa\xe3\x3f\xba\x50\x6f\xbd\xe0\x3c\
\xcd\x36\x5a\xf2\x7d\x6e\x2f\x00\x94\x8f\xdd\xaf\xda\xc2\xd5\xfa\
\x63\x8f\xd0\xf3\xce\x39\x23\x2d\xa2\xad\xa5\xbe\x48\x8b\x71\x56\
\x4f\x58\xa0\xfb\xef\xff\xfe\xdf\xba\xfc\xaa\xeb\xf4\x86\xd7\xbc\
\x54\xad\x76\x94\xc9\xfb\x7a\xba\x0d\x20\x8a\x23\xdf\x73\x96\x75\
\xb7\x01\x7c\x83\x2e\x80\x03\xc7\x27\xf4\x82\xb6\xff\x3b\x27\x47\
\x9d\x7a\x3b\x93\xe5\x6a\x2b\x94\x6d\x62\xe7\xf7\x7f\xf8\x93\x74\
\xef\x51\xb5\x5a\x2d\x5c\xf2\x68\x6f\x9c\xf7\xdf\xbf\x45\xef\xf8\
\xf3\xb7\xeb\xf8\xb5\x47\x70\x23\x09\x00\xf3\x3a\x00\xb6\x6f\xdf\
\x91\xae\xb2\x5b\x28\x90\x17\xf6\x1e\x6d\xd7\x65\xd7\x07\x00\x65\
\x67\xf7\xde\xb6\x6a\xfd\xfe\xf7\xfc\xa5\x36\x7d\x67\xb3\x26\x27\
\x77\xa4\xef\x93\x45\xba\x27\xb7\x6b\xad\xd7\x6b\xfa\xd6\xad\xdf\
\xd5\xeb\xce\x7f\x49\xa6\x0b\x71\xdd\x6d\x00\x15\xb6\x01\x2c\x1c\
\xfa\xaa\x0f\x5c\x5a\x9d\x5a\xfb\xbf\x1d\x55\x11\x86\x69\xfb\xbf\
\x93\xd5\x9e\x1d\xfb\x83\x2f\x7a\xff\xa5\x6a\x36\x9b\x59\x4f\xee\
\xdc\x67\xf6\xb0\xb5\xdb\x6d\x3d\xfa\xd1\x8f\xd4\xcb\x5f\xf2\x7c\
\xb5\xd3\xa9\xff\xac\xfc\x03\x80\xb1\xf7\x74\x9b\xf1\x62\x37\x92\
\x79\xfb\xb2\xeb\x2a\xda\x67\x0e\x00\x2c\x06\x7b\x2f\xb4\xfb\xd9\
\xb1\x91\x41\x9d\xf7\x8a\x73\x35\x33\x33\x5b\xb8\xfb\x59\xeb\x58\
\xb0\xf9\x05\xd7\x5c\x7b\x63\x7a\xaa\x98\x9d\x2e\x96\x59\x17\xc3\
\x83\xb7\x01\xa4\xc7\xae\x73\x1a\xc0\x81\xe1\xd3\x7a\x81\xda\xff\
\xe3\x28\x38\x23\xe9\x9c\x4f\x99\xc9\x63\x6a\x2f\x4a\x9b\xd4\xf9\
\x8d\x9b\x6f\xd5\x4d\x37\xdf\xa6\xb1\xb1\xd1\x42\xb5\x1b\x19\xbb\
\x89\xdc\xb2\x65\x9b\x5e\xf9\xb2\x17\x68\xf5\x8a\x09\x05\x41\x90\
\xcd\x7e\x23\x00\xc8\xa9\xac\x27\xfd\x73\x0a\x00\x00\xec\x99\x15\
\xfc\xd6\x15\xfc\xaa\x97\xbd\x50\xab\x57\xaf\x4c\x17\xe6\x8a\x76\
\x4f\x6b\xd7\x6b\x97\x6c\xa7\x8a\xd9\xe9\x62\x59\x85\xbc\xbb\xd9\
\x06\x60\xa8\x61\x0f\x00\x0f\xde\x02\xb4\xff\xcf\xcc\x68\x99\x9c\
\x6c\xdb\xff\xd3\x76\xa3\x28\xd2\xcd\xdf\xda\xa4\x66\xa3\x78\xab\
\xff\xf6\x46\x69\x2d\x52\xcf\x3c\xfd\x54\x5d\xf0\xda\x97\x75\x07\
\xff\x15\x2b\x2d\x05\x00\x00\x00\xac\x78\xb6\xd3\xac\x56\xae\x98\
\xd0\x07\xdf\xfb\xae\xf4\xe7\x45\x0b\x00\x6c\x6b\xb1\x9d\x26\xb6\
\xf9\x87\x3f\xd6\x96\x6d\x93\x99\x6e\x63\xb0\x6d\x00\xbe\xe7\x55\
\xe4\xa6\xdb\x00\x32\x5b\x70\xed\x17\x3c\x78\x7d\xd0\xfe\x6f\x2f\
\x46\xdb\xef\x6f\x47\x8f\x7c\xed\xda\x6f\x6a\x74\xb4\x78\x47\x8e\
\xa4\x23\xad\x1d\x27\x9d\x9a\x6a\xc7\xfe\xd9\x9b\x4e\xd1\xde\x28\
\x01\x00\x00\x00\x63\x8b\x71\xad\x76\xa8\x67\x3d\xe3\x24\x9d\x7c\
\xe2\x3a\x4d\x4d\x4d\x17\x6a\x71\xab\x37\x5c\x7c\xcb\xfd\xdb\x74\
\xd5\xd7\xbe\x2e\xcf\x49\x72\xb1\x0d\xe0\xe6\x9b\xd9\x06\x70\xa0\
\x08\x00\xf6\x53\xf7\x49\x67\xed\xff\x03\x49\x1c\x65\xda\xfe\x6f\
\xc5\xb2\xef\x39\xe9\xf0\xbf\x5f\xfd\xea\xee\xf4\xc5\x5a\xa4\x76\
\x4c\x7b\x33\xdc\xb1\x63\x5a\x4f\x3d\xe5\x38\xad\x3f\xf6\x70\x35\
\x5a\xac\xfe\x03\x00\x00\xa0\xd8\xec\x1e\xdd\x0a\xd7\xb7\x5c\xf8\
\xea\x6e\x77\x6e\x71\xee\xcf\x8d\xd5\x13\xb6\xf2\xff\xad\x8d\xb7\
\x2b\x91\x93\xd9\xfd\x79\x67\x1b\x40\x14\xdb\x36\x80\xb5\x6b\xc3\
\xa7\x75\xbf\x4d\x1d\xbb\x9f\x78\xe0\x0e\x80\xb5\xff\xff\xf4\xa7\
\x76\x52\x5d\x7c\x62\x9c\xe1\xe3\x99\x26\x8c\xad\xb6\xfe\xee\x7d\
\x97\xa4\x3f\x16\xad\xfd\xdf\xde\x0c\xed\x9a\xdf\xf4\x86\xf3\xe5\
\x38\xae\x92\xa4\x58\x47\x17\x02\x00\x00\x00\xbb\xb2\x82\xb9\x1d\
\x84\x3a\x6e\xed\x91\x3a\xf5\x94\xe3\xd2\x05\xaf\x22\x2d\x72\xd9\
\x8a\xbf\x75\x16\x5f\x7b\xdd\x4d\xfa\xe6\xcd\xb7\xa6\xf3\xc6\xb2\
\xea\x02\x88\xe3\x24\xec\x6c\x03\x70\x8e\xee\x7e\xab\x38\x0f\x64\
\xce\x14\xad\x52\xcc\xdd\x63\xf7\x5b\xbf\xa5\x13\x7c\xcf\x8d\xa2\
\x30\x8e\xb2\x4c\xe6\x6c\x6f\xce\xf7\x7f\xf8\x63\x0d\x0f\x0f\xa6\
\x69\x63\xd1\x56\xff\xed\x4d\xf1\xf8\x75\x47\xa6\x6f\x92\x45\x7a\
\x63\x04\x00\x00\x00\x1e\x4a\x6f\x5b\xab\x2d\x74\x15\xb1\x0b\xa0\
\xb7\xd0\x68\x73\xc6\x6c\xde\x58\x86\x5d\xc6\x9e\x75\x53\x24\xd2\
\x31\x36\x80\x5d\x52\x7e\xce\xc3\x2d\x18\x02\x80\xfd\xe7\xda\x10\
\x8a\x50\xe1\x19\xbe\xe7\x0d\x44\x51\x1c\x67\xb1\xff\xdf\x52\x38\
\xdf\x95\xbe\xfa\xb5\xaf\xa7\x7b\x74\x8a\xd6\xfe\xff\xe0\xd5\x7f\
\xa7\x50\xe1\x05\x00\x00\x00\xb0\x37\x5d\x00\xb6\xd0\x55\xe4\x2e\
\x00\x9b\x33\xd6\x6a\x47\xaa\x56\x6b\x59\xd5\x1a\xae\x55\x09\x8e\
\x92\xa7\xd9\x00\x76\xc7\x71\x6c\x2b\x36\x73\x00\xf6\x03\x01\xc0\
\xfe\x4f\xff\x0f\x6c\x08\x85\x62\xbd\xc8\xd2\x28\xc7\xe9\x0c\x04\
\x5c\x6a\xf6\x06\x62\x47\x73\x6c\xb8\x65\x53\x7a\x0e\x73\x91\x8a\
\x7f\x56\xff\x01\x00\x00\xd0\xef\x8a\xdc\x05\xd0\x1b\x06\x78\xe7\
\x9d\xf7\xe8\xb6\xef\xdc\x21\xcf\xed\xfc\x7d\x32\x99\x03\x10\x84\
\x81\x0d\x5e\xb7\x01\xec\xdd\x6f\x67\x52\x7f\x15\x1d\x01\xc0\x01\
\x3c\x6e\x36\x84\xc2\x86\x51\xd8\x50\x8a\xac\xa6\xff\xf7\xda\xff\
\x6f\xbb\xfd\x0e\x0d\x0e\xd6\x0b\xb6\x82\xce\xea\x3f\x00\x00\x00\
\xfa\x5b\xd1\xbb\x00\xec\x5a\xed\x14\x83\x9b\x6e\xbe\x55\x49\x1c\
\x67\xb9\xe0\xe8\xda\xe0\xf5\x74\x00\x7b\x92\x0c\x74\x07\xb2\xd3\
\x05\xb0\x8f\x08\x00\xf6\x4f\xe7\x15\xeb\x3a\x47\xdb\x30\x0a\x1b\
\x4a\x91\xc5\x45\xcc\x6f\xff\xdf\xba\x75\xbb\x2a\x95\x6a\x61\x3a\
\x00\xec\x8d\x64\x72\x72\x4a\xa7\x9e\xcc\xea\x3f\x00\x00\x00\xca\
\xd1\x05\xf0\xe6\x37\x9c\xdf\x69\x64\x2f\xc8\x3d\x7b\xaf\xe6\x18\
\x1b\x1b\xd1\xd7\xae\xbb\x31\x3d\xda\x30\xeb\x6d\x00\x36\x80\xdd\
\x06\xb1\xdb\x40\xf6\x2c\x2e\xa2\xe8\x08\x00\xf6\x51\x37\x65\x0a\
\x2d\x75\x72\xa4\x63\xba\x67\x52\x66\x52\xb9\x16\xb9\xfd\xdf\xde\
\x04\xeb\xf5\xba\xde\xf2\xc6\x57\xb3\xfa\x0f\x00\x00\x80\x72\x9c\
\x08\xb0\xee\x48\x9d\xf1\xcc\x53\x35\x3d\x3d\x53\x98\xc5\xaf\xbc\
\x6c\x03\x30\x51\x68\xc7\x01\xba\xd1\x63\x7f\x4b\xa7\x74\xbf\x45\
\x3d\xbb\x8f\x78\xc0\xf6\x83\x0d\x9d\x48\x8f\xff\x53\x72\x6a\xb7\
\xe9\x64\xc9\x1f\xc7\x22\xb7\xff\x5b\xc1\xdf\x6e\x07\x5a\xb3\x66\
\xa5\x0e\x7f\xca\x13\xec\x1c\xc5\x02\x1e\x5d\x08\x00\x00\x00\xec\
\xdb\x4a\xba\xe7\x3a\x3a\x61\xfd\xd1\x6a\x36\x5b\xe9\x3d\x71\x51\
\xe4\x61\x1b\x80\x6d\xb9\xee\x1e\x07\x38\xe0\x24\xd1\x31\xbd\x4b\
\x5b\xf2\x0b\x29\x38\xaa\xae\xfd\x7c\xcc\x2c\x75\xf2\x5d\x27\xb2\
\x14\x2a\x8b\x8b\x28\x7a\xfb\xff\xcc\xcc\xac\x5e\xf2\xa2\x73\x34\
\x50\xab\x2a\x08\x82\x42\xbd\x01\x02\x00\x00\x00\xfb\x73\x0f\x1c\
\x44\x89\xce\x39\xeb\x74\x3d\xe6\x31\x8f\x52\xb3\xd9\x2c\xcc\x3d\
\x70\x8e\xb6\x01\xa4\xc7\x01\x5a\x27\x76\x77\x0e\x80\x75\x66\x17\
\xe3\x41\xcc\x09\x02\x80\x7d\x97\xa6\x4c\x96\x3a\x59\xfa\x64\x29\
\x54\x16\x03\x00\x8b\xda\xfe\x6f\x0f\x55\xab\xd5\xd2\xa1\x87\x3e\
\x5a\xe7\xbd\xfc\x5c\x25\x8e\xcb\xea\x3f\x00\x00\x00\xfa\x5e\xda\
\x05\x1b\x04\x3a\x68\xf5\x0a\x9d\xf7\x8a\x73\x35\x37\xd7\x2c\xcc\
\x7d\x70\x8e\xb6\x01\xb8\x56\xee\x5b\x27\x76\x77\x0e\x40\x31\x5a\
\xa0\x73\xa4\x18\xcf\xb8\x9c\xc8\xcb\xfe\xff\x22\xb7\xff\xf7\x8e\
\xfe\x3b\xe7\x39\xa7\x6b\xd5\x8a\x89\x34\x0c\x28\x4a\xf2\x09\x00\
\x00\x00\x1c\x08\xcf\x75\x15\x25\xd2\xcb\x5e\xfc\x3c\x2d\x5b\x36\
\xae\x30\x0c\x0b\x73\x2f\x9c\x87\x6d\x00\x3b\xe7\x00\xb8\x0e\x73\
\x00\xf6\x13\x0f\x56\x01\xf7\xff\x17\xb9\xfd\xdf\x82\x8a\x5a\xad\
\xaa\x13\x8f\x3b\x56\x76\xc9\x45\x79\xc3\x03\x00\x00\x00\x0e\x94\
\xdd\xfb\x06\x41\xa8\x89\xb1\x11\x1d\x7e\xd8\x13\xd3\x6d\xb1\x45\
\xe9\x02\xd8\xb9\x0d\xe0\xda\x1b\xd5\x0a\x42\x55\x6b\x4b\xbf\x0d\
\x80\x39\x00\x07\xae\x18\xcf\xb6\xfc\xc8\x7c\xff\x7f\xba\xfa\xef\
\x79\x9a\x9d\x6b\xe8\xa6\x9b\x6f\x2b\x54\xfb\xbf\xa5\x86\x36\xf1\
\xf4\x99\xa7\x9f\xa2\xa7\x9e\xbc\x3e\x7d\xe3\x28\xca\xf4\x53\x00\
\x00\x00\x60\x21\x17\xc4\x7e\xff\xcd\xaf\x55\xbd\x5e\x2b\x4c\x27\
\x6f\x6f\x1b\xc0\x5d\x77\xdf\xa3\x6f\x6d\xfc\x8e\x3c\xa7\xf3\xbd\
\x0c\x30\x07\xe0\x00\x10\x00\x14\x71\xff\xbf\xef\x2b\x4e\x1c\x7d\
\x6f\xf3\x0f\x35\x30\x50\x9c\xf6\x7f\x7b\xa8\x6c\xe2\xe9\x09\xeb\
\x8f\x91\xeb\x74\x52\x44\x00\x00\x00\xa0\x4c\x6c\xc5\x3f\x8c\x92\
\xf4\x34\xac\x35\xab\x57\xa9\xdd\x6e\x17\xa6\x2b\xd6\xb6\x21\x6f\
\xdf\xbe\x43\x3f\xfc\xd1\x4f\xb3\xbc\x9f\x67\x0e\xc0\x01\xf0\x0f\
\xe4\xff\x5c\xd2\xfd\xff\xb5\x66\x10\x65\xb6\xff\xdf\x8a\x7d\x7b\
\xb1\x7d\xe7\x7b\x3f\x48\x8b\xe9\xa2\xb4\x0c\xf5\x86\xff\xfd\xe6\
\x6f\x3e\x26\x9d\x7c\x6a\x6f\x7a\x65\x5a\xfd\x2f\x46\x8f\x06\x80\
\xbc\xbe\x7f\x24\x85\xbb\xda\xe2\x5c\x31\x80\x3c\x29\x46\x11\xbc\
\x30\xdb\x00\x02\x0d\xd4\x2a\x7a\xe9\x8b\x9f\xab\xbf\x7c\xd7\xfb\
\x54\xaf\xd7\x0b\xb1\x38\x66\xd7\x38\x34\x34\xa8\x1f\xfe\xe8\x9f\
\xd3\x81\xe4\x7e\xa5\x92\xed\x1c\x80\xc7\x86\x27\x4b\xba\xa1\xbb\
\xb0\x9d\xff\x07\x30\x07\x08\x00\xf6\x81\xa5\x4b\xf7\xdf\x9f\x54\
\x47\xc6\x92\xa7\x76\x6f\x6d\x96\xbc\xfa\xb6\x36\x1b\x47\x89\x6e\
\xba\xe5\x56\x6d\xdd\x3a\xa9\x35\x6b\x56\xa6\xc3\x43\xf2\xce\x8a\
\xfd\x2d\x5b\xb6\xe9\x35\xe7\xbd\x38\x9d\x7c\x3a\xdb\x68\xa5\x09\
\x62\x59\xf8\x05\x49\x75\x01\xe4\x90\xe3\xa4\xb7\xc4\x6e\xee\xdf\
\x47\xec\xfa\x1c\xc9\xf1\x3b\x5f\x00\xb0\xaf\x92\xb8\x34\x01\x62\
\xba\x88\xe7\x7a\x7a\xc5\x4b\x9e\xaf\xf7\x7f\xf8\xe3\xe9\xfd\xbc\
\x7d\x2f\xef\x5b\x7b\xed\xfa\x06\x06\x6a\xfa\xd6\xc6\xdb\xb5\x6d\
\xfb\x94\x56\xaf\x5e\x91\xce\x34\x58\xca\x0e\x06\xeb\xc0\x8e\xa2\
\x38\xac\xd6\x2a\x03\x61\x14\x9e\x44\x00\xb0\x6f\xf8\x84\xde\x47\
\xb5\x9a\x6a\x92\xe6\x24\x8d\x65\xf1\x82\xab\xd5\x6a\x9a\x9c\x9a\
\xd1\x57\xaf\xfe\xba\x26\x26\x46\x0b\x91\x14\x1a\xbb\xce\xd1\xd1\
\x11\x9d\x7c\xe2\x3a\xa5\x7b\x76\x72\x7f\x23\xbb\x70\xec\x6d\x7c\
\x2a\x0c\x72\xff\x86\x0e\x20\x9f\xc2\x28\x54\x18\xb9\x6a\x46\x51\
\x8e\xd7\xc6\xac\x17\xb3\x2d\x45\x73\x52\xd8\xe2\xf6\x02\xc0\x7e\
\xb0\x1b\xc4\xaa\xe4\x66\xb3\xa2\x9c\xd5\x30\xc0\xf1\xb1\x11\xad\
\x5f\x7b\x94\xae\xbf\x61\x43\x7a\xaf\x9c\xf7\x7b\xfb\xce\x69\x64\
\x15\x6d\xdb\x36\xa9\xcb\xfe\xf1\xab\x7a\xcb\x1b\x5e\x95\x7e\x3e\
\x2d\xf5\xc2\x9e\x3d\x7e\x76\x67\xed\xba\x2e\xfb\xff\xf7\x11\x9f\
\xd0\xfb\xf6\x58\x05\xd5\x7a\x74\x5e\xad\xe2\x8f\x36\xdb\x61\xe0\
\x38\x4e\x26\xef\x50\xd6\xfa\x3f\x3b\x37\x57\x98\x22\xba\xd7\xe6\
\xf4\x88\x47\xac\xd1\xba\x63\x8e\xb4\x23\x14\x0a\xb3\x75\xe1\x40\
\x24\xdd\x95\xff\xa9\xa0\xad\x93\xbf\x73\x7d\x1a\x02\xd8\x3f\x13\
\x03\x00\xd8\x27\x61\x2c\x8d\x0d\xaa\xfd\xcb\x7f\xd3\x78\xb5\xa6\
\x30\x5d\x21\xcb\x91\x24\x54\x52\x19\x91\x7f\xd7\x15\xd2\x8f\x6f\
\x52\x6d\xd2\x86\xd5\x66\x7d\x51\x00\x0a\xc5\xf1\xa4\xf6\x76\x85\
\x8f\x39\x5f\xe1\x63\x7e\x57\x4e\xbb\xdd\xf9\x5e\x9f\x4b\xdb\xe9\
\x07\x6a\x3a\xf9\x84\xb5\xba\xfa\x6b\xdf\x28\xd4\xbd\xbd\x5d\xfb\
\xd4\xd4\x4c\x96\x0b\x5c\xbe\x2d\x2a\x26\x49\xfc\xba\xfb\xee\x73\
\xff\x7a\xf5\x6a\x67\xc6\x82\x00\xc7\x71\xb8\xd5\xde\x03\x02\x80\
\x7d\x60\x4f\xaa\x76\x18\x8f\x67\xb5\x41\xc9\x5e\x68\xf5\xaa\xaf\
\x2f\x7e\xe5\x2a\xdd\x7d\xf7\x7d\x5a\xb1\x62\x59\xe1\xda\xff\x6b\
\x55\x5f\xcd\x76\xb9\xda\xff\x7b\x1d\x00\x3b\x82\x36\x01\x00\x80\
\x7d\x67\x07\xcf\x86\x15\xb9\x51\x94\xe3\xc9\xbd\xdd\x0e\x80\x70\
\xda\xa6\xe5\x94\xa5\x83\x17\xc0\x42\xb1\x62\x3f\x9c\xea\xbc\x8f\
\x94\x88\xdd\x23\x5b\xc6\x7b\xe6\xb3\x9e\xae\x77\xfd\xf5\x07\x14\
\x04\x6d\xb9\xae\x97\xfb\xae\xd1\x4e\x67\xef\xb0\x2e\xfb\xca\xd5\
\x7a\xd3\xeb\x5f\xa5\xe1\x91\xe1\xb4\x26\x59\xea\x00\xc3\x1e\x25\
\xc7\x71\xea\x03\x03\xaa\x4b\x9a\x59\xd2\x3f\xbc\xc0\xca\x53\x85\
\x1d\x80\x6e\x9a\x14\x6c\xdb\x96\x8c\x0d\x0e\xc7\xe7\x47\x89\x9b\
\xd9\x63\x67\x6f\x08\x96\xb6\x15\x65\xf2\xff\xfc\xf6\xff\x53\x4e\
\x5a\x2f\xc7\x75\x0b\x93\x6e\x2e\x24\x2b\xfc\x7b\x5f\xf9\x7e\x4b\
\x07\x90\x3b\xf6\x9e\x69\xef\x1d\xb9\x7f\xef\xec\xed\xff\xef\x9c\
\xcd\x04\x00\xfb\x14\x00\xa4\xb3\x43\xca\xf5\xe6\x61\xf7\xc4\x56\
\x38\xaf\x58\x36\xae\x75\xc7\x1e\xa9\xeb\xbf\x5e\x8c\x6d\x00\xc6\
\xba\x79\x1b\x8d\x86\x1a\xcd\x56\x1a\x00\x2c\xb5\x74\x0e\x40\x18\
\x05\x95\x8a\x37\x94\xd4\xa3\xd7\x4a\x7a\x57\xaf\x63\x7b\xc9\x2f\
\xa6\x60\xf2\xbb\x98\x90\x43\xff\xf5\x5f\x9a\xb3\x53\x00\xb2\xb8\
\x07\xeb\xed\xff\xdf\x31\x35\x9b\xa6\x6d\x96\xba\x15\xe1\xcd\xa1\
\xac\xed\xff\x0f\x37\x17\x9b\x2f\xbe\xf8\xe2\x6b\x7f\xbe\x8a\x21\
\xeb\x47\x89\x2f\xbe\xf8\x2a\xf6\x57\xf9\xa4\x1d\xbe\xb5\xaa\x4e\
\x3e\x71\xed\x92\x0f\xd3\x3b\x90\xba\xa4\x5a\xad\xa6\x1d\xc9\xd6\
\x99\xec\xbb\xd9\x1c\x07\x68\xd7\xe1\xca\xd6\x17\xbd\xfc\xb7\x44\
\xe7\x48\xf9\x2a\xb1\x03\x78\x9c\x1e\xff\x64\x9d\xec\x7b\x6e\x35\
\x8a\xe2\xcc\x2a\xef\x46\xab\x95\xa6\x6d\x45\x29\xa2\xad\xb5\x69\
\xc7\x8e\x69\x3d\xeb\xf4\x53\xd3\xf6\xff\x76\xbb\x55\x88\x37\x36\
\x00\x00\x00\x60\x29\xb7\x01\x2c\x5f\x3e\x91\x6e\x03\x28\xca\xbd\
\xb2\x75\x24\x67\x3c\x07\xc0\xb5\x39\x00\x71\x1c\x9d\xfc\xb3\x9f\
\x25\x36\xa8\x3d\xff\xab\xa3\x39\x50\x8c\x2a\x32\x27\x8f\x93\xab\
\xf8\xa9\xbe\xe7\xd5\xc2\x30\x8a\xad\xed\x64\x29\x2f\xc0\x52\x35\
\xcf\x95\x3e\xf7\x85\xcb\xd3\xb4\xcd\x52\xb7\xbc\xef\x0f\x32\xb4\
\xff\x03\x00\x00\x00\x7b\xb7\x0d\x60\x6e\xae\x59\x88\x85\xbe\xde\
\x3d\xfe\x17\xbf\xfc\x55\x6d\xdd\x3e\x95\x76\x2a\x67\x50\x9b\xb8\
\x9d\xde\x91\xf8\xd4\x55\xab\x34\x68\x47\xb6\x73\x22\xc0\x9e\xe5\
\xff\xd9\x95\x23\x49\x92\xdc\x67\x3f\x66\x51\xc4\xda\x0b\xca\xe9\
\xa5\x84\x61\x31\xc2\xad\x5e\xfb\xff\x41\x07\xad\x2a\x75\xfb\x3f\
\x00\x00\x00\xb0\x37\xdb\x00\xda\xed\xa0\x30\x0b\x66\x76\x99\x16\
\x5e\x0c\x0c\xd4\x33\xbd\x06\x25\xce\xf4\xd8\x98\xa6\x33\xbb\x88\
\x82\xa1\x1a\xdb\x3b\x51\xb7\xad\xe4\xa9\xd6\x66\xb2\xd4\x8f\x9b\
\x15\xff\x95\x4a\x45\xb3\x73\x0d\x6d\xfa\xce\x66\x0d\x0e\xd6\x0b\
\x31\x04\xd0\xc2\x0a\x6b\x0b\x7a\xfe\x39\x67\xd0\xfe\x0f\x00\x00\
\x00\x3c\xcc\x36\x80\xb3\x9e\x7d\x9a\x0e\x3e\x78\xb5\xda\xed\x62\
\x6c\x03\xe8\x6c\xf5\x9d\xd2\xc6\xdb\xbe\x2b\xd7\xe9\xd4\x2c\x4b\
\x2d\x0c\xe3\xc8\xf7\x9c\xc1\x66\xa8\x53\xba\xdf\xa2\xbe\xdd\x03\
\x1e\xa0\xbd\x3b\x01\x20\xb6\xb6\x12\x6b\x2f\x49\x32\x7a\xdc\xec\
\x05\x66\x3d\x00\xb7\x7f\xef\x07\xaa\xd7\x8b\xd1\xfe\x6f\xd7\x68\
\xd7\x6d\xed\x41\x9e\xed\x5f\x00\x00\x00\x00\xb0\x5b\x83\x03\x03\
\x1a\x1a\x1c\x2c\xcc\x7d\xbe\x2d\x50\x6e\xd9\xb2\x5d\x3f\xf8\xa7\
\x9f\xa6\x01\xc0\x52\x0f\x02\x4c\x4f\x02\x88\xa2\xd8\xb6\x68\xdb\
\x56\xed\xee\xb7\x29\x3a\xf6\x80\x07\x68\x2f\xa5\x6d\x25\x89\x33\
\x9d\xd5\x09\x00\xf6\xa2\xba\xed\xf6\xcd\x6a\x35\x5b\xe9\xf9\xa0\
\xc5\xd8\xcf\x14\x68\x62\xd9\x98\x5e\xf8\xdc\x33\x15\x25\x9d\x10\
\x03\x00\x00\x00\xc0\x83\xef\x9b\x5b\xad\x96\xc6\x47\x87\x74\xe6\
\xb3\x9f\xae\xed\xdb\xa7\x0a\x71\xdf\x6c\x05\xff\xf0\xf0\xa0\x7e\
\xf8\x4f\x3f\xd5\x5c\xa3\x95\x06\x02\x4b\x1d\x5e\xf4\x3a\x25\x7a\
\x5b\xb5\xb1\x67\x04\x00\x7b\xf9\x18\x59\x5b\x89\xb5\x97\x58\x9b\
\xc9\x52\x5f\x80\xb5\xfb\x5b\x00\xb0\xe9\xbb\x9b\xd3\x94\x2d\x8b\
\x17\xd7\xfe\xbc\x18\x1b\x8d\x96\x4e\x38\xee\x58\x2d\x9b\x18\x55\
\x10\x46\x85\x68\x65\x02\x00\x00\x00\x96\x9a\xdd\x27\x5b\xb7\xef\
\x29\x27\xae\xd7\xf2\xe5\xe3\xe9\xde\xfa\xbc\xdf\x3b\x5b\x3d\x52\
\xaf\xd7\xb4\x71\xd3\xf7\xd4\x68\xb6\xe4\xfb\x5e\x66\x27\x01\xd8\
\x56\x6d\x4e\x02\xd8\x3b\x04\x00\xfb\x78\x02\x80\xb5\x99\x2c\xf5\
\x09\x00\xbd\x17\x98\xef\x79\xe9\x0b\x2b\xef\xc5\xbf\xb1\xd4\x72\
\x66\x66\x4e\x4f\x79\xd2\xef\xa4\x43\x4d\xc2\x20\xc8\xfa\x92\x00\
\x00\x00\x80\x5c\xb2\x41\xd9\x56\xc8\x1e\x73\xd4\x61\xaa\xd5\x6b\
\x76\xb4\x9d\x8a\x20\x0d\x01\x6a\xb5\x74\xf0\x77\x46\x25\x0a\x27\
\x01\xec\x23\x02\x80\x9c\x9f\x00\x60\x2f\x2a\x3b\x56\x63\xfb\x8e\
\x69\x7d\xf6\x0b\x57\x68\x64\x64\x68\xc9\xf7\xd7\xec\xef\xf4\xff\
\x95\x2b\x97\xe9\xb0\x27\x3f\x21\x7d\x33\x2b\x42\x1b\x13\x00\x00\
\x00\x90\x15\xbb\xc7\x77\x9d\x44\x6b\x8f\x39\x42\xcd\x66\xfe\x07\
\x01\xf6\xea\x94\x5f\xfd\xea\x2e\x7d\xee\xb2\x2b\xe4\xbb\x4b\x3f\
\x07\xc0\x70\x12\xc0\xbe\x21\x00\xc8\xf9\x09\x00\x0f\x70\x0a\x33\
\x11\xd4\x58\x6a\x69\xe9\xe5\xfa\xb5\x47\xa6\x01\x40\x51\xae\x1b\
\x00\x00\x00\xc8\x6a\x01\x6d\x68\x70\x40\x87\x3d\xf9\xf1\x69\x27\
\x6d\x51\x16\xd0\xa2\x28\x56\x10\x84\x99\xfd\xf9\x9c\x04\xb0\x6f\
\x78\x70\xf6\xe2\x04\x80\x4a\x45\x03\x52\x72\x4a\x56\x27\x00\x18\
\x2b\xfe\x8b\xf4\x06\x66\xa9\xa5\xa5\x97\xb6\x9b\x29\xef\x1d\x0b\
\x00\x00\x00\x40\xd6\xac\xe0\xb7\x85\x33\xeb\xa0\xb5\x4e\x5a\x0b\
\x04\x8a\xb0\x88\x66\xdb\x17\x2c\x00\xc8\x62\x9b\xf2\xfc\x93\x00\
\xa4\xf8\xd4\xde\x25\x2d\xf9\x85\x14\x08\x0f\xce\x5e\x18\x1c\x94\
\x45\x5a\xb3\x59\xfc\xd9\x56\x3c\x5b\x3b\x8d\xb5\xd5\xdc\x79\xe7\
\xdd\x69\x9b\x4d\xde\x67\x00\xf4\xf6\xff\x5b\x7a\x69\x29\x66\x51\
\xde\xbc\x00\x00\x00\x80\xac\xd8\xfd\xb2\x05\x00\xd6\x41\x5b\x94\
\x39\x00\x56\xab\xd8\x16\xe5\xcf\x5f\x76\x65\xba\x65\x39\x8b\x5a\
\xa5\x57\x67\x38\x49\x32\xb5\xa4\x7f\x70\x41\x11\x00\xec\x85\x81\
\x01\xd5\xad\xae\xcd\xf2\x1a\x2c\x55\xb3\xf6\x9a\xa2\xb4\x2f\xad\
\x58\x31\x91\x06\x00\xec\xff\x07\x00\x00\x00\xf6\xbe\xa0\xb6\x0e\
\xda\x63\x8f\x3a\xac\x10\x73\x00\x8c\x5d\x63\xa7\x5b\x39\xdb\x6b\
\x75\x1c\x67\x90\x01\x80\x7b\x46\x00\xf0\xf0\x7c\xfb\x9f\x6a\x3d\
\x7a\x75\xad\xe2\x0f\x07\x41\x18\x64\x75\x02\x80\x05\x00\xd6\x5e\
\x53\x94\x37\xae\xb1\xb1\x51\x1d\xb7\xee\x68\xf6\xff\x03\x00\x00\
\x00\xfb\x38\x07\xc0\xb6\xd2\xce\xcd\x35\x0b\x73\xff\x9f\xf1\x96\
\x65\x3f\x4a\xac\x66\x8a\x5f\xb3\x65\x8b\x86\x1d\xc7\x09\x08\x02\
\x1e\x5a\x71\x9e\x51\x19\x72\x1c\xc7\x3a\x00\x32\x29\xfc\x7b\x27\
\x00\x58\x5b\x4d\x11\x4e\x00\xd8\x79\x64\xa1\xef\xa9\xd1\x68\x66\
\x7d\x29\x00\x00\x00\x40\xa1\x42\x80\xa4\xb7\x0d\xd8\xcf\x7f\x17\
\x6d\xaf\x5e\xb1\xad\xca\x59\x9e\x04\xd0\x55\x77\x9c\x8c\xdb\x10\
\x0a\x80\x00\xa0\x10\x8a\x73\x02\x80\xb5\xfb\x4f\x4f\xcf\xea\x25\
\x2f\x3a\x47\xcb\x27\x46\xd5\x6a\xb5\x0a\x71\xdd\x00\x00\x00\x40\
\x1e\xee\xa5\x6d\xd7\xaf\xdd\x4b\x1f\x72\xc8\x41\x85\xb9\x97\xce\
\xfa\x24\x80\xae\xd8\xf3\xa8\x6f\xf7\x84\x07\x68\x2f\x24\x49\x92\
\xc9\x00\xc0\xa2\x9e\x00\x10\x86\x91\x42\xdb\xbf\x54\x80\x37\x2b\
\x00\x00\x00\x20\x4f\xec\x16\xba\x52\xa9\xa8\x59\x90\xe2\x3f\xeb\
\x93\x00\x8c\x3d\x4c\xb6\x0b\xe0\x3f\xff\x33\x9b\xc1\xed\x45\x42\
\x00\xf0\xf0\xa2\x9f\xfd\x2c\xa9\x49\x3a\xc5\xf6\xb2\x2f\xf5\xe3\
\xf5\xc0\x09\x00\x57\x16\xe6\x04\x00\xdb\xb7\xb4\x6c\xd9\xb8\xd6\
\x1e\x7d\x44\xba\xff\xbf\x48\xfb\x96\x00\x00\x00\x80\xac\x85\x61\
\xa8\x81\x7a\x4d\xeb\x8e\x39\x42\xcd\x66\xfe\x43\x80\x07\x9f\x04\
\x30\x93\x49\xcd\x12\x86\x71\xe4\xbb\x4e\xfd\xf1\x4f\xd6\xc9\xdd\
\x6f\x51\x84\x3c\x04\x1e\x98\x87\x60\x83\x23\x1c\xc7\x89\x57\xac\
\xb0\x13\x00\x92\x53\x92\x0c\x1f\x2f\x6b\xfd\x89\xbb\x09\x44\xfe\
\x57\xff\x43\x2d\x5f\x3e\xa1\xe3\xd6\x1e\xc5\x00\x40\x00\x00\x00\
\x60\x9f\x07\x01\x86\x1a\x1c\xa8\xe9\xb8\xf5\x47\xa7\x33\xb5\x8a\
\xb0\xa0\x66\xd7\xdd\x6a\xb5\x15\xc7\x4b\x7f\x6a\x99\x15\x6d\x51\
\x14\xc5\xbe\xe7\xd5\x5c\xc5\xa7\x74\xbf\x9d\xff\x07\x2d\x23\x3c\
\x30\x7b\x10\xc7\xe9\x1c\x8e\x4c\x5b\x49\x7c\x3f\x3d\x8c\xa0\x10\
\xec\x0d\x6a\x7a\x7a\x46\x33\xb3\xb3\x69\x2b\x0e\x00\x00\x00\x80\
\xbd\xd7\x5b\x40\xdb\xb2\x65\x5b\xba\x92\x5e\x94\x05\x35\xcf\x73\
\xd3\xaf\x2c\xf4\x1e\xa3\xac\xb7\x6e\x17\x01\x01\xc0\x1e\x74\x07\
\x49\x64\xf6\x38\xd9\x8b\xbe\x28\xc3\x3f\xec\x1a\x2d\xa5\x5c\xbf\
\xf6\x48\x0d\x0f\x0d\xe6\x61\x10\x08\x00\x00\x00\x50\x28\x76\x4f\
\x6d\x9d\xb4\x76\xa4\xf6\xc4\xc4\x58\xba\xc5\xb6\x08\x6c\x10\xa0\
\x75\x01\x64\xc9\x71\x9c\xe2\xac\x9c\x66\x84\x00\x60\x0f\x6c\x90\
\x84\x0d\x94\x58\xea\xfa\xfb\x81\x23\x00\x67\xf4\xf9\xcb\xae\x2a\
\xc4\x11\x80\xb6\xfa\x6f\xfb\x94\xd6\xaf\x3d\x2a\x6d\x5b\xb2\xed\
\x00\x45\x08\x2e\x00\x00\x00\x80\x3c\xdd\x53\x5b\x00\x60\x8b\x6a\
\xcb\x96\x4d\xe4\xfe\x9e\xba\x57\xb7\xdc\x75\x97\x1d\x05\x78\x65\
\xa6\x47\x01\xd2\x01\xb0\x67\x04\x00\x7b\x78\x6c\x6c\x90\x84\x0d\
\x94\xb0\xc1\x12\x99\x75\x00\x14\xe4\x08\x40\x63\xd7\x69\xed\xff\
\xbd\x9f\x03\x00\x00\x00\xd8\x77\x73\x73\x8d\x74\xf5\xbf\x28\xf7\
\xd4\x36\xb3\xcc\xea\x96\x8c\xb8\xdd\x91\x69\xa7\x74\x87\xb8\xe7\
\x7b\xe5\x34\x43\x04\x00\x7b\x78\x6c\x6c\x90\x84\x0d\x94\xb0\xc1\
\x12\x36\x60\x22\x93\x0b\x29\xc8\x8b\xde\xb8\xae\xa3\x7a\xbd\x9e\
\xf5\x65\x00\x00\x00\x00\x85\xe6\x79\x5e\x21\x4e\x01\xcb\x49\xdd\
\xe2\x76\x1e\xa5\xe4\x14\x1b\xe2\x6e\xc3\xdc\x6d\xa8\x7b\x56\x17\
\x93\x67\x04\x00\x7b\xd9\x46\x92\x55\xf2\x56\x94\xe2\xbf\x33\xf9\
\xb3\xa5\x83\x0f\x3e\x48\x2f\x7e\xe1\x73\x14\xc6\x9d\x37\x2d\x00\
\x00\x00\x00\xfb\x7e\x5f\x3d\x31\x36\xac\xdf\x7d\xe1\x59\x9a\x9e\
\x9e\x2d\xcc\x7d\x75\x0e\x6a\x97\xd9\xee\x10\x77\x3c\x04\x02\x80\
\x9c\x3f\x46\xd6\x46\x53\x84\x23\x00\x7b\x6c\xf2\x67\xad\x56\xcd\
\xfa\x32\x00\x00\x00\x80\xc2\x07\x01\x45\xea\x00\x48\x83\x8b\x76\
\x3b\xeb\xeb\xa5\xbe\xdd\x03\x1e\xa0\x9c\xb2\xc1\x19\x36\x40\xc3\
\x06\x69\xd8\x40\x8d\xa2\xbc\xf8\x6d\xfa\xa7\x7d\x01\x00\x00\x00\
\x38\x30\x36\x00\xb0\x28\xb5\x8b\x0d\x2d\xb7\xe1\xe5\x36\xc4\xbc\
\x28\xb5\x4b\x19\x11\x00\xe4\x5c\x91\x3a\x00\x3a\x13\x40\xab\xe9\
\xe4\x52\x00\x00\x00\x00\x07\xc6\x0a\x69\x9b\xb1\x55\x04\x39\xe9\
\x00\xc0\x1e\x50\xa9\xed\x59\x5c\xf2\x7d\x34\x7b\xc5\xf6\x25\xd9\
\xfe\x24\xdb\xa7\x64\xfb\x95\x6c\xdf\x52\x51\x26\x96\x02\x00\x00\
\x00\x79\xbb\xb7\xb6\x99\x5a\x36\x5b\xcb\x66\x6c\x15\xe5\xde\x3a\
\x0f\xb5\x4b\x14\x65\x5b\xbf\xe5\x1d\x01\xc0\xc3\xb0\xc9\x91\x8e\
\xe3\x30\xd2\x7e\x5f\x3a\x00\xaa\xd5\x42\xbc\x39\x01\x00\x00\x00\
\x79\x67\xf7\xd6\x45\xe9\x00\xc8\x09\x67\x60\x40\xd4\x6f\x0f\x83\
\x00\xe0\xa1\x0b\xff\x60\xcb\x16\x0d\x27\x49\xfc\x9a\xa8\xd3\xc5\
\xe2\x67\x7d\x5d\x45\x10\xd3\xf2\x03\x00\x00\x00\x2c\x08\xee\xad\
\xf7\x4e\x5a\xbc\x05\x61\x50\xab\xf8\xc3\xd5\x7a\xf4\xea\xee\xb7\
\xa9\xdf\x76\x83\x00\xe0\x61\x38\x8e\x2c\x6e\xab\x97\xbd\x8d\x06\
\x00\x00\x00\x00\x0a\x50\xbf\xd0\xc1\xbd\x07\x04\x00\x7b\x16\x67\
\xd9\x52\x6f\x83\x34\x8a\xd4\x52\x4f\x4a\x09\x00\x00\x00\x94\xf3\
\xfe\xda\x86\x97\x5b\xfd\x92\xa5\x24\x49\x98\x01\xf0\x30\x08\x00\
\x72\x3b\x4d\xbf\x96\x1e\xa1\x61\x47\x69\xd8\x91\x1a\x76\xb4\x46\
\xde\xd9\xfe\x24\xdb\xa7\x04\x00\x00\x00\xe0\xc0\xd9\x42\xa0\xdd\
\x5f\xe7\x7d\xb2\x7e\xaf\x7e\xb1\xe3\xcb\xed\x18\x73\x3b\xce\xbc\
\x08\xf5\x4b\x19\x11\x00\xe4\x58\x51\x3a\x00\xd2\x23\x3f\x5a\xad\
\x74\x42\xa9\x4d\x2a\xb5\x89\xa5\x36\xb9\x14\x00\x00\x00\xc0\xfe\
\xdf\x5f\xdb\xe9\x5a\x76\xca\x96\x9d\xb6\x55\x84\xfb\xeb\x3c\x74\
\x00\xe0\xe1\x11\x00\xe4\x5c\x91\x66\x00\xd0\x01\x00\x00\x00\x00\
\x94\xaf\x03\xa0\xa8\xf5\x4b\x19\x11\x00\xa0\xb4\x7b\x94\x00\x00\
\x00\x80\xbc\xe3\xfe\x1a\x0b\x89\x00\x00\x00\x00\x00\x00\x80\x12\
\x20\x00\x00\x00\x00\x00\x00\xa0\x04\x08\x00\x00\x00\x00\x00\x00\
\x28\x01\x02\x00\x00\x00\x00\x00\x00\x4a\x80\x00\x00\x00\x00\x00\
\x00\x80\x12\x20\x00\x00\x00\x00\x00\x00\xa0\x04\x08\x00\x00\x00\
\x00\x00\x00\x28\x01\x02\x00\x00\x00\x00\x00\x00\x4a\x80\x00\x00\
\x00\x00\x00\x00\x80\x12\x20\x00\x00\x00\x00\x00\x00\xa0\x04\x08\
\x00\x00\x00\x00\x00\x00\x28\x01\x02\x00\x00\x00\x00\x00\x00\x4a\
\x80\x00\x00\x00\x00\x00\x00\x80\x12\x20\x00\x00\x00\x00\x00\x00\
\xa0\x04\x08\x00\x00\x00\x00\x00\x00\x28\x01\x02\x00\x00\x00\x00\
\x00\x00\x4a\x80\x00\x00\x00\x00\x00\x00\x80\x12\x20\x00\x00\x00\
\x00\x00\x00\xa0\x04\x08\x00\x00\x00\x00\x00\x00\x28\x01\x02\x00\
\x00\x00\x00\x00\x00\x4a\x80\x00\x00\x00\x00\x00\x00\x80\x12\x20\
\x00\x00\x00\x00\x00\x00\xa0\x04\x08\x00\x00\x00\x00\x00\x00\x28\
\x01\x02\x00\x00\x00\x00\x00\x00\x4a\x80\x00\x00\x00\x00\x00\x00\
\x80\x12\x20\x00\x00\x00\x00\x00\x00\xa0\x04\x08\x00\x00\x00\x00\
\x00\x00\x28\x01\x02\x00\x00\x00\x00\x00\x00\x4a\x80\x00\x00\x00\
\x00\x00\x00\x80\x12\x20\x00\x00\x00\x00\x00\x00\xa0\x04\x08\x00\
\x00\x00\x00\x00\x00\x28\x01\x02\x00\x00\x00\x00\x00\x00\x4a\x80\
\x00\x00\x00\x00\x00\x00\x80\x12\x20\x00\x00\x00\x00\x00\x00\xa0\
\x04\x08\x00\x00\x00\x00\x00\x00\x28\x01\x02\x00\x00\x00\x00\x00\
\x00\x4a\x80\x00\x00\x00\x00\x00\x00\x80\x12\x20\x00\x00\x00\x00\
\x00\x00\xa0\x04\x08\x00\x00\x00\x00\x00\x00\x28\x01\x02\x00\x00\
\x00\x00\x00\x00\x4a\x80\x00\x00\x00\x00\x00\x00\x80\x12\x20\x00\
\x00\x00\x00\x00\x00\xa0\x04\x08\x00\x00\x00\x00\x00\x00\x28\x01\
\x02\x00\x00\x00\x00\x00\x00\x4a\x80\x00\x00\x00\x00\x00\x00\x80\
\x12\x20\x00\x00\x00\x00\x00\x00\xa0\x04\x08\x00\x00\x00\x00\x00\
\x00\x28\x01\x02\x00\x00\x00\x00\x00\x00\x4a\x80\x00\x00\x00\x00\
\x00\x00\x80\x12\x20\x00\x00\x00\x00\x00\x00\xa0\x04\x08\x00\x00\
\x00\x00\x00\x00\x28\x01\x02\x00\x00\x00\x00\x00\x00\x4a\x80\x00\
\x00\x00\x00\x00\x00\x80\x12\x20\x00\x00\x00\x00\x00\x00\xa0\x04\
\x08\x00\x00\x00\x00\x00\x00\x28\x01\x02\x00\x00\x00\x00\x00\x00\
\x4a\x80\x00\x00\x00\x00\x00\x00\x80\x12\x20\x00\x00\x00\x00\x00\
\x00\xa0\x04\x08\x00\x00\x00\x00\x00\x00\x28\x01\x02\x00\x00\x00\
\x00\x00\x00\x4a\x80\x00\x00\x00\x00\x00\x00\x80\x12\x20\x00\x00\
\x00\x00\x00\x00\xa0\x04\x08\x00\x00\x00\x00\x00\x00\x28\x01\x02\
\x00\x00\x00\x00\x00\x00\x4a\x80\x00\x00\x00\x00\x00\x00\x80\x12\
\x20\x00\x00\x00\x00\x00\x00\xa0\x04\x08\x00\x00\x00\x00\x00\x00\
\x28\x01\x02\x00\x00\x00\x00\x00\x00\x4a\x80\x00\x00\x00\x00\x00\
\x00\x80\x12\x20\x00\x00\x00\x00\x00\x00\xa0\x04\x08\x00\x00\x00\
\x00\x00\x00\x28\x01\x02\x00\x00\x00\x00\x00\x00\x4a\x80\x00\x00\
\x00\x00\x00\x00\x80\x12\x20\x00\x00\x00\x00\x00\x00\xa0\x04\x08\
\x00\x00\x00\x00\x00\x00\x28\x01\x02\x00\x00\x00\x00\x00\x00\x4a\
\x80\x00\x00\x00\x00\x00\x00\x80\x12\x20\x00\x00\x00\x00\x00\x00\
\xa0\x04\x08\x00\x00\x00\x00\x00\x00\x28\x01\x02\x00\x00\x00\x00\
\x00\x00\x4a\x80\x00\x00\x00\x00\x00\x00\x80\x12\x20\x00\x00\x00\
\x00\x00\x00\xa0\x04\x08\x00\x00\x00\x00\x00\x00\x28\x01\x02\x00\
\x00\x00\x00\x00\x00\x4a\x80\x00\x00\x00\x00\x00\x00\x80\x12\x20\
\x00\x00\x00\x00\x00\x00\xa0\x04\x08\x00\x00\x00\x00\x00\x00\x28\
\x01\x02\x00\x00\x00\x00\x00\x00\x4a\x80\x00\x00\x00\x00\x00\x00\
\x80\x12\x20\x00\x00\x00\x00\x00\x00\xa0\x04\x08\x00\x00\x00\x00\
\x00\x00\x28\x01\x02\x00\x00\x00\x00\x00\x00\x4a\x80\x00\x00\x00\
\x00\x00\x00\x80\x12\x20\x00\x00\x00\x00\x00\x00\xa0\x04\x08\x00\
\x00\x00\x00\x00\x00\x28\x01\x02\x00\x00\x00\x00\x00\x00\x4a\x80\
\x00\x00\x00\x00\x00\x00\x80\x12\x20\x00\x00\x00\x00\x00\x00\xa0\
\x04\x08\x00\x00\x00\x00\x00\x00\x28\x01\x02\x00\x00\x00\x00\x00\
\x00\x4a\x80\x00\x00\x00\x00\x00\x00\x80\x12\x20\x00\x00\x00\x00\
\x00\x00\xa0\x04\x08\x00\x00\x00\x00\x00\x00\x28\x01\x02\x00\x00\
\x00\x00\x00\x00\x4a\x80\x00\x00\x00\x00\x00\x00\x80\x12\x20\x00\
\x00\x00\x00\x00\x00\xa0\x04\x08\x00\x00\x00\x00\x00\x00\x28\x01\
\x02\x00\x00\x00\x00\x00\x00\x4a\x80\x00\x00\x00\x00\x00\x00\x80\
\x12\x20\x00\x00\x00\x00\x00\x00\xa0\x04\x08\x00\x00\x00\x00\x00\
\x00\x28\x01\x02\x00\x00\x00\x00\x00\x00\x4a\x80\x00\x00\x00\x00\
\x00\x00\x80\x12\x20\x00\x00\x00\x00\x00\x00\xa0\x04\x08\x00\x00\
\x00\x00\x00\x00\x28\x01\x02\x00\x00\x00\x00\x00\x00\x4a\xc0\xcf\
\xfa\x02\x00\x00\xc8\x44\xa2\xe2\x5c\x67\x41\xae\x35\x49\x1e\xf8\
\x2a\x02\xc7\xc9\xfa\x0a\x00\x00\x58\x5a\x04\x00\x00\x80\xfe\x96\
\x16\xa3\x89\x14\xcf\xab\x4a\x3d\x57\xf2\xdd\xc2\x14\xd6\xe9\xb5\
\xe6\xbc\x5a\x75\x1d\xc9\xf1\x25\xdf\x93\x1c\x4f\x85\x10\x06\x9d\
\x1f\x93\xee\xf5\xbb\xd6\x17\x99\xe4\xfe\xa1\x06\x00\x60\xbf\x11\
\x00\x00\x00\xfa\x8f\x15\xfb\x49\x2c\x79\x5e\xa7\x78\x36\x03\xb5\
\xce\x8f\x56\xe5\xcd\x34\xa4\xe9\x46\xa7\xea\xcb\xbb\x28\xee\xfc\
\x1d\x82\x50\xca\xe9\xe5\x5a\xc1\xdc\x0c\xa4\x99\x99\x44\xe1\x5c\
\xb2\xf3\x21\xcf\x25\xa7\xd3\xa1\x60\x4f\x83\xa1\xe5\x16\xac\x74\
\xff\x02\xed\xa4\xf3\x35\x2f\x18\xb0\x9c\x88\x30\x00\x00\xd0\x4f\
\x08\x00\x00\x00\x7d\x54\xf4\x27\x9d\x25\xe8\x81\x8a\x54\xaf\x4a\
\xd3\x73\xd2\x4c\x53\x8a\x23\xe9\x9a\x4d\x52\x3b\xec\x7c\xff\x5f\
\xff\x47\xfa\xb7\xff\x91\xaa\x95\x62\xf4\xab\x5b\x15\x6a\x01\xc0\
\xe0\x40\x27\x10\xc8\x91\x30\x92\x26\x86\x1c\xfd\xc3\x0d\x0d\x7d\
\xfc\xa6\x66\x67\x39\x3d\xc7\x45\xb3\xd3\x7d\xaa\xd4\x2a\xd2\x4b\
\x4f\xa8\xab\x56\x93\x66\x1b\xd2\xf1\xbf\xe3\xeb\x88\xdf\xf6\xa5\
\xb6\x34\xb2\xb2\x1b\x0c\xcc\x25\x52\xd4\xf9\x3b\x12\x06\x00\x00\
\xfa\x01\x01\x00\x00\xa0\xb8\xac\xd8\x8c\xe3\xce\x4a\xfe\x60\xad\
\x53\xa5\xd9\xca\xfe\xe6\x9f\x49\x3f\xbf\x5b\xfa\xef\x7b\xa4\x7f\
\xfd\x85\x54\xf1\xa5\xad\x3b\x1e\xd8\x06\x50\xf5\xa5\x4a\xa5\x13\
\x08\x14\xa1\xa8\xeb\xf5\xa8\xe7\xb4\x02\xed\x75\x00\xcc\xb5\x92\
\xf4\xe7\x79\x8f\x54\xec\x51\xb4\xdc\xe7\xff\x5e\x36\x97\x5e\x6c\
\x18\x27\x5a\x3e\xe2\x6a\x74\xc8\x51\xcd\x97\x5e\x7c\x42\x5d\x23\
\x83\xd2\x8b\xd6\xd7\xb4\x72\x99\x2b\x7f\xd4\xba\x46\xe2\xb4\x33\
\xc0\xfe\x7e\xf6\x34\x03\x00\xa0\x88\x08\x00\x00\x00\xc5\x63\xd5\
\x9b\x15\xf3\x56\xd8\x8f\x0c\x48\x41\xd4\x29\xfa\xff\xf9\xe7\xd2\
\x1d\xff\x2a\x6d\x9b\xee\x2c\xeb\xd6\xaa\x9d\x5f\x63\xab\xe7\xa3\
\x43\xbf\xfe\xff\xcf\x69\x41\xbd\x5b\x39\xaf\xaa\x2d\x9f\xf0\x0a\
\x76\x57\xb1\x6a\xac\xf3\xdf\xdf\x91\x93\x3e\x85\xa6\x66\x92\xf4\
\x61\xfe\xf3\x2f\xce\xa5\x45\xfe\x5f\xff\x63\x43\xc7\xfd\x76\x45\
\xeb\x9e\x54\xd1\x4b\xd7\xd6\xb4\xec\x60\xdb\x8a\x21\x25\x8d\x64\
\xe7\x36\x02\x00\x00\x8a\xa4\x60\x1f\xd5\x00\x80\x52\x7b\x50\xe1\
\x5f\x93\xee\xd9\x26\x7d\xfd\x7b\xd2\xbf\xfc\x5c\xfa\xfe\xcf\x3a\
\x41\x80\xed\xf5\xb7\xea\x6d\x62\xb4\x33\x07\xa0\x57\xe8\xef\xae\
\x75\x3e\xe7\x45\x75\xd1\x14\x61\x37\xc5\x7c\xd6\xda\x3f\x9f\xdf\
\xbd\x2b\x5a\x3d\xde\x09\x06\xac\x41\xe4\xda\xcd\x6d\x5d\xbe\xa9\
\xad\x4b\xbe\xd6\xd0\xf3\xd7\xd6\x74\xc2\x13\x2a\x3a\xf5\xa8\x6a\
\xa7\xd3\x61\xb6\x13\x18\x10\x04\x00\x00\x8a\x82\x00\x00\x00\x50\
\x0c\x71\x77\x7f\xff\x70\x4d\xba\x7f\x52\xfa\xea\x46\xe9\xa6\xef\
\x4b\xf7\x6e\xef\x04\x02\x56\xf8\x0f\x3a\x9d\x2d\x01\x56\x95\x45\
\xf3\xaa\xbb\x82\x15\xa6\xc8\x36\xc0\xe8\x05\x03\xd6\xd5\x30\x3a\
\xe8\x68\x6c\x48\xba\x7f\x47\xa2\xbf\xfa\xc7\x39\xbd\xf7\x6a\x47\
\xa7\x3c\xb9\xaa\x0b\xce\xac\xeb\xa9\x4f\xa9\xca\xb1\xc3\x24\x6c\
\x56\x00\xc7\x0a\x02\x00\x0a\x80\x00\x00\x00\x90\x6f\xe9\x0a\x7e\
\x77\x8a\xff\xe4\xf4\x03\x85\xbf\x85\x00\xf6\xbd\xf1\xe1\x07\x3a\
\x03\x22\x2a\x7d\x2c\xac\x5e\xe3\x88\x65\x4f\x6b\xc6\xdd\xf4\x29\
\xf6\xcd\x1f\xb4\x75\xd3\x0f\xdb\x3a\xe5\x29\x55\x5d\x78\x66\x5d\
\xa7\x3e\xb9\x9a\x3e\xf7\xc2\x76\xe7\xe0\x09\x72\x00\x00\x40\x5e\
\x11\x00\x00\x00\xf2\x5d\x7d\x0d\xd6\x3b\x4b\xb1\xb7\xff\x54\xfa\
\xd8\x35\xd2\xe4\x4c\x67\x92\xbf\xed\xe9\x4f\x8b\xfe\x7c\x4d\xc5\
\x47\x7f\xb2\x8c\xc9\x76\x98\x98\xb1\x21\x27\x6d\x2a\xf9\xe6\x0f\
\xdb\xfa\xc6\xf7\xdb\x3a\x67\x7d\x4d\xef\x7f\xdd\x90\x26\x26\x5c\
\xc9\xb6\x05\x14\x6c\xbc\x04\x00\xa0\x3c\x08\x00\x00\x00\xf9\x63\
\xd5\x95\x55\x51\xa3\x83\xd2\x8f\xfe\x53\xba\x6a\xa3\xf4\x93\x9f\
\x77\xf6\xf6\xdb\x78\x76\x0a\x7f\x64\xa8\xf7\xd4\x1b\x1b\xec\x04\
\x01\x57\xde\xde\xd2\x77\xff\x2d\xd0\x79\x4f\xad\xeb\x6d\x67\x0d\
\xc8\xab\x49\x51\x8b\xd3\x02\x00\x00\xf9\xc3\x47\x13\x00\x20\x7f\
\xd5\x95\xad\x9e\xda\xb1\x7e\xb6\xea\xff\xff\x3e\x27\xfd\xd3\x7f\
\x4a\xf5\x4a\xa7\x0f\xdb\xfe\x7d\xd1\xa6\xcd\xa1\x2f\xd9\x53\xd1\
\x46\x4e\x8c\x0e\x38\xda\x3e\x9b\xe8\x0f\x3f\x39\xab\x97\x5d\x3c\
\xad\x1d\x8d\x44\x5e\xdd\x51\x18\x66\x7d\x85\x00\x00\x3c\x18\x01\
\x00\x00\x20\x5f\x15\xd5\x50\x5d\xaa\x78\xd2\x7b\x2e\x93\xde\xf3\
\xa5\xee\xe0\xbf\x81\xce\xaa\x3f\x85\x3f\x72\xfa\xb4\xb5\xd5\xfe\
\x43\x56\xb9\xfa\xda\x1d\x6d\x3d\xe9\xf7\x26\xf5\xcd\x3b\xda\xf2\
\x57\xb9\x3c\x6d\x01\x00\xb9\x42\x00\x00\x00\xc8\x4f\x15\x65\xed\
\xfd\xff\xfc\x73\xe9\x5d\x9f\x95\x6e\xff\xe7\x4e\x17\x80\x75\x03\
\xd0\xee\x8f\x22\xcc\x08\x08\xa5\xe1\xba\x93\x76\x00\x58\x27\xc0\
\xdf\x7c\x7c\x36\xdd\x22\xe0\xf8\x9d\x4e\x01\x00\x00\xb2\x46\x00\
\x00\x00\xc8\x5e\x18\xdb\x64\x35\xe9\x8e\x7f\x95\xde\xf5\x99\x4e\
\x08\x60\xfb\xff\xd3\xe5\xd3\xac\x2f\x0e\xd8\xc7\xb9\x95\xd5\x4e\
\x20\xf0\x87\x9f\x98\xd5\x4b\xdf\x3b\xad\xd8\x21\x04\x00\x00\xe4\
\x03\x01\x00\x00\x20\xfb\xe2\x7f\x7c\x48\xfa\xee\xbf\x48\x17\x75\
\x5b\xfe\x6d\x1b\x00\xab\xfe\x28\x28\xcb\xad\x2c\xb8\x7a\xd4\x6a\
\x57\x5f\xbe\xad\xad\x97\xfc\xf5\xb4\x12\x97\x10\x00\x00\x90\x3d\
\x02\x00\x00\x40\x7e\x8a\x7f\xdb\x48\x6d\x5f\x14\xff\x28\x38\xcb\
\x00\x5a\x81\xb4\x66\xc2\xd1\x97\x6f\x6f\xeb\xc5\x84\x00\x00\x80\
\x1c\x20\x00\x00\x00\x64\x23\x7a\x88\xe2\x3f\x5d\x3e\x05\xfa\x83\
\xcd\x05\x58\x33\xee\xe8\x2b\xbb\x84\x00\x09\x21\x00\x00\x20\x03\
\x04\x00\x00\x80\xec\x06\xfe\x51\xfc\xa3\x64\x21\x80\x6d\x07\xb0\
\x99\x00\xb1\xcb\xe9\x00\x00\x80\xa5\x47\x00\x00\x00\xc8\xe6\xa8\
\xbf\x9f\xfc\x57\xe7\xa8\x3f\x8a\x7f\x94\x28\x04\xf8\xd2\xa6\xb6\
\x5e\x75\xd1\xb4\xbc\xba\xa3\x88\xa7\x3c\x00\x60\x89\x11\x00\x00\
\x00\x96\x8e\x15\x3c\xe9\x1e\xff\x48\xfa\xca\x2d\x9d\x30\xc0\x86\
\xfe\x51\xfc\xa3\x24\x21\xc0\xea\x6e\x27\xc0\x37\x6f\x6f\xcb\x1f\
\x71\xd2\x97\x02\x00\x00\x4b\x85\x00\x00\x00\xb0\x74\xac\xe7\xb9\
\x5e\x95\xde\xf7\x15\xe9\xc7\xff\xc5\xb4\x7f\x94\x8e\x0d\x00\x1c\
\xae\x3b\x7a\xde\xdf\x4d\xeb\xbb\xff\x14\xc8\x1b\x26\x04\x00\x00\
\x2c\x1d\x02\x00\x00\xc0\x12\xee\xfb\x1f\x90\xbe\xf7\x2f\xd2\xf7\
\xfe\xb5\xf3\x73\x8a\x7f\x94\x30\x03\xab\x78\xd6\x0d\x90\xe8\x1d\
\x97\xcd\x29\x0c\x13\xc9\x63\x1e\x00\x00\x60\x69\x10\x00\x00\x00\
\x16\x9f\xb5\xf8\x0f\xd6\xa4\x1f\xfd\xa7\x74\xf1\x3f\x76\xba\x00\
\xa8\x78\x50\x52\x61\x24\x4d\x0c\x3b\xfa\xfa\x3f\x05\x3a\xef\xef\
\xa6\xe5\x55\xd9\x05\x03\x00\x58\x1a\x04\x00\x00\x80\xc5\xe7\xd8\
\x27\x8e\x2b\x5d\xb9\xb1\xb3\x11\xda\xe6\x00\x50\xf0\xa0\xe4\x21\
\xc0\x8a\xd1\xce\x50\xc0\xdb\x7f\x14\xca\x63\x1e\x00\x00\x60\x09\
\x10\x00\x00\x00\x16\x97\x2d\x6d\xd6\x6b\xd2\xed\x3f\x95\x7e\xfa\
\x73\xf6\xfd\x03\x3d\x89\xe4\xbb\x8e\xfe\xea\xf2\x39\xcd\xcd\x26\
\x72\xd8\x0a\x00\x00\x58\x64\x04\x00\x00\x80\xc5\x63\xc5\x8c\x4d\
\xf9\x9f\x9c\x96\x3e\x7a\x4d\x77\xe5\x9f\x0a\x07\x30\x96\x83\x8d\
\x0f\x49\x57\x7f\x2f\xd0\x87\x2f\x6f\xc8\xb5\x2e\x00\xb2\x31\x00\
\xc0\x22\x22\x00\x00\x00\x2c\xee\xc8\xf3\x81\x9a\x74\xe3\x66\x69\
\xc7\x8c\x54\xf5\x69\xfd\x07\x76\xdd\x0a\x30\xe6\xe8\xd2\x9b\x9a\
\x9a\xbc\x27\x96\x5f\x21\x23\x03\x00\x2c\x1e\x02\x00\x00\xc0\xe2\
\xb0\x22\xa6\xe2\x4b\x5b\x26\xa5\x1b\xbf\xdf\x19\xfc\x67\x81\x00\
\x80\x9d\xac\xd8\xaf\xf9\xd2\xcf\xef\x8d\xf5\xd1\x6f\x34\xa5\x41\
\xba\x00\x00\x00\x8b\x87\x00\x00\x00\xb0\x38\xac\xd8\x1f\xec\xae\
\xfe\x6f\xd9\xd1\x09\x03\x58\xd9\x04\x7e\x8d\x15\xfc\xa3\x83\x8e\
\x2e\xfd\x46\x53\x3b\xee\x8b\xe5\x73\x48\x06\x00\x60\x91\x10\x00\
\x00\x00\x16\x6f\xf5\xff\x9e\x6d\xd2\x4d\xdf\x97\x06\x58\xfd\x07\
\x1e\x8a\x15\xfb\xf5\x8a\xf4\xf3\xfb\x62\x5d\x7a\x43\x53\x51\xcd\
\x51\x44\x00\x00\x00\x58\x04\x04\x00\x00\x80\xc5\x5b\xfd\xb7\xc9\
\xff\xf7\x4d\xb2\xfa\x0f\xec\x45\x17\xc0\xf0\x80\xa3\x4f\xde\xdc\
\x54\x3c\x9d\xc8\x67\x5e\x26\x00\x60\x11\x10\x00\x00\x00\x16\x9e\
\xeb\x48\x41\x24\xfd\xcb\x2f\xa4\x0a\x67\x9b\x01\x7b\x3b\x0b\xe0\
\xee\x6d\x89\x36\xff\x47\x28\x0d\x38\xe9\x09\x9a\x00\x00\x2c\x24\
\x02\x00\x00\xc0\xc2\xb2\xaa\xc5\x26\xff\x7f\xff\x67\x9d\xaf\x7a\
\xad\xf3\x3d\x00\x7b\xcc\xcd\x9a\x41\xa2\x77\x5f\x31\xa7\x30\x48\
\xe4\x38\x59\x5f\x11\x00\xa0\xdf\x10\x00\x00\x00\x16\x7e\x29\xd3\
\x75\xa5\x7f\xfe\xef\x4e\x17\x80\x55\x35\x00\xf6\xc8\x72\x32\xdb\
\x06\x70\xc7\x7f\x86\xda\xbe\x25\x96\x6b\x3b\x67\xc8\xce\x00\x00\
\x0b\x88\x00\x00\x00\xb0\x70\xac\x58\xf1\x3d\x69\xa6\x21\xdd\xf1\
\x6f\x9d\x4e\x00\x86\xff\x01\x7b\xc5\x8a\xfd\xaa\x27\xdd\xbf\x23\
\xd1\x15\xdf\x6d\x4b\x43\x1c\x09\x08\x00\x58\x58\xfe\x02\xff\x7e\
\x00\x00\x95\xbd\x82\xa9\x48\x9b\x7f\x26\x6d\x9b\x56\x67\x92\x99\
\x72\xcd\xa1\xcf\xba\x54\x92\x9c\x2f\xa9\xdb\xe5\xd9\xd8\x8c\x6f\
\xfe\x28\xd0\xcb\x4e\xab\xa7\x81\x80\x7d\x8f\xa7\x29\x00\x60\x21\
\x10\x00\x00\x00\x16\xb6\x87\xb9\x56\x95\x7e\x7e\xb7\x34\xdb\x90\
\x96\x8d\x48\x61\x3e\x97\x30\x3d\xcf\x4d\x8b\xff\x56\xab\x9d\x66\
\x14\xd4\x57\xfd\xcf\x0a\x69\xdf\xf7\x54\xa9\xf8\x0a\xc3\x28\x97\
\x61\x40\x67\x84\x86\xa3\xdb\x7f\x16\xca\x6f\x27\x72\x6b\x8e\x92\
\x28\xeb\xab\x02\x00\xf4\x0b\x02\x00\x00\xc0\x02\xb6\xff\xbb\xd2\
\xcc\x9c\xf4\xdf\x77\x77\x82\x80\x1c\x0e\xff\xb3\xc2\xdf\xea\xbe\
\x1d\x53\x33\x0a\x82\x40\x87\x1c\x7c\x90\x1c\xe6\x14\xf4\xbf\xc4\
\x86\xea\x39\x9a\xdc\x31\xa5\x2d\x5b\xb6\x69\x62\x62\x4c\xb5\x5a\
\x55\x51\x14\xe7\x2e\x08\xf0\x1c\xa9\xd5\x4e\xb4\xf1\xdf\x42\x9d\
\x74\x44\x45\x49\x48\x07\x00\x00\x60\x61\x10\x00\x00\x00\x16\x8e\
\x0d\xff\x9b\x6d\x4a\xff\xfa\x3f\x52\x35\x7f\x13\xcc\x2a\x95\x8a\
\x26\x27\x77\xa4\x3f\x7f\xe6\x69\x27\x6b\xdd\xb1\x47\xe8\x05\xcf\
\x3d\x53\xf5\x81\xba\xe2\x38\xa6\x0b\xa0\x8f\xc5\x49\xac\x8a\xe7\
\xe9\x8e\x1f\xfc\x58\x37\xdf\xb2\x49\x97\x5f\x75\x9d\xfe\xe3\xbf\
\x7e\xae\x65\x13\xe3\xf2\x3c\x4f\x51\x14\xe5\x6a\x0b\xc0\x9d\xdb\
\x12\xdd\xfa\x2f\x81\x4e\x5a\x57\x55\x3c\x97\x30\xb4\x09\x00\xb0\
\x20\x08\x00\x00\x00\x0b\x2b\x8e\xa4\x8a\x2f\x05\x61\x6e\x1a\xeb\
\x6d\xe5\xd7\x0a\xfc\x3b\xef\xbc\x5b\x67\x9c\x7e\xaa\xde\xf4\x86\
\x57\xe9\x94\x93\xd6\xc9\x75\x1c\x45\x49\xee\x72\x0a\x2c\x02\x5b\
\x41\xb7\xff\xce\x4f\x3d\x69\x5d\xfa\xf5\xc6\x37\xbc\x4a\x9f\xf8\
\xcc\x97\xf4\xde\x0f\x7c\x54\xdb\xb7\x4f\x6a\x7c\x7c\x2c\x7d\x8e\
\xe4\x69\x96\xa6\xe7\x39\x4a\xf2\x71\x49\x00\x80\x3e\x41\x00\x00\
\x00\x58\x18\x56\x3c\x0d\x0f\x48\xd7\x6e\x92\xb6\x4e\x49\xa3\x83\
\xca\xc7\x08\x73\x27\x6d\xf1\x1e\x1c\x1c\xd0\x3b\xff\xfc\xed\x7a\
\xdb\x9b\x5f\xab\x5a\xc5\x53\xa3\x15\x28\x8e\x93\x74\x4b\x00\xca\
\xa3\x9d\x24\x4a\xe2\x38\x5d\xf9\xff\xc3\xb7\xbc\x56\xc7\x1c\xf9\
\x64\xbd\xe7\xe2\x8f\xe8\xb6\xdb\x37\xa7\x5b\x02\xf2\x10\x02\xd8\
\xcb\x66\x64\xc0\xd1\xa7\x6f\x6e\xea\xc2\x67\xd6\x35\x34\xd8\x99\
\x03\xc0\x36\x00\x00\xc0\x81\x22\x00\x00\x00\x2c\x1c\x2b\x50\xda\
\x41\xae\x96\xd4\x6d\xe0\x9b\xad\xfc\xbf\xeb\x1d\x7f\xa4\xff\xef\
\xad\xaf\xd3\x5c\xb3\xad\xb9\x28\x4a\xdb\xbe\x6d\xc7\x02\xca\xc5\
\xb3\x2a\xda\x75\x15\x46\x91\x1a\xad\x50\x27\x1d\x7f\xac\x8e\x38\
\xfc\xc9\x7a\xfc\xe1\xa7\x6a\x6e\x6e\x2e\xdd\x26\x92\x87\x99\x00\
\x76\x99\xcd\x40\xca\xc9\xce\x04\x00\x40\x9f\xe0\xd6\x07\x00\xb0\
\x70\x6c\x98\x5e\xbd\x9a\x9b\x00\xc0\x8a\x7c\xdb\xf3\xff\xcc\xd3\
\x4f\xd5\x05\xaf\x79\xa9\x66\x1b\x2d\xb9\xae\x9b\x7e\x1f\xe5\x66\
\xdb\x42\xaa\x95\x8a\x66\xe6\x5a\x1a\x1c\xa8\xeb\xc3\xef\xff\x2b\
\x05\x41\x98\x9b\x63\x21\xed\x15\x64\xb3\x00\x86\xea\xb6\x77\x21\
\xeb\xab\x01\x00\xf4\x0b\x02\x00\x00\xc0\x81\xb3\x02\xc5\x96\xd3\
\x67\x1a\xb9\x1a\x00\x68\x2b\xb9\xf6\xf5\xf6\xb7\xfe\x9e\x46\x86\
\x87\xd2\xe2\x2e\x2f\x05\x1e\xf2\xd3\x21\x12\x84\x91\x9e\x75\xda\
\x49\x3a\xf9\xa4\x75\xda\xb1\x63\x2a\xf3\x80\x28\x1d\x04\xe8\x4a\
\x5b\xa7\x13\x7d\xfb\x9f\x03\x29\x9f\x07\x6a\x00\x00\x0a\x88\x00\
\x00\x00\xb0\x30\x6c\x2f\xfd\x8c\x9d\x00\xf0\x4b\xa9\x5a\xc9\x3c\
\x00\xb0\x22\x6e\x6a\x6a\x5a\x67\x3c\xf3\xa9\x5a\x7f\xec\x11\x6a\
\xb4\xc3\xcc\x0b\x3b\xe4\x93\xed\xfb\x8f\xe2\x44\x6f\x7d\xe3\x6b\
\x54\xab\xd5\x72\x31\x07\xc0\x56\xff\xb7\x59\x00\xf0\x2f\x81\x54\
\xb3\x39\x16\x59\x5f\x11\x00\xa0\x1f\x10\x00\x00\x00\x16\x76\x0b\
\x40\x2d\xfb\xe2\xdf\xd8\x4a\xbf\xb5\x74\x9f\x70\xdc\x31\xe9\x65\
\xc5\x6c\xa6\xc6\x43\xb0\x6d\x21\xb6\xc2\x7e\xf8\x53\x9e\xa0\x83\
\x0f\x5e\xad\x20\x08\x32\xef\x14\x49\x4f\x02\x70\xa5\xa1\x1a\x5b\
\x00\x00\x00\x0b\x87\x00\x00\x00\xb0\xb0\x72\x52\xfc\xb7\x5a\x2d\
\x1d\x72\xc8\x41\x3a\xfb\xd9\xcf\x50\x94\x38\xac\xfe\xe3\x61\x9f\
\x2f\xed\x76\x5b\x03\xb5\xaa\x5e\xf0\xdc\x67\x6b\x7a\x7a\x36\x17\
\xcf\x17\x7b\x25\xd1\xfa\x0f\x00\x58\x48\x04\x00\x00\x80\xbe\x2e\
\xec\x06\xea\xb5\xac\x2f\x03\x05\x61\x47\x42\xd6\x6b\xd5\x5c\x9c\
\x02\x00\x00\xc0\x62\x20\x00\x00\x00\xf4\xb5\x98\x62\x0e\xfb\x80\
\xe7\x0b\x00\xa0\x9f\x11\x00\x00\x00\x00\x00\x00\x50\x02\x04\x00\
\x00\x00\x00\x00\x00\x94\x80\x9f\xf5\x05\x00\x00\x80\xfd\x93\xe5\
\x5e\xf5\xac\xa7\xe4\x03\x00\x80\x7d\x47\x00\x00\x00\x40\x41\x8f\
\xae\x73\xdd\x6c\xce\x87\xb7\xda\x3f\x8e\x13\xc5\x71\xbc\xf4\x7f\
\x38\x00\x00\xd8\x6f\x04\x00\x00\x00\x14\x50\xb3\xd9\x4a\x8f\x3a\
\x74\xdc\x25\x3e\x27\xde\xfe\xb8\x38\x51\xad\x56\x53\xb5\x5a\x59\
\xc2\x3f\x18\x00\x00\x1c\x28\x02\x00\x00\x00\x0a\x24\x0c\x43\x0d\
\x0d\xd4\xf4\xa1\x4b\x3e\xa9\x77\xbd\xfb\x03\x5a\xb9\x62\xb9\xc2\
\x28\x5c\xb2\x3f\xdf\xf7\x7c\xdd\xbf\x65\xab\xfe\xf8\x8f\x2e\xd4\
\x5b\x2f\x38\x4f\xb3\x8d\x96\x7c\x9f\xdb\x09\x00\x00\x8a\x80\x4f\
\x6c\x00\x00\x0a\xda\x01\xb0\x7d\xfb\x8e\x74\x15\xde\x42\x81\xa5\
\x62\xc5\xbe\xfd\xb9\xf6\xe7\x03\x00\x80\x62\x21\x00\x00\x00\xa0\
\xa0\x33\x00\x2a\x15\x7f\xc9\x57\xdf\xed\xcf\xb3\x3f\xd7\xfe\x7c\
\x00\x00\x50\x2c\x04\x00\x00\x00\x14\xf8\x14\x80\xde\xd7\x52\xff\
\x99\x00\x00\xa0\x78\x88\xef\x01\x00\x00\x00\x00\x28\x01\x02\x00\
\x00\x00\x00\x00\x00\x4a\x80\x00\x00\x00\x00\x00\x00\x80\x12\x20\
\x00\x00\x00\x00\x00\x00\xa0\x04\x08\x00\x00\x00\x00\x00\x00\x28\
\x01\x02\x00\x00\x00\x00\x00\x00\x4a\x80\x00\x00\x00\x00\x00\x00\
\x80\x12\x20\x00\x00\x00\x00\x00\x00\xa0\x04\x08\x00\x00\x00\x00\
\x00\x00\x28\x01\x02\x00\x00\x00\x00\x00\x00\x4a\x80\x00\x00\x00\
\x00\x00\x00\x80\x12\x20\x00\x00\x00\x00\x00\x00\xa0\x04\x08\x00\
\x00\x00\x00\x00\x00\x28\x01\x02\x00\x00\x00\x00\x00\x00\x4a\x80\
\x00\x00\x00\x00\x00\x00\x80\x12\x20\x00\x00\x00\x00\x00\x00\xa0\
\x04\x08\x00\x00\x00\x00\x00\x00\x28\x01\x02\x00\x00\x00\x00\x00\
\x00\x4a\x80\x00\x00\x00\x00\x00\x00\x80\x12\x20\x00\x00\x00\x00\
\x00\x00\xa0\x04\x08\x00\x00\x00\x00\x00\x00\x28\x01\x02\x00\x00\
\x00\x00\x00\x00\x4a\x80\x00\x00\x00\x00\x00\x00\x80\x12\x20\x00\
\x00\x00\x00\x00\x00\xa0\x04\x08\x00\x00\x00\x00\x00\x00\x28\x01\
\x02\x00\x00\x00\x00\x00\x00\x4a\x80\x00\x00\x00\x00\x00\x00\x80\
\x12\x20\x00\x00\x00\x00\x00\x00\xa0\x04\xfc\xac\x2f\x00\xc8\x83\
\x30\x0c\x17\xfc\xf7\x4c\xec\x7f\x1c\xa7\xf3\x7b\x47\x71\xe7\xcb\
\x71\x16\xfc\xcf\x01\x72\x21\x7d\xc2\xab\xf3\x3c\x07\xb0\x60\xe2\
\x44\x0a\xa3\xce\x17\xd0\xb7\xec\xf6\xc8\x9e\xe7\x61\x9c\xde\x37\
\x39\x76\xef\xe4\xf4\x3e\x58\x16\x86\xfd\x6e\x9e\xeb\xca\x75\x59\
\xff\x44\xb9\x11\x00\xa0\xf4\x1c\xc7\xd1\xd0\x40\x6d\xd1\x7e\xff\
\x6a\xbd\x2a\x67\x7c\x58\x6a\xb7\x08\x00\xd0\xbf\xec\xce\xca\xf7\
\xa4\x8a\xd7\xb9\x91\x03\xb0\x20\xc5\xff\x50\xcd\x91\x3f\xe1\xca\
\x57\x2c\x79\x59\x5f\x11\xb0\x48\x1c\x57\x6a\x4b\xfe\xf2\x21\xc9\
\xf7\x3b\x5f\x8b\xa4\x19\x44\x7c\x4c\xa1\xd4\x08\x00\x50\x5a\x49\
\x92\xa4\x29\x70\xab\xd5\xd2\x07\xff\xe1\x0b\x6a\x35\x5b\xe9\x3f\
\x27\x3b\x97\x32\x0f\x9c\x2b\x47\xcd\x38\x52\xeb\x97\x3f\x93\x13\
\x45\x4a\xf8\xc4\x41\xbf\xb2\x97\x8d\xeb\x48\x41\x28\x05\x51\x27\
\xec\x5a\xd8\xc5\x1b\xa0\x54\xe2\xd8\x8a\x7f\xe9\xc6\x1f\xb5\xd5\
\xf8\x68\xa2\xb8\xd9\x79\x89\x01\x7d\xc9\x3e\x33\xa2\x58\xf1\xc4\
\xcd\x8a\x27\x26\xa5\xa8\xfb\x39\xb2\x40\xec\xfe\x6e\x76\x76\x4e\
\x27\x9f\xb8\x4e\xc7\xad\x3d\x52\x41\x18\xd1\x09\x80\xd2\x22\x00\
\x40\xa9\x75\x02\x80\xb6\xde\xf5\xee\x8b\xb5\x7d\x72\x87\x2a\x7e\
\x25\x0d\x06\x16\x8a\x85\x09\x16\x02\x8c\x57\xaa\x72\x59\xfd\x47\
\xbf\xb3\xd7\x8e\x3d\xcf\x87\x06\xe8\x76\x01\x16\x60\xf5\x7f\xb8\
\xee\xe8\xc6\x1f\x07\xba\xfa\x7b\x6d\x5e\x53\x28\x43\x8a\x2c\xc5\
\xb7\xc8\x89\x6e\xe8\xee\x09\x58\x38\xbe\xef\xab\xb1\xed\x3e\xe9\
\x9d\x7f\xa6\x93\x8e\x3b\x5a\xad\x76\x40\x00\x80\xd2\x22\x00\x40\
\xe9\xd9\x16\x80\x95\x2b\x57\xa8\x5a\xad\xa6\x1f\x10\x0b\x19\x00\
\xf4\x84\x09\xfb\xa2\x51\x22\xcc\x01\x00\x16\x74\x0b\xc0\xc8\x00\
\xc5\x3f\xfa\x5d\xf7\x39\xee\x0c\x49\x1a\x59\xf0\xdf\xdd\xee\xef\
\xee\x97\x34\x34\x34\xb8\xe0\xbf\x37\x50\x34\x04\x00\x40\x77\x08\
\x60\x6f\x10\xe0\x62\x04\x00\x00\x00\xec\x6f\x08\x10\x33\x00\x10\
\xa5\x61\x01\xf2\xe2\x84\xc8\x41\x18\x2a\xb6\xbd\x35\x40\xc9\x11\
\x00\x00\x00\xb0\x44\xa7\x83\x2c\x5c\x60\xe9\x65\x7e\x23\x6b\x7f\
\xfe\xfc\xf0\x34\x4f\x98\xf6\x0d\x00\xc0\xee\x11\x00\x00\x00\xb0\
\xc4\xa7\x83\x1c\x98\xce\x75\x59\x2b\x6b\x56\x1d\x4b\xf6\xe7\xda\
\x9f\x6f\x6d\xb5\x63\x23\xf9\xbd\x95\x60\xda\x37\x00\x00\x0f\x96\
\xdf\x4f\x6d\x00\x00\xfa\xf0\x74\x90\x85\x58\x79\xaf\xfa\xbe\x36\
\x6e\xba\x43\x83\x83\x03\x4b\xde\x09\x60\x7f\x9e\xfd\xb9\x1b\x6e\
\xbe\x4d\x41\xab\xad\x76\x18\xe6\x6a\xa5\x9d\x69\xdf\x00\x00\x3c\
\x34\x02\x00\x00\x00\x96\xf0\x74\x90\x85\x60\x81\xc4\xe0\xc0\x40\
\xb6\x01\xc0\x2d\xb7\xe9\x9a\xeb\x6f\x94\x93\xb3\x35\x76\xa6\x7d\
\x03\x00\xf0\xd0\x08\x00\x00\x00\xc8\xe0\x74\x90\x85\x28\xc4\xb3\
\x9a\x03\xd0\xdb\x02\x30\x32\x32\xac\xbc\x61\xda\x37\x00\x00\x0f\
\x8d\x00\x00\x00\x80\xdd\xe0\x74\x90\xfc\x06\x10\x7b\xc2\xb4\x6f\
\x00\x00\x76\x8f\x9e\x38\x00\x00\x00\x00\x00\x4a\x80\x00\x00\x00\
\x00\x00\x00\x80\x12\x20\x00\x00\x00\x00\x00\x00\xa0\x04\x08\x00\
\x00\x00\x00\x00\x00\x28\x01\x02\x00\x00\x00\x00\x00\x00\x4a\x80\
\x00\x00\x00\x00\x00\x00\x80\x12\x20\x00\x00\x00\x00\x00\x00\xa0\
\x04\x08\x00\x00\x00\x00\x00\x00\x28\x01\x02\x00\x00\x00\x00\x00\
\x00\x4a\x80\x00\x00\x00\x00\x00\x00\x80\x12\x20\x00\x00\x00\x00\
\x00\x00\xa0\x04\x08\x00\x00\x00\x00\x00\x00\x28\x01\x02\x00\x00\
\x00\x00\x00\x00\x4a\x80\x00\x00\x00\x00\x00\x00\x80\x12\x20\x00\
\x00\x00\x00\x00\x00\xa0\x04\x08\x00\x00\x00\x00\x00\x00\x28\x01\
\x02\x00\x00\x00\x00\x00\x00\x4a\x80\x00\x00\x00\x00\x00\x00\x80\
\x12\x20\x00\x00\x00\x00\x00\x00\xa0\x04\x08\x00\x00\x00\x00\x00\
\x00\x28\x01\x02\x00\x00\x00\x00\x00\x00\x4a\x80\x00\x00\x00\x00\
\x00\x00\x80\x12\x20\x00\x00\x00\x00\x00\x00\xa0\x04\x08\x00\x00\
\x00\x00\x00\x00\x28\x01\x02\x00\x00\x00\x00\x00\x00\x4a\x80\x00\
\x00\x00\x00\x00\x00\x80\x12\xf0\xb3\xbe\x00\x00\x00\xf2\xc8\xf7\
\xfd\x9d\x5f\x49\x92\x28\x6f\xe2\x38\x4e\xbf\xb2\xe2\xba\x6e\xfa\
\x95\x37\xf6\xdf\xab\xe2\xfb\xb9\xbc\x36\x00\x00\xb2\x46\x00\x00\
\x00\xc0\x2e\xac\xe0\xbf\xff\xfe\x2d\xda\x3e\xb9\x43\x15\xbf\x92\
\xbb\x00\x20\x51\xa2\xc1\x81\x01\x0d\x0e\x0e\x64\x72\x6d\x8e\xe3\
\x68\x76\x76\x4e\x73\x8d\x86\x1c\x39\xca\x5b\x00\xd0\xd8\x76\x5f\
\x7a\x7d\x00\x00\xe0\xc1\x08\x00\x80\xa5\x58\xe9\x8b\xa2\x85\xff\
\x3d\x81\x9c\x0a\x73\x56\x2c\xef\x2b\x5b\x55\xaf\xd5\xaa\xfa\xe3\
\x3f\x7a\x93\x5a\xcd\x56\xba\x92\x6c\x05\x77\x9e\xae\xaf\xea\xfb\
\xda\xb8\xe9\x0e\x6d\xb8\xe5\x36\x0d\x0d\x0d\x2e\x69\x27\x80\x3d\
\x1e\x56\x5c\x9f\x7c\xe2\x3a\x1d\xb7\xf6\x48\xb5\xc3\x30\x57\xab\
\xed\xf3\xaf\x2f\x8c\xe2\x5c\x5d\xdb\xfe\x70\x1c\x57\x0e\x3b\x36\
\x51\x02\xf6\x2e\x6b\x2f\x57\x67\x11\x32\x45\x3a\x83\x80\x07\x10\
\x00\xa0\xf4\x16\x77\xa5\x2f\xe9\x7c\x92\x0d\x0d\x29\x67\x8b\x64\
\xc0\xa2\xb0\xd5\xe0\xf1\x8a\x5f\xd8\xa7\xbb\xad\x6c\xdb\x7b\x40\
\xad\x56\xd3\x5b\x2f\x78\x95\xf2\xac\x52\xab\xea\x9a\xeb\x6e\xd4\
\xc8\xc8\xf0\x92\x07\x00\x73\x73\x0d\x9d\x7c\xd2\x3a\xbd\xe9\xf7\
\x5e\xa1\x3c\x6b\x06\x51\xa1\x6f\xf8\xed\xf5\x14\x86\x73\x0a\xa2\
\x46\xfa\xdc\xec\x94\x48\x40\x1f\xea\xde\x2e\xb5\x5a\x52\xbb\xbd\
\xf0\x7d\x45\x74\x06\x01\x0f\x20\x00\x40\xa9\x2d\xea\x4a\x5f\x1a\
\x65\x3b\x52\x10\x28\xbe\xe1\xe6\xf4\xc7\x34\xda\x2e\xf8\xea\x28\
\xf0\x50\x5c\xc7\x51\x33\x8e\xf5\xf1\x5f\xdd\x95\xfe\x68\xff\x5c\
\x54\x16\x02\xcc\x36\x5a\xca\xa3\x30\x0c\x35\x34\x50\x4b\x6f\x64\
\x3b\x45\xa1\x32\xdb\x02\x60\xd7\x62\x8f\x93\xdd\x5c\xe7\x89\xbd\
\xcb\x7a\x39\x9d\x51\xb0\xb7\x6c\xd5\x3f\x88\x66\x75\xd0\xf2\xe3\
\x74\xd0\x8a\x23\x14\x44\x31\x9d\x00\xe8\x5b\xf6\x52\x6d\x35\xa5\
\xff\xfd\x84\x44\xbf\xf5\xbf\x13\x05\xa1\xe4\x2c\xe0\xd3\xbd\xdf\
\x3a\x83\x80\x03\x91\xaf\x4f\x6c\xa0\x5f\x57\xfa\xfe\xe7\x2e\xc9\
\x52\x67\xcf\x23\x00\x40\xff\x72\x1c\xb5\xc3\x40\x9f\xbb\xeb\x1e\
\x35\x62\x2b\x56\x8a\xbd\x5e\x99\xb7\xa2\x76\xd7\x6b\xcb\xfa\x06\
\xd6\xfe\xfc\xce\xd6\xa9\x28\xd7\x8f\x55\x91\x5b\xff\xc3\xb8\xa1\
\x35\x2b\xd6\xeb\xe8\xdf\x79\x99\xe6\x5a\x9d\x4c\x19\xe8\x47\x9e\
\x2f\xed\x98\x94\xce\x7d\xae\x74\xd2\xd3\x16\xf7\xcf\x2a\x7a\x67\
\x10\x70\xa0\xf8\xc4\x46\xe9\x2d\xda\x4a\x9f\x15\xfa\x56\xf0\xcf\
\xcd\x29\x6c\xb5\xad\xa7\x8d\x00\x00\x7d\xcb\x9e\xd5\xbe\xe3\x68\
\x47\x18\x16\xba\xe8\x07\xf2\xb8\x05\x60\xae\x15\xaa\xd1\x0e\xe5\
\x3a\xdc\xb6\xa1\x3f\x79\x91\x64\xb7\x4a\x93\x3b\x62\x85\x61\xa2\
\xb9\x66\xe7\x96\x69\x21\xf5\x43\x67\x10\xb0\x10\xf8\x24\x01\x16\
\x6b\xa5\xaf\x17\x00\xd8\xef\x6d\x6d\xba\xbd\x2f\xa0\x8f\x03\x00\
\xfb\x02\xb0\xb0\x9d\x00\x56\xf8\xdb\xea\x3f\x01\x00\xfa\x95\x3d\
\xbf\xed\xe3\xc3\xf3\x62\xf9\x7e\x92\xde\x3a\x2d\x74\x00\x00\xa0\
\x83\x08\x0c\x00\x00\x00\x00\x80\x12\x20\x00\x00\x00\x00\x00\x00\
\xa0\x04\x08\x00\x00\x00\x00\x00\x00\x28\x01\x02\x00\x00\x00\x00\
\x00\x00\x4a\x80\x00\x00\x00\x00\x00\x00\x80\x12\x20\x00\x00\x00\
\x00\x00\x00\xa0\x04\x08\x00\x00\x00\x00\x00\x00\x28\x01\x02\x00\
\x00\x00\x00\x00\x00\x4a\x80\x00\x00\x00\x00\x00\x00\x80\x12\x20\
\x00\x00\x00\x00\x00\x00\xa0\x04\x08\x00\x00\x00\x00\x00\x00\x28\
\x01\x02\x00\x00\x00\x00\x00\x00\x4a\x80\x00\x00\x00\x00\x00\x00\
\x80\x12\x20\x00\x00\x00\x00\x00\x00\xa0\x04\x08\x00\x00\x00\x00\
\x00\x00\x28\x01\x02\x00\x00\x00\x00\x00\x00\x4a\x80\x00\x00\x00\
\x00\x00\x00\x80\x12\x20\x00\x00\x00\x00\x00\x00\xa0\x04\x08\x00\
\x00\x00\x00\x00\x00\x28\x01\x02\x00\x00\x00\x00\x00\x00\x4a\x80\
\x00\x00\x00\x00\x00\x00\x80\x12\x20\x00\x00\x00\x00\x00\x00\xa0\
\x04\x08\x00\x00\x00\x00\x00\x00\x28\x01\x02\x00\x00\x00\x00\x00\
\x00\x4a\x80\x00\x00\x00\x00\x00\x00\x80\x12\x20\x00\x00\x00\x00\
\x00\x00\xa0\x04\x08\x00\x00\x00\x00\x00\x00\x28\x01\x02\x00\x00\
\x00\x00\x00\x00\x4a\x80\x00\x00\x00\x00\x00\x00\x80\x12\x20\x00\
\x00\x00\x00\x00\x00\xa0\x04\x08\x00\x00\x00\x00\x00\x00\x28\x01\
\x02\x00\x00\x00\x00\x00\x00\x4a\xc0\xcf\xfa\x02\x00\x00\xc0\xbe\
\x73\x5d\x57\x15\xdf\x97\xef\x2f\xed\x47\xb9\xfd\x79\xf6\xe7\xda\
\x9f\x0f\x00\x00\x8a\x85\x00\x00\x00\x80\x02\x9a\x9d\x9d\xd3\xdc\
\xb6\xfb\x74\x9f\xa4\x30\x0c\x97\x34\x00\x68\x6c\xbb\x2f\xfd\xf3\
\x01\x00\x40\xb1\x10\x00\x00\x00\x50\x20\xb6\xf2\x1e\x46\xb1\x4e\
\x3e\x71\x9d\xf4\xce\x3f\xd3\xd0\xd0\xa0\xe2\x38\x5e\xd2\x3f\xdf\
\x8a\x7f\xfb\xf3\xed\x3a\xe8\x04\x00\x00\xa0\x38\x08\x00\x00\x00\
\x28\x5a\x00\x10\x27\x3a\xe9\xb8\xa3\xd3\xaf\x2c\x35\x83\x88\x00\
\x00\x00\x80\x02\x21\x00\x00\x00\xf4\xad\x24\x49\x96\x74\x75\x7c\
\xa9\x38\x92\x1a\xad\x40\x51\x1c\xa7\x3f\x5f\x6a\x89\x24\xcf\x75\
\xfb\xb2\xf8\xef\xc7\xe7\x0b\x00\x00\x3d\x04\x00\x00\x80\xbe\x2d\
\xfe\x7d\xdf\xd3\xe0\xe0\x80\xfa\x91\xdb\xa7\x05\x78\x96\xcf\x17\
\x63\xcf\x97\xde\xcf\x01\x00\xe8\x37\xdc\x39\x00\x00\xfa\x8e\x15\
\x70\x95\x4a\x45\xdb\xb6\x4d\x6a\xd3\x77\x36\xcb\x75\x58\xd9\xc5\
\x9e\x87\x1b\x36\x5b\x6d\x6d\xba\x7d\xb3\xea\xf5\x1a\x21\x00\x00\
\xa0\x2f\x11\x00\x00\x00\x16\x54\x5e\xca\x26\xcf\xf3\xb4\x7d\xfb\
\x0e\x6d\xb8\xe5\xb6\x34\x00\xa0\xa0\xc3\xc3\x07\x46\xbe\xb6\xef\
\x98\xd6\xb7\x6f\xfd\xae\x06\x07\xeb\xb9\x09\x8c\x92\xdc\xbc\xa2\
\x00\x00\xfd\x80\x00\x00\x00\xb0\x60\x6c\x3f\x7a\xd5\x71\x72\x51\
\xb2\x44\x51\xa4\x89\x89\x31\x5d\x71\xd5\xf5\xba\x77\xcb\xf6\xb4\
\x23\x80\x10\x00\x0f\xf5\x5c\xb1\x67\xed\xa7\x3f\xf7\x15\x4d\x4e\
\x4e\xc9\xf7\xf3\xf1\x5c\x71\xe4\xca\x73\xab\x59\x5f\x06\x00\xa0\
\x8f\x10\x00\x00\x00\x16\xa4\xf0\x6f\xc5\xb1\x56\xd6\xeb\x3a\xf7\
\xa0\xd5\x9a\x0e\x43\x79\x4e\x16\xe3\xe9\x1e\x60\x05\x5c\xad\x56\
\xd3\x7f\xfc\xe7\xcf\xf5\xe9\xcf\x7e\x59\x55\xdf\x55\x18\x46\x99\
\x5e\x13\xf2\xc7\x56\xfa\xab\xd5\xaa\xa6\xa6\xe7\xf4\xd1\x4f\x7c\
\x21\x27\xab\xff\x8e\xa2\xb8\xa5\xc1\x81\x35\x3a\xf4\xe0\xb3\xd5\
\x0e\x25\xd7\xf1\x32\xbe\x26\x00\x40\x3f\x20\x00\x00\x00\x2c\x18\
\x2b\xf9\xeb\xae\x9b\x8b\x0e\x80\xde\xca\xee\xb2\x65\xe3\x7a\xcf\
\xfb\x2e\xd5\xc6\xdb\x37\x6b\x78\xb0\xa6\x20\x08\xb2\xbe\x2c\xe4\
\x44\x9c\x24\x72\x1c\x57\x15\xcf\xd1\x85\x6f\xfd\x53\xdd\x73\xcf\
\x7d\x69\x68\x94\x87\xd5\x7f\xe3\x3a\xbe\x3c\xaf\x96\xf5\x65\x00\
\x00\xfa\x08\x01\x00\x00\x60\x41\xcd\x46\x51\xa7\xb0\xca\xfa\x42\
\xba\x5d\x00\x36\x0b\x60\x6a\x7a\x46\xef\xfe\xbb\x0f\x6b\xdb\xf6\
\x1d\x1a\x1e\xac\xa7\xdf\xb7\x23\xf4\xf2\x52\xe8\x61\x69\xd9\x7f\
\xf7\x30\x0c\xe5\x7b\xae\xea\x55\x4f\x57\x5d\xf3\x4d\x5d\xf9\xd5\
\xeb\x35\x3c\x3c\x94\x86\x46\x79\xe0\xc8\x51\x18\xcd\x29\x8e\xf3\
\x71\x3d\x00\x80\xfe\xc0\x31\x80\x00\x80\x05\x4b\x94\xc3\x38\xd6\
\xba\xf1\x31\x4d\x54\x2a\x0a\xba\x21\x40\xd6\x25\xb6\x15\x74\xe3\
\xe3\xa3\xda\x74\xfb\x1d\x3a\x7c\xed\x33\xf5\x81\xf7\xbe\x53\xcf\
\x3e\xfd\xe4\xf4\xdf\x05\x51\xa2\xb6\x75\x04\x10\x04\x94\x86\x05\
\x42\xd5\xaa\x2f\x57\xbe\xb6\x6c\x9b\xd4\x9b\xff\xe0\xcf\x75\xd5\
\xd5\x5f\x4f\x8b\xff\xbc\xb0\xe2\x3f\x88\x9b\x3a\x64\xc5\x7a\xd5\
\x2a\x55\x25\x89\x6d\x49\xc8\x43\xa4\x06\x00\x28\x3a\x02\x00\x00\
\xc0\x82\x70\x1c\x2b\x5a\x62\xad\x1d\x1f\xd3\xb8\xef\x6b\xd2\x56\
\x58\x33\x9e\x03\xd0\x63\x7b\xba\xad\xb5\x7b\x66\x76\x56\x2f\x79\
\xe5\x85\x3a\xe9\x84\xb5\x7a\xe3\xeb\x5f\xa9\x23\x0e\x7b\xa2\xc6\
\xc7\x46\xb2\xbe\x3c\x2c\xa1\x28\x91\xee\xb9\x77\x8b\x3e\xfb\xf9\
\xcb\xf5\xd1\x4f\x7e\x21\x6d\xfb\xef\x15\xff\x79\xe9\x08\xb1\x6d\
\x09\x61\xdc\xd0\x8a\xf1\x23\x54\xab\x56\x35\xd7\x0a\xd3\xed\x00\
\x00\x00\x1c\x28\x3e\x4d\x00\x00\x0b\xc6\xca\xfd\x46\x1c\xa7\x85\
\x7f\x3e\x4a\xa9\x07\x87\x00\x76\x12\x80\x0d\x7c\xfb\xe6\x4d\xdf\
\xd6\xc6\xdb\xbe\xa7\x35\xab\x57\xe8\xdc\xe7\x9f\x95\x86\x03\x71\
\xba\xca\x8a\x7e\x95\xc4\x89\x7c\xdf\xd3\x1d\xdf\xff\x51\x7a\xd4\
\xdf\xe4\xe4\x0e\x0d\x0e\x0e\xa4\xc5\x7f\xf6\x43\xff\x7e\x9d\x15\
\xfc\x49\x62\xdb\x69\xb2\xbe\x12\x00\x40\x3f\x21\x00\x00\x00\x2c\
\xe8\x49\x00\xab\xeb\x75\xbd\x60\xcd\x2a\xfd\xbf\xff\xfe\x85\x56\
\x55\xab\x0a\x73\xb2\xaa\xda\x5b\xe1\xb5\xaf\xf1\xf1\xb1\xb4\xe8\
\xbb\xe7\xbe\x2d\x7a\xe7\xbb\x2f\xee\xce\x2c\xc8\x47\xb7\x02\x16\
\x4f\xa2\x44\xf5\x5a\x4d\x03\x03\x75\x4d\x4c\x8c\xa7\xcf\x81\xfc\
\x15\xff\x76\x02\x40\x5b\x83\xb5\xd5\x7a\xec\x23\x9e\xab\x80\x13\
\x00\x00\x00\x0b\x88\x00\x00\x00\xb0\xa0\xac\x8c\x1e\xf5\xfd\xf4\
\x18\xc0\xfc\x94\xfe\x0f\xd6\x1b\xf4\x56\xad\x54\xb4\x72\xe5\x8a\
\xac\x2f\x07\x4b\x28\xe9\x16\xfd\x79\x19\xf6\xb7\x7b\x89\x7c\x6f\
\x90\x13\x00\x00\x00\x0b\x8e\x00\x00\x00\xb0\x60\xac\xe8\x6f\x85\
\xa1\x9e\xb7\x66\x95\x2e\xfa\xf9\x2f\xd3\xa1\x80\x6e\x8e\x83\x80\
\xde\x34\x78\x20\x2f\x6c\xb5\x7f\x2e\xd8\xaa\xc7\x3d\xea\xa5\x1a\
\xaa\xd7\xd5\x68\xb3\xff\x1f\x00\xb0\x70\x38\x06\x10\x00\xb0\xa0\
\xab\xff\x36\xfd\x7f\x65\xb5\xaa\xb5\xe3\xa3\x9a\xeb\x06\x00\x00\
\xf6\x8e\xed\xfb\xaf\xfa\xa3\x5a\xb3\x7c\xbd\xa2\xd8\x36\xa6\xf0\
\xfa\x01\x00\x2c\x1c\x02\x00\x00\xc0\x82\x8a\x92\x44\x83\xbe\xaf\
\x13\x97\x8d\xab\x19\xc7\x94\x2f\xc0\x3e\xee\xff\x1f\xa8\xad\xd4\
\xea\x65\x47\x2a\x8c\x3b\x27\x02\x00\x00\xb0\x50\xf8\x54\x01\x00\
\x2c\xf8\x36\x80\x66\x18\xea\x39\xab\x56\xea\x37\x07\x07\xd2\xc1\
\x80\x84\x00\xc0\x9e\xb9\x8e\xab\x28\x6e\xea\xb1\x8f\x78\xbe\xaa\
\x15\x47\x71\x6c\xdb\x53\x78\xf5\x00\x00\x16\x0e\x01\x00\x00\x60\
\x51\x4e\x03\x78\xe4\xe0\x60\x1a\x02\xec\x08\xc3\x34\x14\x00\xf0\
\x70\x1c\xc5\x49\xa8\x5a\x75\x42\x8f\x3d\xe4\x85\x8a\x62\x97\xe9\
\xff\x00\x80\x05\x47\x00\x00\x00\x58\x70\x56\xee\x47\x71\xac\xe3\
\x27\xc6\x35\xe0\xba\xe9\x31\x7b\x00\x1e\x9a\xb5\xfa\x87\xd1\x9c\
\x96\x8f\x3e\x49\x83\xb5\xc1\xf4\xf5\xc3\xea\x3f\x00\x60\xa1\x11\
\x00\x00\x00\x16\x9c\xad\xf8\x37\xa2\x48\x4f\x5f\xb1\x5c\x27\x2f\
\x9b\xd0\x54\x14\xd1\x05\x00\x3c\x2c\x0b\xc9\x1c\xfd\xce\xa1\xaf\
\x93\xe7\x55\x6c\x1a\x60\xd6\x17\x04\x00\xe8\x43\x04\x00\x00\x80\
\x45\xd1\x5b\xf5\xbf\xf0\x51\x87\xf0\x61\x03\x3c\x0c\xc7\xf1\xd4\
\x0e\xa7\x75\xf0\x8a\x13\x74\xf0\x8a\xc3\xd5\x0e\xe2\xf4\x7b\x00\
\x00\x2c\x34\xee\xc9\x00\x00\x8b\xc2\x56\xfc\xe7\xc2\x50\x27\x2c\
\x5f\xa6\x53\xac\x0b\x80\x59\x00\xc0\x6e\xd9\xab\xc2\x8e\xfb\xfb\
\xed\xdf\x78\x4d\xb7\xe9\x9f\xd5\x7f\x00\xc0\xe2\x20\x00\x00\x00\
\x2c\x9a\xa4\xfb\x41\x63\x5d\x00\x76\x3c\x60\x42\x5b\x33\xf0\x20\
\xb6\xd2\xdf\x0c\xb6\xeb\xa0\x15\xc7\xeb\xe0\x95\x87\xab\x1d\xb2\
\xfa\x0f\x00\x58\x3c\x04\x00\x00\x80\x45\x9f\x05\x70\xfc\xf2\x09\
\x3d\x77\xf5\x4a\x4d\xdb\x2c\x80\xac\x2f\x0a\xc8\x0d\x47\x49\x12\
\xa9\xea\x8f\xea\x09\x87\xbe\xae\x1b\x99\x11\x92\x01\x00\x16\x0f\
\x01\x00\x00\x60\x51\x59\x39\x13\xc7\x89\xde\xfb\xbf\x1f\xa7\x35\
\xd5\xaa\xc2\x24\x61\xb6\x39\x60\x37\x61\x8e\xaf\x76\xb8\x43\x8f\
\x3f\xf4\x75\x7a\xe4\xaa\xc3\xd4\x0e\x23\x56\xff\x01\x00\x8b\x8a\
\x00\x00\x00\xb0\xe8\x1f\x34\xad\x38\xd6\xf2\x6a\x55\xaf\x78\xc4\
\x41\xba\xaf\xdd\x96\xcf\x2c\x00\x94\x9e\xab\x20\x9a\xd1\x40\x75\
\x95\xfe\xd7\x23\x5f\xa0\x46\x10\xcb\xa5\xf8\x07\x00\x2c\x32\x02\
\x00\x00\xc0\x92\x0d\x04\x7c\xc3\xa3\x1f\xa9\x17\xae\x59\xdd\xd9\
\x0a\x40\x08\x80\xd2\xb2\x91\x7f\x89\x7c\xaf\xae\xb5\x4f\xfc\x6b\
\x0d\xd6\x46\xbb\xa7\xfe\xf1\x9a\x00\x00\x2c\x2e\x02\x00\x00\xc0\
\xa2\xb3\xb2\x26\x96\x34\xe4\xba\xfa\xf0\xe3\xff\xb7\x46\x3d\x4f\
\x73\x51\xc4\x87\x10\x4a\xdb\xfa\x3f\xdb\xba\x3b\x9d\xfa\xff\xd8\
\x47\x1c\xa7\x76\x18\xca\xe1\xd5\x00\x00\x58\x02\x7c\xda\x00\x00\
\x96\xec\x03\xc7\x06\x02\x0e\x7b\x9e\x3e\xfc\x3b\xbf\xa5\x01\xd7\
\x4d\xe7\x03\xb0\xe6\x89\x32\xb1\x3d\xfe\x41\x34\xad\xc7\x1e\xfc\
\x3c\xfd\xce\x63\x5e\xa2\xd9\x56\x48\xeb\x3f\x00\x60\xc9\x10\x00\
\x00\x00\x96\xfc\x54\x80\x67\x1d\xb4\x46\x17\x3c\xea\x10\xdd\xd3\
\x6a\xa9\xea\xf2\x51\x84\xf2\x14\xff\x51\xd4\x54\xc5\x1f\xd1\xda\
\x27\xfd\xb5\x3c\x6f\x40\x4e\x7a\x2e\x06\x31\x18\x00\x60\x69\x70\
\xd7\x05\x00\x58\xf2\x10\x60\xba\xd5\xd2\xeb\x1f\xfd\x48\xbd\x60\
\xcd\x6a\xdd\xdd\x6a\xa9\xc2\x3c\x00\xf4\x39\xc7\x71\x15\xc7\x41\
\x5a\xeb\xaf\x7f\xd2\xdf\xaa\xea\x57\x15\x45\x11\xc5\x3f\x00\x60\
\x49\x11\x00\x00\x00\x96\x94\xd3\xfd\xaa\x3b\x8e\x3e\xf5\xa4\xc7\
\xeb\xac\x55\x2b\xd2\x93\x01\x08\x01\xd0\xdf\xc5\x7f\xa8\x24\x09\
\x75\xe2\x61\x1f\xd6\xa3\xd7\x1c\xa7\x30\x4a\x38\xf2\x0f\x00\xb0\
\xe4\x08\x00\x00\x00\x4b\xce\x4a\xfd\x20\x8e\x15\x27\x89\x3e\xf3\
\xa4\x27\xe8\x4c\x42\x00\x94\xa1\xf8\x3f\xfc\x1f\xf4\xe8\x35\xeb\
\xd5\x68\x87\xe9\xf7\x01\x00\x58\x6a\x7c\xfa\x00\x00\x32\xe1\x3a\
\x8e\x22\x42\x00\xf4\x31\x5b\xe1\x7f\x70\xf1\xbf\x2e\x2d\xfe\xed\
\x14\x00\x00\x00\xb2\x40\x00\x00\x00\xc8\x4d\x08\x70\xd6\xaa\x95\
\xba\xb7\xdd\x4e\xe7\x04\x10\x03\xa0\x1f\x06\xfe\x25\xb2\xe2\xff\
\xef\x29\xfe\x01\x00\xb9\x40\x00\x00\x00\xc8\x45\x08\x90\x24\x89\
\x3e\xf5\xa4\xdf\xd1\x73\x57\xaf\xd2\x8e\x30\x4c\x8f\x08\xf4\xe9\
\x06\x40\xe1\x38\x69\x91\x1f\x86\x73\xf2\xfd\x21\x9d\x70\xd8\x03\
\x6d\xff\x14\xff\x00\x80\xac\x11\x00\x00\x00\x72\x11\x02\x84\xd6\
\x09\x10\x27\xfa\xdc\x93\x1e\xaf\xcf\x3f\xe9\xf1\x6a\xc7\xb1\x26\
\xc3\x90\x10\x00\x85\x61\xfb\xfa\xed\xd9\x3a\xd3\xb8\x53\x87\xac\
\x3a\x45\x67\x9f\x78\x83\x0e\x59\xb5\x4e\xcd\x76\x4c\xf1\x0f\x00\
\xc8\x05\x02\x00\x00\x40\x6e\x42\x00\x5b\xf5\x9f\x0d\x43\x9d\xb9\
\x7a\xa5\x2e\x3f\xec\x49\x3a\x61\x62\x4c\x5b\x82\x20\xdd\x12\x60\
\x5f\x40\xae\x57\xfd\xa3\x86\xa5\x00\x3a\xf2\xb7\xff\x58\xeb\x9f\
\x7c\x91\x2a\xfe\x88\xc2\x30\x62\xe0\x1f\x00\x20\x37\xf8\x44\x02\
\x00\xe4\x86\xd3\x0d\x02\x76\xb4\x03\x9d\xb4\x6c\x5c\x97\x1f\xf6\
\x64\x9d\xbd\x6a\xa5\x26\x83\x40\xd3\x61\x98\x0e\x08\x24\x06\x40\
\x9e\x74\x8e\xf2\x4b\xd4\x6c\x6f\x53\xd5\x1f\xd1\xfa\x27\x5d\xa4\
\xa3\x7e\xe7\x75\x72\xac\xab\x85\xa3\xfe\x00\x00\x39\x43\x3f\x1a\
\x00\x20\x77\xac\xed\x7f\x47\xd0\x69\xff\xff\xf4\x93\x1e\xaf\x9b\
\xb7\x6d\xd7\xc5\x3f\xff\x1f\x5d\xbb\x65\xab\x56\x54\x2a\xaa\xba\
\xae\xa2\x24\x49\x3b\x06\x80\x2c\x0b\xff\x56\x7b\x52\xd5\xca\xa8\
\x0e\xfb\xad\xdf\xd7\x6f\x3e\xf2\x5c\x0d\xd4\x46\x35\xd3\xe8\xec\
\xf7\xa7\x69\x05\x00\x90\x37\x04\x00\x00\x80\x5c\xb2\xe2\xdf\x0a\
\xfc\x66\x18\xea\x69\xcb\x97\x69\xdd\xd8\xa8\xde\xfb\x8b\x5f\xea\
\x33\x77\xdd\xa3\x9f\x37\x1a\x1a\xf1\x7d\xd5\x09\x02\x90\x51\xe1\
\x1f\x04\xd3\x92\xe3\xea\x11\xab\x4e\xd0\x13\x0e\x3d\x5f\x87\xac\
\x3e\x46\xad\xb6\x14\x84\xec\xf7\x07\x00\xe4\x17\x9f\x50\x00\x80\
\xdc\xb2\x05\x54\x6b\xa5\x9e\xea\xce\x01\xf8\x93\xff\x75\xa8\xce\
\x7b\xc4\x41\xfa\xc4\x9d\x77\xeb\x93\x77\xdd\xad\xff\x69\xb4\x34\
\xe4\x7b\xaa\x3a\xb6\x07\xdb\x49\xc3\x00\x60\xe1\x39\xe9\x3e\xfe\
\x24\x09\x15\x84\xd3\xe9\x3f\x1f\xbc\xf2\x38\xfd\xf6\x63\x5e\xa6\
\x83\x57\x1c\x97\xfe\x8a\x39\x5b\xf5\x77\x3d\xf6\xfb\x03\x00\x72\
\x8d\x00\x00\x00\x90\x7b\x56\xfc\x5b\x69\xbf\xa3\xdd\xd6\xb2\x4a\
\x45\xff\xe7\x7f\x1d\xaa\x57\x3e\xe2\x60\x7d\xfc\xce\xbb\xf4\xb9\
\xbb\xef\xd5\xbd\xad\x96\x9a\x71\xa2\x61\xdf\x4b\xe7\x04\xd8\xaf\
\x8d\xe9\x0c\xc0\x7e\xeb\xf4\xee\xbb\x8e\xa7\x38\x89\x14\xc7\x81\
\xa2\xb8\xa1\x5a\x65\x42\x07\x2d\x3f\x5c\xbf\x73\xe8\x2b\x74\xf0\
\x8a\xf5\xe9\x2f\x0b\x02\x7b\x96\x25\x72\x5d\x6e\xa9\x00\x00\xf9\
\xc7\xa7\x15\x00\xa0\x30\x25\x99\x6d\x0b\x08\x12\x1b\xb8\x66\x41\
\x80\xaf\x3f\x7e\xec\x63\xf4\x7b\x8f\x3a\x44\xdf\x9f\x9a\xd6\xc5\
\xbf\xf8\x1f\xfd\x60\x6a\x46\x5b\x83\x20\xfd\x75\x03\xae\x9b\x76\
\x05\xf4\x02\x81\xf9\xdd\x01\x04\x03\xe8\xe8\x6d\xd2\x4f\xba\x47\
\xf8\xb9\xb2\xd8\x28\x8e\xdb\xe9\x77\xe7\xda\x5b\x55\xf5\x47\x35\
\x50\x5f\xae\xc7\x3e\xe2\x85\xfa\x5f\x87\x3c\x4f\x03\xf5\x65\xf2\
\x5c\xa9\xdd\x2d\xfc\x3b\x2b\xfe\x6c\xf6\x07\x00\x14\x03\x01\x00\
\x00\xa0\xb0\x41\x40\x2b\x08\x34\xe0\x38\x7a\xea\xf2\x65\x3a\x71\
\x62\x5c\xbf\x6a\x36\xf5\xd5\xfb\xb7\xea\x5b\xdb\xb6\xeb\x7b\x53\
\xd3\x6a\xc5\xb1\xee\x6a\xb5\xd3\x5f\x3f\xe2\x7b\xe9\xff\xd7\xca\
\x36\x7f\x5e\x30\x50\x14\x71\xb7\xab\x21\xaf\x7a\x05\x74\x51\xcc\
\x2f\xf4\xed\x59\x15\x46\x73\x0a\xa3\x96\x5c\xc7\xd5\x40\x7d\xb5\
\x2a\xde\xa0\x1e\xf7\xa8\x97\xea\xa0\x15\x6b\xb5\x6a\xe2\xc9\xaa\
\x56\x06\x15\xc5\x52\x1c\x27\x8a\xd2\xe9\xfe\x14\xfe\x00\x80\xe2\
\x21\x00\x00\x00\x14\x92\xd3\xdd\x1a\x60\x85\xb1\xcd\x08\xb0\xd5\
\xfe\x83\x6b\x35\xbd\xe9\x37\x1e\xa5\x57\x3f\xe2\x20\xcd\xc5\xb1\
\xee\xd8\x31\xa5\xdb\x77\x4c\xa5\xbf\xee\xf3\x77\xdf\x93\x06\x02\
\xbe\xe3\x6a\x7b\x10\xe8\xfe\xb6\xcd\x15\x50\x21\x58\xd9\x3f\xe8\
\x79\x1a\x74\x6d\x85\x3a\x7f\xec\x70\xc6\x30\x9c\x53\x10\x35\xd2\
\x99\x0d\xb9\xef\xb1\x48\x3a\x81\xc5\x60\x7d\x4d\x3a\xb0\x2f\x88\
\xe6\xb4\x66\xf9\x7a\xad\x9a\x78\x82\x12\xf9\x3a\xf4\xe0\xe7\xca\
\xf3\xaa\x1a\xaa\x77\x8a\x7e\xfb\x6a\x07\xd1\xce\xa2\xbf\xf3\x77\
\x04\x00\xa0\x78\x08\x00\x00\x00\x85\x67\x05\xbe\xe9\x6d\x0f\xb0\
\x15\xfe\x61\xcf\xd3\x69\x2b\x96\xeb\x19\xab\x56\xa6\x15\xdf\xeb\
\x0e\x39\x58\x61\x92\xa8\xe6\x79\xfa\xee\xe4\x0e\xdd\x36\xb9\x23\
\x2d\xaa\xf3\xbc\xaa\x6e\x2c\xe0\xa8\x7b\x9e\xbe\xbd\x6d\x7b\x7a\
\x1c\xe2\x90\x5d\xb3\xf2\xc3\x56\xfd\x83\x68\x56\x07\x2d\x3f\x4e\
\x07\xad\x38\x42\x41\x14\x17\xa0\x13\x20\x91\xe7\x56\xf5\x98\x47\
\x9c\x9d\xfe\x18\x27\xa1\x6a\x95\x51\xd5\x2a\xd6\x65\x21\x85\x61\
\x27\xc2\x68\xb4\xc3\xf4\xef\x62\x05\x7f\x67\xfa\x3f\x00\x00\xc5\
\x46\x00\x00\x00\xe8\xbb\xed\x01\xc6\x8a\xfd\x20\x0c\x15\x75\xbf\
\x6f\xc7\x06\xf6\xd6\xa6\x9f\xb1\x33\x18\x28\x00\x0b\x28\xaa\x55\
\x79\xff\xf6\xef\xba\x76\xcb\xd6\xf4\xef\x91\xa7\xd0\xc2\x56\xc5\
\xc3\xb8\xa1\x35\x2b\xd6\xeb\xe8\xdf\x79\x99\xe6\x5a\x36\x3c\x4f\
\xf9\xd6\x7d\x22\x04\xdd\x42\xdf\xfe\xd1\x0a\xff\xb9\x96\x15\xfc\
\xbd\xa3\xfe\xec\xef\xc1\x6d\x12\x00\xa0\xbf\xf0\xc9\x06\x00\xe8\
\xeb\x23\x04\x7b\x6b\xd1\x16\x08\xf4\x4c\x87\x61\xae\x56\xd1\x1f\
\x8e\x5d\xf7\x98\xa4\xd9\x28\xca\xed\x8e\xf3\xde\x16\x00\x2b\xa0\
\x6d\xd5\xbc\x28\x85\xb3\x4d\xf9\x37\x9d\x67\x86\x53\x98\xeb\x06\
\x00\x60\x7f\xf1\x49\x07\x00\x28\x85\xf9\xc5\xf3\xfc\x60\xa0\x08\
\xac\xab\xc1\x66\x1c\xe4\x99\x75\x02\x58\x01\x6d\xab\xff\x14\xd2\
\x00\x00\xe4\x53\x91\xee\x7f\x00\x00\x00\x00\x00\xc0\x7e\x22\x00\
\x00\x00\x00\x00\x00\xa0\x04\x08\x00\x00\x00\x00\x00\x00\x28\x01\
\x02\x00\x00\x00\x00\x00\x00\x4a\x80\x00\x00\x00\x00\x00\x00\x80\
\x12\x20\x00\x00\x00\x00\x00\x00\xa0\x04\x08\x00\x00\x00\x00\x00\
\x00\x28\x01\x02\x00\x00\x00\x00\x00\x00\x4a\x80\x00\x00\x00\x00\
\x00\x00\x80\x12\x20\x00\x00\x00\x00\x00\x00\xa0\x04\x08\x00\x00\
\x00\x00\x00\x00\x28\x01\x02\x00\x00\x00\x00\x00\x00\x4a\x80\x00\
\x00\x00\x00\x00\x00\x80\x12\x20\x00\x00\x00\x00\x00\x00\xa0\x04\
\x08\x00\x00\x00\x00\x00\x00\x28\x01\x02\x00\x00\x00\x00\x00\x00\
\x4a\x80\x00\x00\x00\x00\x00\x00\x80\x12\x20\x00\x00\x00\x00\x00\
\x00\xa0\x04\x08\x00\x00\x00\x00\x00\x00\x28\x01\x02\x00\x00\x00\
\x00\x00\x00\x4a\x80\x00\x00\x00\x00\x00\x00\x80\x12\x20\x00\x00\
\x00\x00\x00\x00\xa0\x04\x08\x00\x00\x00\x00\x00\x00\x28\x01\x02\
\x00\x00\x00\x00\x00\x00\x4a\x80\x00\x00\x00\x00\x00\x00\x80\x12\
\x20\x00\x00\x00\x00\x00\x00\xa0\x04\x08\x00\x00\x00\x00\x00\x00\
\x28\x01\x02\x00\x00\x00\x00\x00\x00\x4a\x80\x00\x00\x00\x00\x00\
\x00\x80\x12\x20\x00\x00\x00\x00\x00\x00\xa0\x04\x08\x00\x00\x00\
\x00\x00\x00\x28\x01\x02\x00\x00\x00\x00\x00\x00\x4a\x80\x00\x00\
\x00\x00\x00\x00\x80\x12\x20\x00\x00\x00\x00\x00\x00\xa0\x04\x08\
\x00\x00\x00\x00\x00\x00\x28\x01\x02\x00\x00\x00\x00\x00\x00\x4a\
\x80\x00\x00\x00\x00\x00\x00\x80\x12\x20\x00\x00\x00\x00\x00\x00\
\xa0\x04\x08\x00\x00\x00\x00\x00\x00\x28\x01\x02\x00\x00\x00\x00\
\x00\x00\x4a\x80\x00\x00\x00\x00\x00\x00\x80\x12\x20\x00\x00\x00\
\x00\x00\x00\xa0\x04\x08\x00\x00\x00\x00\x00\x00\x28\x01\x02\x00\
\x00\x00\x00\x00\x00\x4a\x80\x00\x00\x00\x00\x00\x00\x80\x12\x20\
\x00\x00\x00\x00\x00\x00\xa0\x04\x08\x00\x00\x00\x00\x00\x00\x28\
\x01\x02\x00\x00\x00\x00\x00\x00\x4a\x80\x00\x00\x00\x00\x00\x00\
\x80\x12\x20\x00\x00\x00\x00\x00\x00\xa0\x04\x08\x00\x00\x00\x00\
\x00\x00\x28\x01\x02\x00\x00\x00\x00\x00\x00\x4a\x80\x00\x00\x00\
\x00\x00\x00\x80\x12\x20\x00\x00\x00\x00\x00\x00\xa0\x04\x08\x00\
\x00\x00\x00\x00\x00\x28\x01\x02\x00\x00\x00\x00\x00\x00\x4a\x80\
\x00\x00\x00\x00\x00\x00\x80\x12\x20\x00\x00\x00\x00\x00\x00\xa0\
\x04\x08\x00\x00\x00\x00\x00\x00\x28\x01\x02\x00\x00\x00\x00\x00\
\x00\x4a\x80\x00\x00\x00\x00\x00\x00\x80\x12\x20\x00\x00\x00\x00\
\x00\x00\xa0\x04\x08\x00\x00\x00\x00\x00\x00\x28\x01\x02\x00\x00\
\x00\x00\x00\x00\x4a\x80\x00\x00\x00\x00\x00\x00\x80\x12\x20\x00\
\x00\x00\x00\x00\x00\xa0\x04\x08\x00\x00\x00\x00\x00\x00\x28\x01\
\x02\x00\x00\x00\x00\x00\x00\x4a\x80\x00\x00\x00\x00\x00\x00\x80\
\x12\x20\x00\x00\x00\x00\x00\x00\xa0\x04\x08\x00\x00\x00\x00\x00\
\x00\x28\x01\x02\x00\x00\x00\x00\x00\x00\x4a\x80\x00\x00\x00\x00\
\x00\x00\x80\x12\x20\x00\x00\x00\x00\x00\x00\xa0\x04\x08\x00\x00\
\x00\x00\x00\x00\x28\x01\x02\x00\x00\x00\x00\x00\x00\x4a\x80\x00\
\x00\x00\x00\x00\x00\x80\x12\x20\x00\x00\x00\x00\x00\x00\xa0\x04\
\x08\x00\x00\x00\x00\x00\x00\x28\x01\x02\x00\x00\x00\x00\x00\x00\
\x4a\x80\x00\x00\x00\x00\x00\x00\x80\x12\x20\x00\x00\x00\x00\x00\
\x00\xa0\x04\x08\x00\x00\x00\x00\x00\x00\x28\x01\x02\x00\x00\x00\
\x00\x00\x00\x4a\x80\x00\x00\x00\x00\x00\x00\x80\x12\x20\x00\x00\
\x00\x00\x00\x00\xa0\x04\x08\x00\x00\x00\x00\x00\x00\x28\x01\x02\
\x00\x00\x00\x00\x00\x00\x4a\x80\x00\x00\x00\x00\x00\x00\x80\x12\
\x20\x00\x00\x00\x00\x00\x00\xa0\x04\x08\x00\x00\x00\x00\x00\x00\
\x28\x01\x02\x00\x00\x00\x00\x00\x00\x4a\x80\x00\x00\x00\x00\x00\
\x00\x80\x12\x20\x00\x00\x00\x00\x00\x00\xa0\x04\x08\x00\x00\x00\
\x00\x00\x00\x28\x01\x02\x00\x00\x00\x00\x00\x00\x4a\x80\x00\x00\
\x00\x00\x00\x00\x80\x12\x20\x00\x00\x00\x00\x00\x00\xa0\x04\x08\
\x00\x00\x00\x00\x00\x00\x28\x01\x02\x00\x00\x00\x00\x00\x00\x4a\
\x80\x00\x00\x00\x00\x00\x00\x80\x12\x20\x00\x00\x00\x00\x00\x00\
\xa0\x04\x08\x00\x00\x00\x00\x00\x00\x28\x01\x02\x00\x00\x00\x00\
\x00\x00\x4a\x80\x00\x00\x00\x00\x00\x00\x80\x12\x20\x00\x00\x00\
\x00\x00\x00\xa0\x04\x08\x00\x00\x00\x00\x00\x00\x28\x01\x02\x00\
\x00\x00\x00\x00\x00\x4a\x80\x00\x00\x00\x00\x00\x00\x80\x12\x20\
\x00\x00\x00\x00\x00\x00\xa0\x04\x08\x00\x00\x00\x00\x00\x00\x28\
\x01\x02\x00\x00\x00\x00\x00\x00\x4a\x80\x00\x00\x00\x00\x00\x00\
\x80\x12\x20\x00\x00\x00\x00\x00\x00\xa0\x04\x08\x00\x00\x00\x00\
\x00\x00\x28\x01\x02\x00\x00\x00\x00\x00\x00\x4a\x80\x00\x00\x00\
\x00\x00\x00\x80\x12\x20\x00\x00\x00\x00\x00\x00\xa0\x04\x08\x00\
\x00\x00\x00\x00\x00\x28\x01\x02\x00\x00\x00\x00\x00\x00\x4a\x80\
\x00\x00\x00\x00\x00\x00\x80\x12\x20\x00\x00\x00\x00\x00\x00\xa0\
\x04\x08\x00\x00\x00\x00\x00\x00\x28\x01\x02\x00\x00\x00\x00\x00\
\x00\x4a\x80\x00\x00\x00\x00\x00\x00\x80\x12\x20\x00\x00\x00\x00\
\x00\x00\xa0\x04\x08\x00\x00\x00\x00\x00\x00\x28\x01\x02\x00\x00\
\x00\x00\x00\x00\x4a\x80\x00\x00\x00\x00\x00\x00\x80\x12\x20\x00\
\x00\x00\x00\x00\x00\xa0\x04\x08\x00\x00\x00\x00\x00\x00\x28\x01\
\x02\x00\x00\x00\x00\x00\x00\x4a\x80\x00\x00\x0b\x26\x49\x12\xc5\
\x71\x9c\xf5\x65\x00\x00\x00\x00\x7d\x83\xfb\x6b\x2c\x24\x02\x80\
\x9c\x73\x5d\xb7\x30\xc5\xbf\xe7\x79\x1a\x1c\x1c\xc8\xfa\x52\x00\
\x00\x00\x80\xc2\xb3\xfb\x6b\x63\xf7\xd7\xbd\x9f\xe7\x9d\xe3\x38\
\x85\xa9\x5f\xca\x8a\xff\x3a\x39\xe5\x38\x52\x9c\x24\x9a\x9b\x6b\
\xa4\x2f\xa4\x3c\xb3\x37\x24\xdf\xf7\xb5\x7d\xfb\xa4\x6e\xdd\x74\
\x87\x5c\xbb\x76\x92\x4a\x00\x00\x00\xe0\x80\xee\xaf\xe7\x1a\x2d\
\xdd\xb6\xe9\x0e\xd5\xeb\xb5\xdc\xdf\x5f\x5b\xcd\x12\x45\x51\x5a\
\xbf\x20\xbf\x08\x00\x72\x2a\x08\x42\x0d\x0d\xd4\xb5\xee\xd8\x23\
\xd4\x68\x34\x73\x1f\x02\x54\x2a\x15\x6d\xdf\xbe\x43\xb7\xdd\xde\
\x09\x00\x8a\x92\x52\x02\x00\x00\x00\x79\x54\xa9\xf8\x9a\x6d\x34\
\x75\xdb\xed\x9b\x35\x30\x50\xcf\xfd\xfd\x75\x10\x04\x9a\x98\x18\
\xd3\xba\x63\x8f\x54\x9c\x74\x02\x01\xe4\x0f\x01\xc0\x9e\x2d\x79\
\xd4\x66\x2f\x96\x30\x0c\x35\x38\x50\xd3\xba\xb5\x47\xaa\xd9\x6c\
\xe5\xbe\x95\x86\x2d\x00\x00\x00\x00\xc0\xc2\xb1\x7a\xdf\x75\x9c\
\x42\x6c\x01\xe8\xd5\x2f\x13\x13\xe3\x5a\xbf\xb6\x13\x00\x64\x58\
\xbf\xe4\xbb\x55\x22\x63\xf9\xae\x2a\x33\xe6\xba\xb2\xd8\x6a\x28\
\x8b\x3f\xbb\x97\x98\x15\x61\x0b\x40\x0f\x43\x00\x01\x00\x00\x80\
\x85\x55\x94\xfb\xeb\xac\xb7\x00\xf4\x42\x12\xc7\x71\x32\xa9\xdf\
\x8a\x82\x00\x60\x37\x1c\xc7\x49\x92\x24\x71\xb7\x6c\x51\x53\x72\
\x6e\xea\x96\xdf\x99\xbc\xf2\xf2\xbe\xf2\x5f\xd4\x37\x28\x00\x00\
\x00\xa0\x08\xf7\xd6\x79\x5f\xfd\xcf\xc3\x10\x40\x2b\xde\x3c\xcf\
\x73\xc3\x28\x6a\xc5\x72\x6f\xea\x7e\x9b\xc2\x64\x37\x8a\x55\x5d\
\x2e\x2d\xef\x71\x8f\x73\x5a\x92\x6e\xb2\x3d\xed\x3c\x81\xf6\xcc\
\xde\x9c\x7a\x5b\x00\x8a\xf4\x46\x05\x00\x00\x00\xe4\x91\xdd\x5b\
\xdb\x36\x5b\xee\xad\xf7\xcc\xf7\x5d\x2f\x8c\x93\xe6\x4f\xff\x49\
\x1b\xba\xdf\xa2\x7e\xdb\x0d\x02\x80\x3d\xc8\xba\x85\xc4\x12\xb4\
\x22\x6c\x01\xb0\x74\xd2\xa6\x93\xda\x94\x52\x9b\x56\x6a\x53\x4b\
\x79\xa3\x02\x00\x00\x00\xf6\xef\xde\xda\x16\x21\xed\x84\x2d\x3b\
\x69\xab\x28\xf7\xd6\x59\x76\x2f\xdb\xc3\xe3\x48\xce\x63\x1f\x9b\
\xcd\x16\xee\xa2\x20\x00\xd8\x83\x24\x49\x32\x4d\x8e\x6c\x0f\x8d\
\xed\xa5\xc9\x7b\x08\x60\x6f\x48\x36\x9d\xd4\xa6\x94\xda\xb4\x52\
\x9b\x5a\x0a\x00\x00\x00\x60\xff\xee\xad\x2d\x00\xb0\x13\xb6\xec\
\xa4\x2d\x3b\x71\x2b\xef\xac\x5e\xb1\xda\xc5\x8e\x32\xcf\xb2\x74\
\x89\x22\x56\xfe\x1f\x0e\x01\x40\x8e\x5f\x40\x36\x3d\xd3\x8e\xd1\
\xb0\xe3\x34\xec\x58\x8d\xbc\xeb\x85\x00\x9d\x9f\x67\x7d\x35\x00\
\x00\x00\x40\xb1\x59\x87\x6d\x11\xb6\x00\x58\xed\x62\x47\x97\xdb\
\x11\xe6\x76\x94\xb9\x1d\x69\x8e\x7c\x22\x00\xc8\x71\xfb\x8c\x05\
\x00\x76\x8c\x86\x1d\xa7\x61\xc7\x6a\x14\xa1\x0b\xc0\xae\x71\xb0\
\x1b\x02\x00\x00\x00\x00\xd8\x77\xbd\x82\xdf\x02\x80\x22\x0c\xd9\
\xb6\xda\xc5\x8e\x2e\xb7\x23\xcc\xed\x28\xf3\x22\xd4\x2e\x65\x45\
\x00\xb0\x07\x8e\xe3\x64\xfa\x18\x15\x69\x0b\x80\xed\x4d\xb2\x3d\
\x4a\xb6\x57\xc9\x5a\x96\x8a\xf0\x66\x05\x00\x00\x00\xe4\xf1\xbe\
\xda\xe6\x6a\xd9\x7c\xad\xa2\x84\x00\xbd\x2d\x00\xbd\x9f\x67\x84\
\xfa\x76\x0f\x78\x80\xf6\x20\x49\x92\xa6\xfd\x90\x65\x9a\x66\x6d\
\x3f\x45\x60\x7b\x93\x6c\x8f\xd2\xad\xb7\x7f\x2f\x0d\x00\xf2\xde\
\xaa\x04\x00\x00\x00\xe4\x91\xcd\xd3\x9a\x9d\x6b\xa6\xf3\xb5\x6c\
\x8b\x6d\x11\xee\xab\xad\xe8\xb7\xe0\x22\x63\xcd\x24\xc9\xae\x76\
\x2b\x02\x02\x80\x87\x96\x6e\x5c\x69\x37\xbd\x8f\xb4\x82\x70\xa6\
\x52\xf1\x2b\x76\xbe\xe4\x52\x5e\x80\x05\x67\x36\x44\xc3\x92\xb4\
\xbc\x77\x00\xec\x1c\x56\xe2\xba\x1a\x1e\x62\xf0\x26\x00\x00\x00\
\xb0\xbf\xac\xea\xf0\x7d\x2f\x3d\x06\xb0\x28\xc5\xbf\x75\x2d\xf7\
\x3a\x00\x32\x10\x7a\x76\x04\x80\xe3\x5e\xba\x62\x85\x66\x92\x24\
\xa9\x38\x8e\x93\xff\x07\x2e\x03\x04\x00\x7b\xd0\x68\x28\xb3\x0e\
\x00\x1b\x9e\x61\x43\x34\x6c\x98\x86\x0d\xd5\x28\x42\x08\x60\xd7\
\xd8\x6c\x36\x0b\xf1\x46\x05\x00\x00\x00\xe4\x55\xab\xd5\x52\x18\
\x46\x2a\x02\x1b\x58\x6e\x83\xcb\x6d\x80\xb9\xcd\x31\xcb\xaa\x6e\
\xb1\xee\x6d\x0a\xff\x87\x47\x00\xb0\x07\x9e\x97\xcd\x63\x64\x2f\
\x1a\x1b\x9e\x61\x43\x34\x6c\x98\x86\x0d\xd5\xc8\xf2\x5c\xcd\xbd\
\x61\xa9\xdf\xc8\xc8\x90\x3e\x7f\xd9\x55\xda\xbe\x63\x5a\xb5\x5a\
\x8d\x20\x00\x00\x00\x00\xd8\xc7\x7b\x6a\xdf\x95\x3e\x77\xd9\x15\
\xba\xeb\xae\xbb\x73\x7f\x4f\xdd\xab\x5b\x6c\x70\xb9\x0d\x30\xb7\
\x00\x20\xc3\xba\x25\xdf\x05\x53\x0e\xf0\x00\xed\x9d\xcc\x42\x00\
\x53\x84\xe2\x7f\xfe\x35\xb7\xdb\x6d\xfb\x59\xd6\x97\x02\x00\x00\
\x00\x14\x96\x75\x03\x47\x51\xfe\x87\xff\xf5\x6a\x00\x0b\x29\xe6\
\x1a\xcd\xac\xaf\xa3\x18\x45\x53\x86\x78\x80\xf6\xa0\x3b\x44\x22\
\xd3\x67\xb2\x05\x00\x45\x38\x09\x60\xbe\x4e\x08\x00\x00\x00\x00\
\x60\x5f\x59\x31\x6d\x01\x40\x91\x16\x01\x6d\xcb\x72\xe7\xe7\x99\
\x5d\x86\x8d\x6c\xcb\x36\x81\x28\x80\x62\x3c\xa3\x32\x60\x7b\x47\
\x6c\x78\x84\x0d\x91\xb0\x61\x12\x36\x54\xa2\x37\x18\x70\x09\xaf\
\x21\x6d\xa1\xb1\xbd\x34\xb6\xa7\xc6\xf6\xd6\xe4\xfd\x8d\xca\x5a\
\x94\xee\xbc\xf3\x1e\x7d\xf6\x0b\x97\xcb\x73\x3b\x2d\x4c\x00\x00\
\x00\x00\xf6\xfe\x7e\x7a\xeb\xf6\x29\x7d\xfe\xb2\x2b\xd2\xed\xb5\
\x79\xbf\x9f\xee\x15\xff\x36\xb7\xcc\xe6\x97\x59\x70\xb1\x94\xd2\
\xa2\xad\xe2\x57\x6c\x70\xbb\x0d\x70\xef\x7e\x7b\x69\x2f\xa2\x40\
\x08\x00\xf6\x2e\x08\xc8\x24\x49\xb2\xc4\xcf\x02\x80\xe3\xd6\x1e\
\xa5\xe5\xcb\x97\xa5\x7b\x6b\x8a\xd0\x05\x60\xc3\x4a\xec\xe8\x42\
\xbb\xd2\x3c\xef\x57\x02\x00\x00\x00\xf2\xc8\x8e\xfe\xb3\x7b\xea\
\x22\xdc\xfb\x5b\xcd\x62\x1d\xcb\xc7\xad\x3f\x3a\x9d\x5f\x96\x61\
\xcd\x92\x74\x07\xb8\xe3\x61\x10\x00\xe4\x9c\xbd\x76\x66\x66\x67\
\x35\x3d\x3d\x53\x88\x16\xa0\x38\x8e\x35\x38\x58\xd7\xa6\xef\x7e\
\x5f\x73\x8d\x96\x2a\x95\x0a\x21\x00\x00\x00\x00\xb0\xb7\xc7\x6a\
\x3b\xd2\xad\x9b\xee\xd0\xe4\xe4\x54\xba\xa8\x56\x94\xfd\xff\x5b\
\xb6\x6c\xdb\xf9\xcf\x19\x89\xb3\x1a\xe0\x5e\x24\x3c\x40\x7b\xc1\
\x71\x9c\xf4\x60\xfb\x2c\x0a\x59\x6b\xa1\x19\x1e\x1a\x4c\x27\x6a\
\x16\xe1\x28\x40\x7b\x8c\xea\xf5\x9a\x6e\xbb\xfd\x0e\x35\x9a\xad\
\xf4\xfc\x52\x00\x00\x00\x00\x7b\xb7\x98\x66\x01\xc0\xa6\xef\x6e\
\xd6\xb6\x6d\x93\x85\x58\x4c\xeb\x1d\x01\x78\xdc\xba\xa3\x33\x3d\
\x02\x50\xd2\x90\xeb\x32\x89\x7c\x4f\x08\x00\x1e\x5e\x3a\x76\x33\
\x96\x7b\x53\x18\x45\x2d\xcf\xf3\x5c\xdb\x0f\x90\xc5\x51\x80\xd6\
\x52\x53\x94\xd3\x00\xd2\x10\xa0\x56\x4b\xdf\x0c\x72\xfe\x7e\x05\
\x00\x00\x00\xe4\xee\x5e\xda\x56\xfe\x6d\x21\x2d\xef\xc5\x7f\xaf\
\x5e\xb1\xed\xca\xb6\x6d\x39\xa3\x23\x00\xe3\x4e\xd5\xef\xdc\xb4\
\x65\x8b\x9a\x49\x92\xb8\xb6\x8d\x7b\xa9\x2f\xa2\x28\xf2\x5f\x4d\
\xe6\x20\x00\xf8\xe9\x3f\x69\x43\x14\x27\x0d\xdf\x77\x97\x7c\x39\
\xbb\x97\xa0\x59\x4b\x8d\xbd\x01\x14\xa1\x03\xc0\x06\x97\xfc\xf2\
\x97\x77\xe9\x0b\x5f\xbe\x2a\x3d\xc3\x34\xef\x83\x4b\x00\x00\x00\
\x80\xbc\xdc\x47\xef\x98\x9a\xd5\xe7\xbf\x58\x8c\x01\x80\xc6\x0a\
\x7e\xdb\xae\x6c\xdb\x96\x33\x2a\x55\x62\xeb\x9a\x70\xa5\x1b\x1f\
\xf7\x38\xa7\x25\x89\x16\xe4\x87\x41\x00\xb0\x17\x1e\xfb\x58\xd9\
\x16\x00\x3f\x8b\x00\xae\x77\x12\x80\xb5\xd4\x14\xe1\x24\x80\xf9\
\x6f\x60\x53\x53\x33\xb9\x4f\x2d\x01\x00\x00\x80\x3c\xb1\x6d\xb4\
\xb6\xf5\xb7\x08\x9d\xbf\xbd\x13\x00\x6c\xbb\xb2\x6d\x5b\x5e\xea\
\x13\x00\xe6\x4b\x1c\x67\x34\xb3\x3f\xbc\x40\xf2\xff\xac\xca\x81\
\x30\x94\x45\x6f\x9c\x04\xb0\x97\x2c\xa9\x1c\x1d\x1d\xd6\x65\x5f\
\xb9\x3a\x4d\x30\x2d\xc9\x24\x08\x00\x00\x00\x00\x1e\xfe\x1e\xda\
\xba\x67\xbf\xf8\x95\xab\x74\xf7\xdd\xf7\xa9\x5a\xad\xe6\xfe\x1e\
\x3a\x4f\x27\x00\x24\x49\x32\x97\xc5\x1f\x5c\x34\x04\x00\x7b\x3e\
\x02\xb0\xb2\x62\x85\x66\x1c\xc7\xbd\xd4\xeb\x3c\x97\x97\x3c\xd6\
\x2a\xda\x49\x00\xc6\xae\xb3\xd1\x68\xa4\x09\x26\x00\x00\x00\x80\
\xbd\xef\xa2\xb5\x61\x80\x45\x90\xf5\x09\x00\x69\xb1\x56\xf1\x2b\
\xed\x30\x9c\x6e\x37\xbd\x8f\x74\xbf\x9d\x5d\x1b\x42\x01\x14\xa3\
\x9a\xcc\x47\x10\xd0\xce\xea\xcf\xb7\x33\x40\xd3\x93\x00\xd6\x1d\
\x95\x26\x6c\x79\xef\x00\xb0\x37\x01\x4b\x2c\x2d\xb9\xb4\x04\x93\
\x39\x00\x00\x00\x00\xc0\xde\xed\xff\xb7\x2e\x5a\xeb\xa6\xcd\xfb\
\xfd\xb3\xd5\x24\x9d\x13\x00\xc6\x75\xfc\xfa\xce\x09\x00\x59\x2d\
\x56\xc6\x71\xe2\x8e\x34\xb2\xe9\xd8\x2e\x1a\x02\x80\xbd\x67\x01\
\x40\x92\xd5\x0b\xcb\x5a\x6a\xd6\x1e\x7d\xb8\xe6\xe6\x8a\xb1\x1f\
\xc8\x58\x72\x39\x35\x35\xad\x28\x2a\x46\x82\x09\x00\x00\x00\x64\
\x69\xd6\x3a\x68\x1b\x8d\xc2\xdc\xef\x5b\x48\x31\x3e\x3e\xaa\x75\
\xc7\x1e\x99\xe9\x11\x80\x8e\xe3\x34\xb7\x7a\xd4\xb6\x7b\x83\x07\
\x69\xcf\xd2\x16\x12\x6b\x29\xb1\xd6\x12\x6b\x31\x59\xca\xa3\x00\
\x77\xb6\xd6\xf4\xf6\x05\xf9\xc5\x18\x6a\xd9\x9b\x03\xf0\xe5\xcb\
\xaf\x51\x2b\x08\x55\xad\x32\x07\x00\x00\x00\x00\x78\xb8\xfd\xff\
\x57\x5d\x7d\x83\xee\xba\xeb\xde\x42\xec\xff\x37\x76\x89\xbe\xef\
\xa7\x83\x00\x33\x12\xda\x36\x6d\xdb\xae\xbd\x7c\xb9\xa6\x6d\x47\
\x00\x47\x00\x3e\x3c\x02\x80\xbd\x64\x2d\x25\xd6\x5a\x92\xc5\x9f\
\x6d\xe7\x80\xda\x22\xfa\x8b\x5f\x74\x8e\x0e\x3a\x68\x95\xda\xed\
\x76\x21\xb6\x01\x54\x2a\x15\xdd\x73\xcf\x7d\xfa\xd6\xc6\xef\xc8\
\x73\x3b\xdf\x03\x00\x00\x00\xf0\x00\xbb\x47\xf6\x3d\x4f\xb3\x73\
\x0d\xdd\x74\xf3\x6d\xaa\x56\x2b\x85\xb8\x6f\xb6\x1a\xc5\xba\x7d\
\xcf\x7d\xfe\x99\x5a\x3e\x31\xaa\x56\x2b\xbb\xad\xca\xb6\x5d\x9b\
\xc2\x7f\xef\x10\x00\xec\x25\x6b\x29\xb1\xd6\x92\x2c\xaf\x61\xa0\
\x56\xd3\xc0\x40\xbd\x30\x43\x41\x2c\x0d\xdc\xbe\x7d\x87\x7e\xf8\
\xa3\x9f\xca\xce\xe6\xcc\xfb\x3e\x26\x00\x00\x00\x20\x0b\x9e\xef\
\x2b\x4e\x1c\x7d\x6f\xf3\x0f\x0b\x75\xbf\x6f\x05\xbf\x75\xfd\x66\
\xbc\x38\x69\x85\x7f\x66\xf3\xda\x8a\x86\x00\x60\x2f\x4f\x02\xb0\
\x96\x92\xac\x4e\x02\xb0\x17\x94\x25\x6a\x63\xa3\x43\xfa\xdd\x73\
\xcf\xd6\xf4\xf4\x6c\x9a\xb8\xe5\x9d\x15\xfc\x43\x43\x83\xfa\xe1\
\x8f\xfe\x59\xcd\x56\x5b\x7e\xa5\x92\xf5\x25\x01\x00\x00\x00\xb9\
\x62\xc5\xbe\x2d\x96\x7d\xe7\x7b\x3f\x48\x07\x7e\x17\x61\xff\x7f\
\xaf\x3e\x79\xe4\x23\x0f\xd6\x8b\x9e\x7f\x96\xc2\xb8\xd3\x11\xb0\
\x94\x38\x01\x60\xff\xe4\xff\xd9\x95\x13\x59\x9f\x04\xd0\xbd\x86\
\xb4\xa8\xb6\x53\x01\xf2\xbe\x05\xc0\x58\xeb\xd2\xc0\x40\x2d\xdd\
\x02\xb0\x65\xdb\x64\xda\xda\x54\x84\x76\x26\x00\x00\x00\x60\xa9\
\xd8\xfd\x71\x12\xc7\xba\xe9\xe6\x8d\xda\xba\x75\x32\xed\xa2\x2d\
\xc2\x3d\xb3\xd5\x23\xcd\x56\x2b\xdd\xf6\x9b\x65\x69\xc2\x09\x00\
\xfb\x86\x00\xa0\x00\x27\x01\x18\x4b\x02\x6d\xb2\xe6\xda\xa3\x8f\
\xd0\x8a\x15\x13\xe9\xc9\x00\xc5\x98\x03\x50\xd5\xb6\xad\xdb\xf5\
\xd5\xaf\x7d\x9d\xe3\x00\x01\x00\x00\x80\x5f\x3b\x3e\xbb\xa6\x56\
\x3b\xd4\xd7\xae\xbb\x51\xe3\xe3\x23\x85\xb8\x5f\x4e\x8b\xff\x66\
\x4b\xc7\xad\x3d\x4a\x03\xf5\x5a\xba\x40\x99\xe1\xb5\x70\x02\xc0\
\x3e\xe0\x81\xda\xc7\x93\x00\x5a\x41\x38\x95\xd5\x49\x00\x16\x00\
\xac\x3b\xf6\x08\xd5\xea\x35\xc5\x71\xfe\xdf\x18\x1e\x08\x01\x7c\
\x6d\xb8\x65\x53\xba\x0d\xa0\x08\x5b\x17\x00\x00\x00\x80\xa5\x6a\
\xff\xb7\x61\xd9\xb7\x7d\xe7\x0e\xdd\x79\xe7\x3d\xe9\x6a\x7a\x11\
\x56\xff\xed\x9e\x7e\x66\x66\x4e\x4f\x79\xf2\xe3\xd3\xe3\xca\x33\
\x5a\x9c\x0c\x6d\xeb\x84\xe3\xb8\xff\xc0\x09\x00\x7b\x8f\x00\x60\
\x1f\xb4\x5a\x6a\x49\x1a\xcc\xea\xcf\xb7\x34\xd0\x0e\x04\x5c\x7b\
\xcc\x11\x6a\x36\xf3\x7f\x12\x40\xef\x4d\x6d\x70\xb0\xae\xdb\x6e\
\xbf\xa3\xb3\x0d\xa0\x20\x2d\x4d\x00\x00\x00\xc0\xd2\xb5\xff\xdf\
\x9a\x4e\xd4\x2f\xc2\x62\x99\xd5\x20\x56\xf0\xaf\x5c\xb9\x4c\x87\
\x3d\xf9\x09\xe9\x22\x65\x16\xd7\x6d\x8f\x9d\x55\x43\x71\x1c\xfb\
\x14\xfe\x7b\xcf\xdf\x87\x5f\x5b\x6a\x49\x92\x1e\x01\xd8\x6e\x06\
\xce\x37\x1d\xe9\x74\x7b\xae\x59\xf8\xb5\xd4\x2f\xb4\xe1\xc1\x01\
\x1d\xf6\xe4\xc7\xeb\xcb\x5f\xf9\x9a\xc6\xc6\x46\x73\x3f\x21\xb4\
\xb7\x0d\x60\xcb\x96\x6d\xe9\x36\x80\xd7\xbf\xfa\x25\x6a\xd9\x39\
\xa7\x7e\xc9\x9e\x7a\xf6\xa6\xd8\xfb\x22\x00\x01\xb0\x2f\xec\x3d\
\xc3\xde\x3b\x72\x1e\xfa\xda\xe5\xf5\xde\xe6\x6c\x45\x06\x00\xf6\
\x56\xef\xbd\x23\xe7\x6f\x73\x8b\xd8\xfe\xdf\x4e\xdb\xff\xc7\xc6\
\x8a\xd1\xfe\x6f\xac\x1b\xb9\x3e\x30\xa0\xf5\x6b\x8f\x4c\x03\x80\
\xa5\x5e\x98\xb4\x6e\x6c\xcf\x73\xbd\x30\x8a\x1a\x8a\x75\x73\xef\
\xb2\x96\xf4\x22\x0a\xaa\x64\x55\xd8\x81\x9d\x04\xe0\x38\x4e\xab\
\xd9\x0e\xbf\xe3\x3a\x69\x00\x60\xaf\xce\x25\x8d\xba\x2c\x59\xb3\
\x17\x98\x25\x6d\x96\xb8\xf5\x5a\x6d\xf2\xbe\xa2\x3e\x7f\x1b\xc0\
\xab\x5e\xf6\x82\x42\x24\x9b\x0b\xca\xfe\xfb\xec\x98\x92\x66\x67\
\x09\x00\x00\xec\x3b\x7b\xcf\xa8\x56\xd3\x36\xb4\xbc\xde\x1d\xdb\
\x65\xd9\xe5\x4d\xed\x90\x1a\x6d\x02\x00\x00\xfb\xc6\x6e\x8f\x76\
\x4c\x76\xde\x47\xca\xc4\x16\xf2\xaa\x15\xe9\x96\x6e\xfb\x7f\xb5\
\x5a\x8c\xf6\xff\xce\xfe\xff\xb6\x4e\x3e\xe9\xb8\xb4\x3b\x39\xab\
\xd0\xc2\xf3\x3d\x37\x08\x42\xef\x3f\xff\xd3\xdf\xd0\xfd\x16\x01\
\xc0\x5e\x20\x00\xd8\x7b\x9d\x67\x76\x9c\x7c\x37\x8c\xa2\x96\xeb\
\x3a\x95\x38\x4e\x12\x67\x09\xe3\xae\xde\x1c\x00\x4b\xda\xea\xf5\
\x9a\x1a\x8d\x66\x21\x8a\xe9\x5d\xb7\x01\xac\x59\xbd\x4a\x61\x18\
\x16\x62\x0b\xc3\x01\xb3\x37\xf1\x4a\x45\xee\x0b\xce\x92\x82\xa0\
\x73\x57\x9c\xff\xf7\x75\x00\x39\xe2\xda\xcc\x97\x5a\x4d\xce\x35\
\xdf\x90\xfe\xe3\xbf\x3b\x61\x40\x8e\x6e\x10\xd3\xe2\xbf\x29\xfd\
\xf6\x13\x12\x9d\xfd\x2c\x69\xae\x65\xfb\x59\xb9\x07\x03\xb0\xf7\
\x1c\xf7\x81\xf7\x11\x9b\x25\x57\x86\x5b\xc4\xdd\xb5\xff\xaf\x5e\
\xbd\x32\xbd\x47\xce\x3b\xab\x3f\x66\x67\xe7\xd2\xae\xe4\xa1\xc1\
\x01\xcd\xcc\x35\xd3\xd9\x05\x4b\x2c\x76\x12\x79\x8e\x9c\x0d\x8f\
\x7f\xbc\xbc\x6e\xb7\x76\x7e\x3e\x1c\x73\x8c\x00\x60\xef\xa5\x77\
\x33\x3f\xf9\x89\xff\xcd\xc7\x3f\x31\x68\x57\xab\x95\x5a\xbb\x1d\
\x2e\xf9\x93\x2c\xb2\xc2\x59\x89\x8e\x3a\xe2\x29\xba\xe1\x1b\x37\
\x6b\x74\x34\xff\xad\x42\xf3\xb7\x01\x5c\x65\xdb\x00\xce\x7f\x71\
\x39\xb6\x01\xd8\xa7\x57\x2f\x00\x78\xce\x69\x59\x5f\x0d\x80\x82\
\x0f\xeb\x71\x7e\x79\xa7\xf4\xc5\x2b\xec\x58\x18\x4b\x56\x95\xa7\
\x1b\xf7\x76\xcb\x49\x6f\xdc\x9f\xfe\x2c\xfb\x8e\x7d\x34\x72\x0f\
\x06\x60\xdf\xd9\x3b\x47\xcb\xd6\x4b\xdc\xb2\xb4\xff\x57\xd5\x68\
\xb5\x0a\xd7\xfe\x6f\x21\xc5\xc4\xc4\x98\x9e\xf2\xa4\xc7\x67\xb6\
\xff\xdf\x6a\x33\xd7\x91\xe7\xba\xde\x06\xc7\x71\x1a\xdd\x6e\xed\
\x20\x8b\x0b\x29\x9a\x3e\xaf\xc0\x16\xde\xa1\x87\x6a\xd0\xb6\x02\
\x24\x89\x46\x96\xfa\xcf\xb6\x15\x73\x7b\xc1\x59\xd2\x76\xca\x49\
\xeb\x74\xf5\x35\xdf\x28\xcc\x2a\xba\xbd\xc9\x59\xc1\xff\xad\x8d\
\xb7\xeb\xf7\xce\x7f\x49\x21\x3a\x17\x16\x8c\x85\x00\x4d\x3b\x41\
\x12\x00\xf6\x83\xad\x06\x0d\xd4\x0a\xb1\x05\xc0\xee\x5d\x67\x1b\
\x52\xbf\xe7\xbb\x00\x16\x87\x15\xfe\x39\x7d\x9b\x5b\x94\x0e\xd9\
\x5a\xd5\xd7\xa6\x1f\xfe\x44\xbf\xfa\xd5\xdd\xaa\xd5\xaa\x85\x69\
\xff\xb7\x6d\xc8\x6b\xd6\xac\xd2\x09\xc7\x1d\xa3\x28\x5e\xfa\xfd\
\xff\xbd\xeb\x88\x65\x0d\x14\x11\x9f\x38\xfb\x88\x07\x6c\x1f\xe7\
\x00\x48\x9a\x6a\x87\xee\x47\x3d\x47\x7f\x14\x74\x8e\x07\x5c\xd2\
\x7e\x17\x2b\x9c\xc3\x58\x3a\xeb\xd9\xa7\xe9\x6f\xdf\xfb\x0f\x69\
\xfb\x8d\x7d\x2f\xef\x6f\x18\x96\x68\x8e\x8e\x0e\xeb\xda\xeb\x6e\
\xd2\x37\x37\xdc\xaa\xa7\x9d\xbc\x5e\x8d\x32\x1d\x0b\x58\x96\xbf\
\x27\x80\x85\x57\xc0\x21\x80\xbc\xe5\x01\xc0\xc3\x73\x5d\x57\xad\
\x56\x5b\x7f\xf7\xbe\x4b\xd4\x6a\xb5\x34\x30\x50\x2f\x44\x07\x80\
\xdd\xbb\x6f\xdd\xba\x5d\x17\xbe\xfe\x95\xaa\x55\x7c\x35\xdb\xad\
\x25\xef\xea\xb5\xa2\xcc\xaf\xf8\x95\x30\x8c\x66\xda\x4d\xef\x92\
\xee\xb7\xf3\xbf\x77\x22\x27\x4a\xd0\x60\xb3\x28\x41\xc0\x64\xd6\
\xfd\x8d\x83\x03\x03\x1a\x1a\x1c\xcc\x7d\xe1\xbf\xbb\x37\xba\x5b\
\x36\xde\xde\xed\x8e\x2f\xce\xb5\x03\x00\x00\x00\x0b\x39\x20\x7b\
\xfb\x8e\x69\x7d\xff\x07\x3f\xd6\xf0\xf0\x50\xee\x4f\xf6\x9a\x7f\
\xed\x16\x02\xd8\x36\x64\xcf\xcb\xae\x94\xb4\x48\x3c\x49\x92\x46\
\xa3\xa1\x66\x66\x17\x51\x50\x04\x00\xfb\x26\x4d\x96\xda\x4d\xef\
\xe3\xed\x30\x9a\xb5\xe4\xc9\xd2\x80\xa5\x6e\x77\xb1\x94\x70\x7c\
\x74\x48\x67\x3e\xfb\xe9\x9a\x9c\x9c\x2a\xcc\x2a\xba\xa5\x9a\xb6\
\xbf\xe9\x8a\xab\xae\xd3\xdd\xf7\x6e\x51\xad\x5a\x8c\x56\x27\x00\
\x00\x00\x60\xa1\xa4\xc5\x7e\x1c\xe9\x53\x9f\xfd\xb2\xb6\x6d\x9b\
\x4c\x57\xd0\x8b\x70\x4f\xdc\xdb\x8e\xbc\x6c\xd9\xb8\x5e\xf8\xdc\
\x33\x15\x65\xb7\xff\x3f\xf4\x1c\xbb\x1e\xf7\x63\xab\x56\x69\xb6\
\xbb\xff\x3f\xff\x0f\x60\x4e\x10\x00\xec\x87\x46\x43\x36\x68\xa2\
\x91\x55\x33\x66\x7a\xf4\x9f\x1c\x9d\x72\xe2\xba\x42\x0c\x01\xec\
\xb1\x37\xb6\x5a\xad\xa6\x7f\xff\xf7\xff\xd6\xe5\x57\x5d\x27\xdf\
\x73\x0a\x73\xed\x00\x00\x00\xc0\xc2\xac\xfe\x57\xd4\x68\x05\xfa\
\xcc\xe7\xfe\x51\x03\x03\xb5\xc2\xac\xfe\x5b\x37\xef\xdc\x5c\x43\
\xeb\x8e\x3d\x52\xcb\x26\x46\x15\x04\x99\x9e\xea\x95\x76\x65\x53\
\xf8\xef\x3b\x02\x80\xfd\x98\x03\x60\x49\x93\x25\x4e\x96\x3c\x65\
\xb1\xdf\xc4\x5e\x7c\x36\x70\x63\xdd\x31\x47\xea\x11\x8f\x58\x93\
\x0e\xe2\x28\xd2\x30\x40\x3b\xc2\xf0\x5b\xb7\x7e\x57\x51\xdc\x69\
\x21\x02\x00\x00\x00\xca\xc0\x8a\x7d\xcf\x75\xf4\xfd\x1f\xfe\x44\
\xf7\xdc\x7b\x7f\x7a\x12\x40\x11\x56\xff\x1f\x18\x00\x18\xea\xe4\
\x13\xd7\xaa\x5e\xab\x66\xb2\x90\xd7\xdb\xff\x6f\xdd\xd8\xd6\x95\
\xdd\xfd\x36\xfb\xff\xf7\x01\x01\x40\x01\xe7\x00\xd8\x8b\xaf\xdd\
\x6e\xa5\x93\x43\x9f\x75\xfa\xa9\xda\xb1\x63\xba\x30\x85\xb4\xbd\
\x51\x8c\x8c\x0c\xeb\x9a\x6b\x6f\xd4\xc6\x4d\x77\xa8\x5e\xf5\xe9\
\x02\x00\x00\x00\x40\x29\xd8\x42\x9e\x2d\xdb\x5d\xf4\xfe\x4b\xd5\
\x6c\x36\xd3\x7f\x2e\x4e\xf1\xdf\xd6\xf2\xe5\x13\x3a\xf3\x59\x4f\
\x4f\x87\x92\x67\x55\x7f\xcc\xdb\xff\xdf\xc8\xe4\x02\x0a\xae\x18\
\xcf\xb8\x7c\xc9\x7c\x0e\x40\xef\x45\xe8\xb8\xae\x4e\x39\x69\x7d\
\xa1\xb6\x01\xec\xbc\x76\x47\xba\xe8\xe2\x4b\xd5\x6c\xb5\x0b\xf3\
\xc6\x07\x00\x00\x00\xec\x2f\xbb\x5f\xb7\x05\xbc\x6f\x6c\xb8\x55\
\x1b\x6e\xbe\x4d\x63\x63\xa3\x85\xb9\x87\xef\xb4\xff\x37\xd3\xf6\
\xff\x15\xcb\xc6\xd3\x59\x00\x19\x75\x20\xb3\xff\xff\x00\x51\x79\
\x15\x74\x0e\x40\x91\xb7\x01\x58\xeb\xd3\xe0\xe0\x80\x36\xff\xe0\
\xc7\xe9\xf4\x53\x9b\x82\x5a\x94\xd6\x27\x00\x00\x00\x60\x7f\xd8\
\xfd\xae\xdd\xad\xdb\x89\x58\x8d\x46\x71\x56\xff\xf3\xd2\xfe\x3f\
\x0f\xfb\xff\x0f\x40\x71\x9e\x75\x39\x91\x97\x39\x00\x45\xde\x06\
\x60\x6f\x7e\x36\xed\xd4\xa6\x9e\x7e\xfa\x73\x5f\x91\x3d\x86\x91\
\xa5\x19\x00\x00\x00\x40\x1f\xea\x0d\xc3\xbe\x6f\xcb\x76\x5d\x7e\
\xe5\x75\xe9\xc9\x58\x45\x59\xfd\xcf\x4b\xfb\x3f\xfb\xff\x17\x06\
\x01\xc0\x81\xcf\x01\xc8\xec\x95\x5b\xe4\x6d\x00\x9d\x2e\x80\xba\
\x3e\xf6\xc9\x2f\xa6\x6f\x84\xb5\x5a\x85\x2e\x00\x00\x00\x00\xf4\
\x25\xbb\x4f\xf7\x5d\xe9\xe3\x9f\xbe\x4c\xff\xf5\x5f\xbf\x48\xc3\
\x80\xa2\xdc\xfb\xe6\xa8\xfd\xbf\xb7\xff\x7f\x8e\xfd\xff\xfb\x8f\
\x00\x60\xff\xa4\x49\xd3\xf6\xad\xde\x27\x5a\x41\x98\xf8\x7e\x36\
\x73\x00\x8a\x7f\x1a\x40\x5d\xbf\xf8\xc5\xaf\xd2\x37\x42\xdf\xe5\
\x48\x40\x00\x00\x00\xf4\xeb\xea\x7f\x35\x5d\xf4\xfa\xf8\xa7\x2e\
\xd3\xe8\xe8\x70\xa1\xee\x7b\xf3\xd2\xfe\x9f\x24\x3b\xf7\xff\x7f\
\x8e\xfd\xff\xfb\x8f\x00\x60\xff\x57\xff\xbd\x35\x6b\xb4\x5d\x49\
\xb2\xc1\xeb\x3c\x8a\x4b\xde\xc3\x5e\xe4\x6d\x00\xc6\xde\x3c\xec\
\x0d\xd0\xde\x08\x3b\x5d\x00\xc5\x39\x06\x05\x00\x00\x00\xd8\xfb\
\xd5\x7f\x27\x5d\xf4\xb2\xc5\xaf\x22\xad\xfe\xe7\xa5\xfd\xdf\x78\
\x9e\xeb\x86\x51\x14\xc4\xa1\x7b\x5d\xb7\xf0\x67\x0f\xf1\x7e\x20\
\x00\xd8\x7f\xae\xe3\x38\x81\x1c\xf7\x5a\xa7\x73\x1c\x60\x9c\xf5\
\x36\x80\x22\xed\x25\x9a\xbf\x17\x8a\x2e\x00\x00\x00\x00\xf4\xa3\
\xa2\xaf\xfe\xef\x6c\xff\x5f\x9b\x6d\xfb\x7f\xba\xff\xdf\x77\xbd\
\x28\x4e\xb6\xd7\xeb\xda\xd0\xfd\x36\x01\xc0\x7e\x20\x00\x38\xc0\
\x6d\x00\x41\xcb\xfb\xbc\x0d\xa2\xa8\x54\x32\xde\x06\x70\xec\x91\
\x5a\xb5\x6a\xa5\xda\xed\x76\x61\xb6\x01\x18\xba\x00\x00\x00\x00\
\xd0\xaf\x8a\xbc\xfa\x6f\xac\xae\x68\x36\x5b\x3a\xe9\x84\xcc\xa7\
\xff\x87\x56\xb8\x3a\x8e\x6b\xc3\xff\xd2\xa1\xec\xb4\xff\xef\x1f\
\x02\x80\x03\x34\x37\xa7\x39\x1b\x44\x91\x75\x5b\x4e\xad\xe2\xe9\
\x65\x2f\x7e\xae\x1a\x8d\x56\xa1\x8e\x14\xa1\x0b\x00\x00\x00\x00\
\xfd\xa8\xe8\xab\xff\x56\x67\xb4\x5a\x2d\xfd\xe6\x6f\x3e\x46\xe7\
\x9c\xf9\x0c\x85\x51\x92\xf5\x76\xe3\xa8\x7b\xfc\x5f\x71\x1e\xc4\
\x1c\x2a\x4e\xa5\x98\xef\xe3\x00\x3f\x67\x03\x29\x6c\x30\x45\x16\
\xd7\x92\x16\xfc\xae\xa7\x57\xbc\xe4\xf9\x1a\x9f\x18\xcd\x74\x32\
\xe7\x7e\x77\x01\x8c\x3c\xd0\x05\x50\xa9\x70\x22\x00\x00\x00\x00\
\x8a\xcd\xee\x71\xad\x46\x28\xea\xea\xbf\x15\xfb\x93\x93\x53\x3a\
\xfb\xcc\x67\xe8\xa0\xd5\x2b\xd4\xca\xa8\xd3\xb8\xd3\xfe\xef\x57\
\x6c\xf8\xba\x0d\x61\xef\x7e\x9b\xe3\xff\xf6\x13\x01\xc0\x81\x89\
\x2d\x08\xb0\x41\x14\x36\x90\xc2\x06\x53\x64\x39\x99\x73\x7c\x6c\
\x44\xeb\xd7\x1e\xa5\xb9\xb9\x46\xf1\xba\x00\xea\xd6\x05\xf0\x4b\
\x7d\xf2\xb3\x5f\x56\xd5\x77\x0b\x95\x8e\x02\x00\x00\x00\xbb\x1e\
\x79\x5d\xad\x56\xb5\x63\x7a\x2e\x3d\xf6\xba\x68\xab\xff\xc6\xae\
\xd7\x66\x8c\x9d\x7c\xe2\x3a\xc5\x49\xa7\xe6\xc8\x48\x9c\x0e\x5d\
\x4f\x92\x0d\x36\x84\xdd\x86\xb1\xd3\xfe\xbf\xff\x8a\x53\x25\xe6\
\x53\x3a\x78\xc2\x06\x51\x84\x51\xb2\xcd\xf7\x5c\x2f\x8b\x39\x00\
\xbd\x17\xa8\xed\xcb\xb1\xfd\x39\xb6\x4f\xa7\x48\x1d\x00\xbd\xeb\
\x9f\x98\x18\xd7\x45\x17\x5f\xaa\x6f\x6f\xda\x9c\xf5\x1e\x23\x00\
\x00\x00\x60\xbf\xd9\xbd\xb8\xeb\x48\x6f\x7c\xdb\x9f\xe9\x9e\x7b\
\xee\x4b\xc3\x80\x22\xad\xfe\x77\x16\x18\x83\x74\xc6\x98\xcd\x1a\
\xb3\x99\x63\x19\x2e\x30\xc6\x8e\x14\xb9\x5e\xe5\x9a\x74\x08\x3b\
\x35\xec\x01\xe1\xc1\x5b\x80\x6d\x00\x96\x47\x49\xfa\x82\xbd\xc8\
\x95\xd1\x36\x00\x6b\xd1\x09\xa2\x24\xdd\x9f\xf3\x98\xc7\x3c\x4a\
\xcd\x66\xb3\x50\x21\x80\xbd\x21\xda\xdf\xc1\x8e\x32\x7c\xcf\xc5\
\x97\xa4\xdf\x73\x1c\x9e\x9e\x00\x00\x00\x28\x16\x5b\xc4\xaa\x56\
\x7c\x6d\xdc\x74\x87\xbe\x72\xc5\x35\x1a\x19\x29\xde\xea\xbf\xdd\
\x97\x4f\x4f\xcf\xea\xa5\xbf\x7b\x8e\x6a\x15\x3f\x9d\x39\x96\x75\
\xfb\x7f\xab\xa1\x2f\x76\xbf\x4d\xfb\xff\x01\xa0\xc2\x5a\x98\x6d\
\x00\x91\x62\xff\x5a\xdb\x06\xe0\x66\xb8\x0d\xa0\x1d\x04\xe9\xfe\
\x9c\xf3\x5e\x71\x6e\x7a\x5c\x47\x91\xb6\x01\x18\x7b\x63\x5c\xb6\
\x6c\x5c\x37\x6e\xb8\x55\xb7\xde\xbe\x59\x03\x35\xbf\x70\x6f\x96\
\x00\xb0\x58\xec\x3d\xbd\xe2\xfb\xf2\x73\xf8\x65\xd7\x55\xb4\xcf\
\x1c\x00\x58\x2c\xf6\x7e\x68\x0b\x83\xef\xfd\xc0\x47\x64\xa5\x41\
\x91\x16\xe5\xe6\x0f\xff\x3b\xf4\xd0\x47\xeb\xbc\x97\x9f\xab\xc4\
\x71\x33\x5d\xfd\xef\xb5\xff\x0f\x0f\x6b\x1b\xed\xff\x07\xce\x5f\
\x80\xdf\xa3\xec\x76\x6e\x03\x68\xb6\x93\x6d\xd5\x8a\xb7\xba\x1d\
\x84\x89\x93\xc1\x2b\xdd\xde\x60\xa2\x44\x7a\xd9\x8b\x9f\xa7\x0f\
\x7c\xf8\x13\x69\xdb\x8e\xbd\x58\x8b\xd4\x6e\x94\x4a\x12\xfd\xcd\
\x45\x7f\xaf\xc3\x9e\xf4\x7e\x55\xaa\x9d\x61\x29\x45\x7b\xe3\x04\
\x80\x85\x36\x3b\x3b\xa7\xb9\x6d\xf7\xe9\x3e\x5b\xfa\x08\xf3\xb3\
\xf8\x61\x01\x40\x63\xdb\x7d\xe9\xf5\x01\x40\xd9\xd9\xde\xff\x7a\
\xad\xa2\xaf\x5d\x7f\xb3\x36\xdc\x72\x5b\x61\x57\xff\xb7\x6e\xdd\
\xae\xd7\x9c\xff\x12\xad\x5a\x31\xa1\xd9\x46\x2b\x7d\xaf\xcf\xb0\
\xfd\x5f\xbd\xf6\xff\x6e\xf7\x75\xb1\x1e\xd0\x9c\x21\x00\x58\xb8\
\x6d\x00\x71\x77\x1b\xc0\x9b\xd3\x6d\x00\x8e\x2a\x59\x0d\x03\x9c\
\x18\x1b\xd1\xe1\x87\x3d\x51\x37\xde\xf4\x6d\x8d\x8f\x8f\x15\xea\
\x4d\xc7\xae\xd5\xae\xf9\xda\xeb\x6e\xd4\x07\x2f\xf9\x8c\xfe\xe8\
\xad\xaf\xd3\x5c\x33\xd3\x37\x1d\x00\xc8\x94\x05\xb9\x61\x14\xa7\
\x43\x98\xf4\xce\x3f\xd3\xd0\xd0\x60\x7a\x83\x99\xa7\xeb\xb3\xe2\
\xdf\xae\xcf\xae\x93\x4e\x00\x00\x65\xd5\xdb\xd2\x7a\xff\x96\xed\
\xba\xe0\x2d\x7f\x9c\x76\x47\x15\x6e\x21\xae\x1b\x62\xd8\xf1\x85\
\x27\x1e\x77\xac\xad\xcb\x65\xb6\x10\x37\xaf\xfd\x3f\x0c\x5a\x3e\
\xed\xff\x0b\x84\x65\xd5\x05\xd0\x6d\x45\x89\x1a\x8d\xe4\x69\x7e\
\x25\xba\x26\x4e\x1c\xd7\xbe\x97\x55\x01\x3d\x50\xaf\xea\xdb\xb7\
\xdd\xa1\xb3\x5f\x70\x5e\xe1\x06\x8e\x18\x7b\x93\xe9\x4c\x1d\x1d\
\xd5\xf7\x36\x5e\x93\xde\xec\xda\x6a\x17\x37\x95\x00\xca\xca\xde\
\xc5\xeb\x95\x4c\xcf\x5e\xde\x2b\xcd\x20\xe2\xc6\x02\x40\x69\x05\
\x61\xa8\xe1\x81\x9a\xfe\xe6\x7d\x97\xea\xcf\xfe\xe2\xef\xb4\x62\
\xc5\xb2\x5c\x75\x6c\xed\x0d\x0b\x30\xa6\xa6\xa6\xf5\xcc\xd3\x4f\
\xd1\x17\x3e\xf9\x41\xb5\x83\xec\x8e\x17\x4f\x92\x24\xaa\x55\x7d\
\xaf\xdd\x0e\xbe\x51\xab\x56\xce\xd8\xb9\xf5\x1a\x07\x84\x65\xd5\
\x3e\xdb\x06\xd0\x59\x29\x4a\x74\xf8\x53\x9e\xa0\x35\x6b\x56\xe9\
\x9e\x7b\xee\x57\xb5\x5a\x29\x54\x08\x60\xd7\x5a\xa9\x54\xd2\x89\
\xa9\x17\xbe\xed\x4f\xf5\x99\x8f\x5c\xa4\x28\xa2\xf8\x07\x50\x5e\
\xf6\x61\xd2\x68\x05\x8a\xe2\x38\x97\x05\x76\xd2\xdd\x86\x46\x50\
\x0b\xa0\xac\x6c\xf1\xca\x8a\xff\x8d\xb7\x6f\xd6\x45\xef\xbb\x54\
\xe3\xe3\xa3\x85\xea\xc2\xed\xb1\xf2\xc5\x4e\x14\x3b\x61\xfd\x31\
\xe9\x1c\x03\xfb\x3b\xd0\xfe\xdf\x5f\xf8\xa4\x5e\xe0\xd3\x00\x5c\
\xd7\xfd\xbc\xeb\xa4\xf7\x42\x61\x96\x47\x76\x0c\xd4\xaa\x7a\xc9\
\x8b\xce\xd1\xcc\xcc\x6c\x9a\xe4\x15\xf2\x4d\x74\x78\x48\x57\x5c\
\x79\x9d\xbe\x76\xc3\xcd\xaa\xf8\xae\x22\x3b\x7f\x04\x00\x4a\x8a\
\x21\x80\x00\x90\x4f\xbd\x79\x55\x53\xd3\xb3\x7a\xf7\xdf\x7d\x48\
\x53\xd3\x33\xe9\xfd\x77\x91\x16\xe0\xe6\x17\xff\x87\x3e\xe6\x51\
\x3a\xe7\xac\xd3\xd3\x13\xc6\x32\xac\x23\x12\xdf\xf7\xac\xfd\x3f\
\x62\xfa\xff\xc2\xe2\xd3\x7a\xe1\xa4\x2d\x29\x71\x18\x5f\x6f\x5b\
\x65\xdc\x0c\xef\x84\xd2\xc1\x7f\x8e\x9b\x4e\xed\x7c\xf4\xa3\x0f\
\x49\xa7\x78\x16\x71\x88\x9e\x5d\xf3\xc0\x40\x5d\x6f\x78\xd3\xff\
\xd1\xf4\xcc\x9c\x2a\x15\x3f\x57\xfb\x5e\x01\x00\x00\x80\xd0\xb6\
\xe0\xd6\x2a\xfa\xfb\x8f\x7e\x56\xd7\x5e\x77\x93\x56\xac\x98\x28\
\xe4\xea\x7f\xe7\xe8\xbf\x19\xbd\xf2\xe5\x2f\x4c\x4f\x16\x6b\xb7\
\x83\xcc\x6a\x88\x38\x8e\xe3\xff\xbf\xbd\x7b\x81\x92\xab\xae\x13\
\x3c\xfe\xbb\xaf\xaa\xea\x77\x93\xb7\xa8\xe3\xce\xec\x59\xcf\x99\
\x1d\x9d\x59\x0d\x11\x92\x80\xbc\x74\x00\x79\x04\x18\x41\x50\x49\
\xe4\x25\x8e\x80\x80\x3a\x3a\xbb\x47\x07\x66\xc7\x19\x67\x75\x14\
\x0c\xe0\x88\xa8\x88\x8a\x02\xba\x40\x08\x90\x80\x42\x08\xaf\x04\
\x25\xcc\xac\x33\x67\x77\x8f\xbb\xeb\x99\x9d\x55\x09\xe4\xd5\xef\
\xae\xba\xaf\xff\x9e\xdf\xbf\xea\xb6\x9d\xa6\x13\xf2\xe8\xee\xba\
\xb7\xea\xfb\x39\x70\x3a\xa9\xaa\x74\x2a\xd5\x55\xf7\xde\xdf\xef\
\xff\xfb\xfd\xfe\xbe\x96\x20\x38\xce\x56\xa6\xff\xcf\x2c\x12\x00\
\x33\x44\x83\x7f\x7d\x63\x76\x74\x04\x8f\x85\x61\xf4\x58\xc9\x77\
\x3d\xed\x5b\x69\xd2\x73\xb1\x41\xbf\x4e\xed\xbc\x64\xcd\xfb\x64\
\x68\xa8\x9e\x85\x2c\x1a\x0d\xf6\x75\x86\xc1\xc0\xc0\x90\x6d\x05\
\x08\x3c\x47\x1c\x87\xb7\x2c\x00\x00\x00\xf2\x57\xfa\x7f\xe3\xda\
\xdb\x65\xf1\xe2\x85\x12\x86\xc5\x5b\xa8\xce\xe2\x07\x5d\x3c\xbc\
\x64\xf5\xfb\x24\x4e\x75\xf5\xbf\x79\xd7\xdd\x1a\xbb\xd8\x2d\xd6\
\x8d\xf7\x19\x2d\xff\x6f\xda\x13\x69\x41\x44\x53\x33\x4b\x87\xff\
\x39\xe2\xb8\x1b\x1a\xfd\x29\x69\x53\x3f\x34\xa9\xb1\x1f\xe0\x22\
\x57\x01\xe8\x41\xb5\xb3\xb3\x83\x56\x00\x00\x00\x00\xe4\xbb\xf4\
\x7f\x68\xa4\xd1\x0e\x55\xbc\x85\xea\xfa\xf0\xbf\x11\xbb\x78\xa8\
\x8b\x88\xb5\x5a\xd8\xe4\xe9\xff\xae\x17\x27\x66\xf7\x2f\x7e\x21\
\xcf\x37\x6e\x26\x00\x98\x21\x24\x00\x66\x56\xac\xa5\x29\x51\xcd\
\xfb\x81\xf6\xab\x68\xdf\x4a\xb3\x8e\x00\xf5\x2c\x5e\x58\xf8\x2a\
\x00\x45\x2b\x00\x00\x00\x00\xf2\xa6\x55\x4a\xff\xa7\x5f\xfd\x6f\
\x6a\xdc\x10\xbb\x8d\xd9\x6a\x7f\xf0\x07\xa2\x55\xd6\x01\xe5\xff\
\x33\x87\x04\xc0\xcc\x0f\x03\xf4\xb4\x4f\x45\xfb\x55\xb4\x6f\x45\
\xfb\x57\x9a\xf5\x7c\x5a\xa5\x0a\x60\xba\x56\x00\x00\x00\x00\xa0\
\x59\x34\xd0\xef\xb2\xa5\xff\x2f\x16\xba\xf4\x3f\x6f\xab\xff\x4a\
\x67\xa9\xe9\x4c\x35\x9d\xad\xd6\xd8\xf6\x8f\x95\xbf\x19\x44\x02\
\x60\x16\x68\x9f\x8a\xf6\xab\xc4\x49\x1a\x36\x33\x7b\xd6\x4a\x55\
\x00\xf6\x20\xdb\x55\x6f\x05\x78\xe4\xc7\x4f\xd9\x6c\x6b\x11\x33\
\xac\x00\x00\x00\x28\x7e\xe9\xbf\xeb\x3a\x76\x48\xde\xe7\xbf\x78\
\x8b\x9d\xfa\x5f\xd4\xd2\xff\xbc\xad\xfe\xeb\x0c\xb5\xc0\x77\xbd\
\x6a\x18\x3d\xa6\xb3\xd5\x1a\xc3\xff\xb8\xe8\x9f\x41\x24\x00\x66\
\x5e\xaa\x73\x00\xb4\x5f\x25\x49\xd3\x21\xed\x5f\xd1\xb2\x80\x66\
\x3d\x99\x56\xa9\x02\x50\xfa\x2a\xea\xd6\x80\x1f\x58\x73\x95\x3c\
\xbb\xf5\x45\xbb\xd5\x21\x49\x00\x00\x00\x00\xcc\x25\xbd\xb4\xaf\
\x94\x02\xb9\xf4\xa3\x9f\x92\xc7\x9f\x78\x46\xe6\x1d\xd1\x5f\xd8\
\x6b\xd2\xbc\xad\xfe\xdb\x9d\xd5\x44\xc4\x77\xdc\x0d\x76\xb6\x1a\
\xf1\xea\x8c\xe3\x05\x9d\x61\x8d\xfe\x14\x5f\xfb\x55\x1c\xc7\xbd\
\xb5\xf1\x02\x37\xed\x88\xd0\x4a\x55\x00\x7a\xb0\xd5\xfd\xa6\xa3\
\x28\x92\xbf\xf9\xe2\x2d\x12\x46\x91\xcd\xbe\x16\x6d\x8f\x55\x00\
\x00\x00\x14\x93\x06\xfa\x5a\x89\xfa\xc8\x8f\x37\xcb\x03\xeb\x36\
\xca\xfc\xf9\x47\x48\x1c\x17\xb3\xf4\x3f\x87\xab\xff\x26\x08\xfc\
\x20\x8c\x93\xdd\xd5\xaa\x77\x57\xe3\xe6\x62\xbe\xb8\x39\x46\x02\
\x60\xf6\x86\x01\x26\xe3\xa3\xee\xda\x5a\x14\xef\xf0\x7d\x9f\x2a\
\x80\x19\xa2\x07\xd8\xfe\xfe\x3e\x9b\x6d\xd5\xac\xab\x66\x5f\x49\
\x00\x00\x00\x00\x60\x6e\x82\xff\x92\xad\x44\xfd\xc0\x9a\xab\x6d\
\x65\x6a\x91\x07\x53\xe7\x6d\xf5\xdf\x71\x9c\xd8\x73\xf4\x65\x4e\
\xd7\xf6\xf6\x3a\x3b\xf4\x29\x32\xfc\x6f\xe6\x91\x00\x98\xbd\x61\
\x80\x41\x7f\xbf\xb3\xdb\x38\xee\xf7\xfc\x7a\x4b\x50\xd3\xb2\x57\
\xad\x54\x05\x90\x25\x01\x34\xdb\xaa\x59\x57\xcd\xbe\x32\x0f\x00\
\x00\x00\x00\x73\xd2\xf7\xdf\xa8\x44\xd5\x8a\x54\xad\x4c\x2d\xea\
\x42\x54\xde\x56\xff\xf5\x25\xf6\x3c\xcf\xd7\x9d\xd4\xf6\xec\x0a\
\x6e\x6d\xdc\xc6\x05\xfe\x2c\x20\x01\x30\x7b\xea\xe9\xc0\xd8\xdd\
\x98\xa4\xc6\x71\x3d\x3b\x19\xa4\x69\x5a\xa9\x0a\x40\x69\xb6\xb5\
\x3e\x0f\xe0\xea\x89\x79\x00\x45\x2d\xbf\x02\x00\x00\x40\xbe\xa5\
\xe9\xde\x7d\xff\x5a\x91\x5a\xe4\x6b\xcf\xbc\xad\xfe\xeb\xce\x69\
\x36\x5a\x72\x9c\xad\x7b\xf6\xc8\x50\x63\xf8\x5f\x31\xb3\x2b\x39\
\x47\x02\x60\x96\x68\x0b\x80\xbe\x71\x3b\x3a\x9c\xc7\xe2\x34\xdd\
\x5c\xf2\x5d\x2f\x4d\x53\x66\x01\xcc\xc2\x3c\x80\xbf\xfe\xc2\xcd\
\x12\xc5\xb1\x94\x68\x07\x00\x00\x00\xc0\x0c\x4b\xd2\x54\x3a\x2b\
\x81\x3c\xf2\x58\xf1\xfb\xfe\x73\xba\xfa\x6f\xff\x7e\x47\xc4\x71\
\x8d\xf7\xd9\xb7\xbc\xc5\x09\x9b\xfa\x64\x5a\x1c\x09\x80\x59\xa6\
\xd3\x2b\xd3\x28\xfd\x8b\x66\x6f\x09\x38\x5d\x15\x40\x18\x36\x7d\
\xca\xe7\x8c\xcc\x03\xd8\xf4\xe4\x73\xb2\xfa\xf2\x8f\x4b\x75\xbc\
\x6a\x13\x00\x24\x01\x00\x00\x00\x30\x13\xb4\xcd\xb4\xe4\x7b\xb2\
\xe1\xc7\x4f\xc9\x45\x97\x5c\x23\x5d\x5d\x9d\x85\xee\xfb\xcf\x62\
\x82\x91\x91\xd1\xdc\xac\xfe\x4f\xde\xfa\xaf\x54\x72\x9e\x62\xeb\
\xbf\xd9\x45\x02\x60\x76\xd9\xa3\xc3\x2f\x7f\x19\x6c\xcd\xc3\x96\
\x80\x93\xab\x00\x2e\x5e\x7d\xbe\xec\xdc\xb9\xdb\xae\xa2\x17\x99\
\x26\x01\x16\x2e\x9c\x2f\xf7\xdc\x7d\xbf\x7c\xf5\xf6\xef\xda\x79\
\x00\x51\x54\xdc\x8c\x2c\x00\x00\x00\xf2\x41\x03\xfd\x72\xa9\x24\
\x63\xe3\x55\xb9\xe2\xaa\x3f\xb7\x43\xbd\x34\x78\x2e\xf2\x62\x93\
\xc6\x03\xd5\x6a\x55\x16\x2f\x5e\x58\x5f\xfd\x4f\x9a\xbf\xfa\xcf\
\xd6\x7f\x73\x8b\x17\x77\x8e\xb7\x04\xd4\xe9\x96\xcd\x7c\x4e\xfa\
\x01\xaf\x86\xb1\x5c\x75\xc5\x6a\x79\xcf\x69\x27\xcb\xc0\xc0\x60\
\x1e\x3e\xf4\x87\x45\xdb\x00\x96\x1c\xb9\x44\x6e\xba\xf9\x1b\xb2\
\xf1\x27\x4f\x4b\x4f\x57\xa5\xd0\x65\x59\x00\x00\x00\x68\x7e\xf0\
\xef\x79\xae\x24\x49\x2c\x1f\xbe\xf2\xd3\x32\x34\x34\x2c\x95\x4a\
\xa5\xf0\xab\xff\x9a\x00\xd0\xd6\xd9\x5b\x6e\xfc\x6b\x59\xb8\xe0\
\x08\xfb\xeb\x26\xaf\xfe\x9b\x20\xf0\xd8\xfa\x6f\x0e\x91\x00\x98\
\xc3\x2d\x01\xf5\x8d\xed\x7b\x9e\xdf\xec\x2a\x00\x3d\x70\xf5\x74\
\x77\xc9\xa7\x3e\xfe\xa7\x7a\x83\x14\x9d\xbe\x9c\xf6\x60\x16\x45\
\xf2\xfe\x35\x57\xc9\xa3\x8f\x3f\x2d\x5d\x1d\xe5\xc2\x1f\xa0\x01\
\x00\x00\xd0\x9c\x6b\xcb\x40\xab\x64\x8d\x91\x8b\x2e\xbd\x4e\xee\
\x7b\x60\x83\x2d\xfd\x2f\xfa\xae\x53\xba\xe8\x37\x3c\x3c\x22\x27\
\x1e\xbf\x42\xce\x38\xf5\x04\xa9\x85\xb1\xb8\xcd\x9d\x53\xde\xd8\
\xfa\xcf\xd1\x97\x3a\xdb\xfa\xcf\x67\xf8\xdf\xec\x22\x01\x30\x97\
\x5b\x02\x1a\x59\xeb\xb9\x7a\x53\xf3\xab\x00\xc6\x6b\xb1\xac\x3c\
\x66\xa9\x9c\x7c\xe2\x4a\xd9\xbd\x7b\xa0\xf0\x55\x00\x1a\xec\x97\
\x4a\x25\xf1\x3d\x4f\x2e\x5c\x73\x95\xed\xd3\x0a\x7c\xaf\xf0\x07\
\x6a\x00\x00\x00\xcc\x9d\x6c\x9e\xd4\xd8\xf8\xb8\x9d\x31\x75\xff\
\xba\x0d\xb6\x5c\xbe\x15\xae\x29\xf5\xdf\xa5\x03\x0d\xaf\xbb\xfa\
\x72\x49\x4d\xfd\xfa\xb9\xc9\xcf\xc7\xf8\x7e\x63\xf5\x7f\xcc\xbb\
\xb9\x51\xfe\xcf\xea\xff\x2c\x23\x01\x30\x37\xec\x1b\x59\xdf\xd8\
\xb5\x28\xde\xe1\x35\xb9\x0a\x40\x19\x53\xff\xc0\x7f\xe2\x9a\x2b\
\xa4\xaf\xaf\xc7\x1e\xd4\x8a\x3c\x10\x50\xe9\x41\x2c\x28\x05\x3a\
\x41\x54\xae\xb8\xea\xd3\xb6\x5f\x4b\xfb\xb6\x9a\x7d\x70\x03\x00\
\x00\x40\x31\xe8\x2c\x29\x9d\x29\xf5\xf7\xb7\x7f\xd7\xce\x98\x7a\
\xdd\x92\x45\xb6\xca\xb4\xe8\xb2\xd5\xff\xf7\x9e\x73\xba\x1c\xbb\
\xfc\x28\x09\xa3\xb8\xe9\x0b\x80\xf5\xd5\x7f\x0d\x43\xd2\xb5\xba\
\x58\xca\xea\xff\xdc\x20\x01\x30\xd7\x55\x00\x8e\xfb\x3d\x5f\x5f\
\x75\x23\xcd\x9f\x05\x50\x0b\xe5\xb8\xe5\x4b\xe5\xe3\xd7\x7c\x58\
\x06\x06\x86\x9a\x7e\x10\x98\x09\x9a\xc8\xd0\xfe\x2c\xdd\xe6\x50\
\xfb\xb5\xb4\x6f\x4b\xfb\xb7\x48\x02\x00\x00\x00\x60\x7f\x74\x86\
\x94\xce\x92\xd2\x99\x52\x3a\x5b\x4a\x67\x4c\x85\x2d\x10\xfc\x67\
\xad\xb2\x4b\x96\x2c\x92\xb5\x5f\xfa\xcf\x76\xf5\x3f\x07\x83\x0c\
\x8d\x2e\x8a\xd6\xa2\x38\xd9\xb3\x2b\xb8\xb5\x71\x1b\xab\xff\x73\
\x80\x04\xc0\xdc\xa9\x47\xa0\xb1\xbb\x31\x49\x8d\xe3\x7a\x4d\x6e\
\xb8\x69\x24\x01\xc2\x38\x95\x0f\x7d\xf0\x3c\x59\xb2\x64\xa1\x9d\
\x08\x5a\xf4\x2a\x80\x2c\x09\xa0\x7d\x5a\xda\xaf\x75\xd1\xa5\xd7\
\x6a\xb2\x85\x24\x00\x00\x00\x00\xf6\x1b\xfc\xeb\x0c\x29\x9d\x25\
\xa5\x33\xa5\x34\x60\xd6\xeb\xe2\x1c\x04\xca\x87\x4d\x77\xfd\xd2\
\xdd\xbf\x2e\x59\x73\x81\xf4\xf5\x74\xd9\xad\xc0\x9b\xdd\xfb\x9f\
\xa6\x69\x6a\x9f\x82\xe3\x6c\xdd\xb3\x47\x86\x1a\x5b\xff\x15\xff\
\xc5\x2e\x80\xa6\x07\xa1\xed\x42\x07\x01\xea\x1b\xbb\xa3\xc3\x79\
\x2c\x8e\xd3\xcd\x25\xdf\x75\xd3\x34\x6d\x6a\x33\x91\x1e\xd4\x34\
\x58\xd6\x09\xa0\x3a\x09\x34\x8a\x13\x71\xdd\xe2\x27\x00\x94\xfe\
\xbb\xb4\x5f\xeb\xfe\x07\x37\xca\x45\x97\x5e\x43\x12\x00\x00\x00\
\x00\xaf\x19\xfc\x5f\xb8\xfa\x2a\xf1\x7d\xcf\xce\x96\x6a\x85\xeb\
\x46\x5d\xf0\x1b\x1c\x1c\xb2\xbb\x7f\x5d\x75\xc5\x45\x52\xcb\x41\
\xe9\x7f\xfd\x79\xb9\x62\x74\x51\xd4\x78\x9f\x7d\xcb\x5b\x9c\xb0\
\xd9\xcf\xa7\x9d\x90\x00\x98\x63\xba\xc0\x9e\x26\xe9\xf5\x49\x9a\
\x3a\xfa\xc6\x6f\x36\xcd\xfe\xe9\x04\x50\x9d\x04\x7a\xe2\xf1\xcb\
\x65\xf7\xee\xe2\x6f\x0b\x98\xd1\xcc\xed\xe2\x45\x24\x01\x00\x00\
\x00\x70\xe0\xc1\xbf\xae\x98\xb7\xca\xf5\xa2\x56\x30\xc4\x71\x62\
\x77\xff\xd2\x5d\xc0\xf4\xdf\xd5\xec\x8a\x5f\x5d\x04\x2d\xf9\x9e\
\x6b\x17\x45\x4b\xce\x53\x8d\xd5\xff\xe2\x4f\x59\x2c\x88\xe6\x47\
\xa0\x6d\x44\xdf\xd8\x69\x6a\xbc\xce\xce\xd2\xe6\x38\x36\x9b\xf5\
\x8d\xdf\xec\x2a\x00\xa5\x07\x82\x24\x35\xf2\x89\x6b\x3e\x6c\x07\
\x02\xd6\x0f\x78\xad\x51\x09\x40\x12\x00\x00\x00\x00\xed\x18\xfc\
\xeb\xa2\xde\xe8\xe8\x98\xbc\xf7\xdc\xd3\xed\xee\x5f\xd5\x30\x3f\
\xab\xff\xba\x18\xaa\x8b\xa2\x2d\xd0\x7d\x5c\x38\x24\x00\x9a\x5c\
\x05\xd0\xec\xfe\x9b\xbd\x07\x02\x1e\x25\xd7\x7d\xec\x72\x79\xf9\
\xe5\x1d\x52\x2a\xf9\xd2\x2a\x48\x02\x00\x00\x00\xa0\x9d\x82\x7f\
\x8d\x31\xb4\xd7\xbf\xbf\xbf\x37\x4f\x83\xff\xf4\x39\xc4\xbe\x5d\
\xfd\x37\x9b\x75\x51\x54\x17\x47\x59\xfd\x9f\x5b\xcd\x8f\x3e\xdb\
\xb9\x0a\x20\x35\x9b\xcb\x81\xe7\xe9\x07\x21\x0f\x49\x80\xf1\x5a\
\x24\x7f\x7a\xd9\x07\xe5\x3d\xa7\x9d\x24\x3b\x77\xee\xc9\x45\x86\
\x70\xa6\x90\x04\x00\x00\x00\x40\x3b\x04\xff\x4a\x83\xfd\xf1\xf1\
\xaa\xdc\xfa\x95\xbf\x91\x9e\xee\x4e\xbb\xbd\x61\x1e\x16\x1e\x5d\
\xd7\x75\x5c\x11\xbb\xfa\x6f\x8c\x61\xfd\xbf\x09\x9a\xff\x2e\x68\
\x53\xfa\x86\x4f\xa3\xf4\xb3\x49\x9a\x8e\xe8\x07\x41\xf7\x09\x6c\
\xe6\xf3\xc9\xa6\x9c\xf6\xf6\x74\xc9\x9f\x7f\xf2\x4a\xe9\xed\xed\
\x6e\xa9\x56\x80\x69\x93\x00\x9a\xf8\x70\x5d\x7b\x12\x00\x00\x00\
\x40\x6b\xd3\x6b\xdd\x30\x8c\x5a\x3e\xf8\xd7\x45\xbc\xb1\xb1\x71\
\x39\xe7\xec\xd3\xe4\x8c\x53\x4e\x90\x28\x4e\xed\xc2\x57\xb3\x19\
\x63\x92\x92\xef\x7a\xd5\x28\x79\x50\x17\x43\x35\x16\x65\xf5\x7f\
\xee\x35\xff\x9d\xd0\x86\x1a\x6f\x74\xbf\xb3\xb3\xf4\x74\x9c\x98\
\x2f\xea\x07\x41\x9c\xe6\xef\x7b\xa9\x07\x8b\x91\xf1\x9a\x1c\x7b\
\xcc\xd2\x96\x6c\x05\x98\x9a\x04\xf8\xe0\x25\xd7\xd8\x5d\x0f\xf4\
\x24\x10\x27\x1c\x7b\x00\x00\x00\x5a\x55\xb6\xd6\xd6\xd3\x55\x91\
\x8d\x3f\x79\xaa\x65\x83\xff\xc9\xa5\xff\x37\x7f\xe9\xaf\x24\x4a\
\x8c\x18\xd3\xfc\x7f\x9f\x2e\x76\xfa\xbe\xef\x86\x71\xbc\xbb\xb2\
\xc3\xbb\xb0\xb1\xfa\xdf\xfc\x9e\x84\x36\x44\x02\xa0\x79\x62\x63\
\x8c\x5b\x1d\xf3\x6e\x09\xa3\x78\x77\xe0\xf9\x7e\xb3\xab\x00\x94\
\xdf\xe2\xad\x00\xbf\x4d\x02\x2c\x90\xf5\x0f\xfd\x58\x56\x9d\x77\
\x99\x6c\x7e\xf6\xa7\xd2\x55\x29\xd9\x09\xa9\x00\x00\x00\x68\x2d\
\x1a\xe0\xeb\xf5\xac\x5e\x69\x7f\xfe\xef\xfe\x5e\x2e\xb9\xe2\x93\
\x76\x11\xa8\xd5\x82\xff\x3c\x97\xfe\x3b\x8e\x13\xfb\xae\x38\xc6\
\x38\x6b\xe5\x48\x19\xd7\xb0\xc3\x71\x9c\xd6\x7a\xf1\x0b\xa2\xf9\
\xef\x86\x36\xe5\x38\x8e\x06\xfb\x5e\x7f\xbf\xb3\xdb\x88\xb3\xd6\
\x73\xf5\x26\xa7\xe9\x55\x00\xd3\xb5\x02\xe8\xef\x9b\xbd\x5d\xc8\
\x4c\xd3\x83\xe1\xfc\xf9\x47\xc8\xe6\xa7\xb7\xc8\xd9\xe7\x5d\x26\
\x8f\x3e\xfe\x8c\x74\x75\x68\x12\xa0\xe9\x3f\x02\x00\x00\x00\xcc\
\x68\xf0\xaf\x7b\xce\x27\xf2\xa1\x0f\x5f\x27\xff\xe9\xb3\x9f\xb7\
\xd7\xb6\xa5\x52\xd0\x72\xc1\x7f\x8e\x4b\xff\x8d\xef\x79\x7e\x18\
\x27\xbb\xab\x63\xde\xcd\x8d\x9b\xb9\xe8\x6e\x92\xe6\xbf\x23\xda\
\x9b\x56\x01\x38\xfa\x41\xd0\x2a\x00\xcf\xb3\x03\x01\x4d\xde\x5a\
\x01\x5e\xfa\xd5\x4b\x36\x43\xda\x6a\x34\xd8\xef\xef\xef\x93\x20\
\xf0\xe5\xc2\xd5\x57\xda\x5e\x30\x6d\x07\x48\xd2\x34\x17\x53\x52\
\x01\x00\x00\x70\xe8\x92\x24\xb1\x81\xbe\x2e\xfd\x5f\x74\xe9\x75\
\x72\xff\xba\x0d\xf2\x3b\x6f\x7a\x83\xbd\x2f\xd5\xb1\xf8\x2d\x44\
\x57\xf9\x35\xf8\xef\xeb\xeb\x95\x5b\x6c\xe9\xbf\x5e\xcf\xe6\x26\
\xc1\x11\x6b\x1e\xc2\x18\x59\xab\x8b\x9f\x8d\xd5\xff\xd6\xfa\x01\
\x14\x08\x09\x80\x26\x6a\xbc\xf1\x7d\xfb\x41\x70\xdc\x9b\x7d\xd7\
\xfe\x3c\x72\x91\x0d\x9b\xdc\x0a\x70\xc1\xfb\xcf\x95\xe1\xe1\x91\
\x96\x6b\x05\xc8\x92\x00\x9a\xdc\xd0\x7f\xdb\xfb\xd7\x5c\x2d\x0f\
\x6d\x7c\x42\x3a\xcb\x81\xbd\xaf\xd5\xb2\xc2\x00\x00\x00\xed\x42\
\x17\x74\x3a\x2b\x25\x19\x1c\x1c\x92\xd5\x97\x7f\xdc\x06\xff\x3a\
\x07\xaa\x56\x0b\x5b\x6e\xa1\x27\xab\xe0\xed\xe8\xa8\xc8\x6d\xb7\
\xfc\xad\x74\x75\x75\xda\xd6\xd6\x3c\x94\xfe\x1b\x63\x52\xdf\xf7\
\xfd\x5a\x14\x8f\xeb\xa2\x67\xa3\xf7\x3f\x17\xf1\x4e\xbb\x6a\xad\
\xba\xee\x02\x6a\x7c\x08\xf4\xd3\x59\xa9\xc5\xc9\x86\xc0\xf5\x8e\
\xad\x45\x51\xea\xba\x6e\xd3\xa3\x6d\x0d\x80\xcb\xe5\x40\x46\x86\
\xc7\xe4\x2d\x47\xbd\xcb\x26\x01\xf4\xc0\xd2\x8a\x81\xb1\x1e\x20\
\x93\x24\x95\xd1\xb1\x31\x39\xeb\xf4\x77\xcb\x1d\xb7\xfd\x9d\xf8\
\x41\x60\x4f\x12\xad\x98\xf8\x00\x00\x00\x68\x45\x1a\x08\xa7\xc6\
\xd8\x05\x1d\xad\xee\xbc\xfc\xa3\x9f\x96\xa1\xa1\x61\x1b\x14\x6b\
\x45\x40\x2b\x0a\x82\x40\x7e\xf5\xaf\xbf\x92\xbf\xfd\xfc\x67\xe4\
\xd3\xd7\x5d\x21\xa3\xe3\xb5\xdc\x54\xef\xea\xf0\x73\xcf\x75\xbc\
\x5a\x94\xac\xea\xaa\x04\x0f\x1a\x63\x3c\x26\xff\x37\x57\xf3\xd3\
\x42\x6d\xae\x51\x05\xa0\xfd\xff\xa3\xa9\xf1\x3e\x63\xc4\x38\xda\
\x09\x20\x39\x09\x8a\xab\xd5\x50\x3a\x3b\xeb\xd9\x44\x0d\xfe\x5b\
\x71\x1e\x80\xd2\xa4\x86\x0e\x83\xe9\xeb\xed\x91\x1f\xde\xf7\x90\
\x7c\xe8\xc3\x9f\xb0\x19\x63\xcd\x1c\x6b\x95\x40\xab\x65\x8a\x01\
\x00\x00\x5a\x4d\x3d\xc0\xaf\x07\xff\x0f\x6d\x78\xc2\x56\x77\x8e\
\x8c\x8c\xb6\x74\xf0\xaf\x0b\x55\xba\x48\x77\xc1\x85\xe7\xda\xca\
\x5d\xad\xe0\xcd\xcb\xe2\x95\x31\x26\xf6\x7d\xd7\x8d\xe3\x64\x33\
\xc1\x7f\x7e\x90\x00\xc8\x01\x1d\xfe\xb7\x69\x93\xf1\x3b\x4b\xce\
\x53\x71\x9a\x6e\x2e\xf9\xae\xee\x08\x90\x8b\xd2\x18\x3d\x80\xd4\
\xc2\x48\x4e\x7b\xf7\x3b\xe5\x9a\xab\x2e\x95\xed\xbf\xd9\x9e\x9b\
\x8c\xe2\x4c\xd3\x20\x5f\x4f\x0e\x8b\x16\x2e\x90\x0d\x8f\x6e\x92\
\xb7\x1d\x7d\xaa\x6c\xfc\x49\x7d\x2e\x80\xd2\x6c\x32\x00\x00\x00\
\xf2\x47\xb7\x74\xd6\x85\x1b\xcf\x75\xe5\xfd\x17\x7f\x4c\x2e\x5c\
\xa3\xdb\xfc\xf9\x52\xa9\x94\x5b\x36\xf8\xcf\xfa\xfe\x7b\x7b\x7b\
\xe4\xb6\xb5\x9f\x97\xee\x9e\x2e\x7b\x7b\x5e\x16\xeb\x5c\xd7\x75\
\x5c\x11\x27\x4d\xcc\xf5\x8d\xaa\xe7\x7c\x3c\xb1\x36\x47\x02\x20\
\x27\x4e\x38\xc1\x0e\xc8\x74\xd2\x28\xfd\x6c\x92\xa6\x23\xfa\x81\
\xc9\xc3\x40\xc0\x2c\x09\x30\x31\x0f\xe0\xc2\xd6\x9d\x07\x90\xd1\
\x93\x84\x66\x8a\x87\x86\x47\xe4\x92\x2b\x3e\x61\xb7\x8b\xd1\x1f\
\x45\xb9\xe4\xb7\xec\x09\x04\x00\x00\xa0\xb0\x25\xff\x69\x6a\xb7\
\x74\xde\xfc\xcc\x4f\xe5\xec\xf7\x5d\x2e\xf7\xad\xdb\x68\x83\x62\
\xad\xee\x6c\xc5\xd6\xd5\xe9\xfa\xfe\xb5\x62\x57\x2b\x77\xf3\xd0\
\xf7\xaf\x8c\x31\x49\xc9\x77\xbd\x6a\x94\x3c\xd8\xd9\x59\xda\xac\
\x71\x67\x1e\x76\x3c\x03\x59\x98\x5c\x31\xc6\x04\x8e\xe3\x44\xd5\
\x30\xfe\x8b\x72\xe0\xdd\x50\x0d\xe3\xd8\x71\x9c\xfa\x44\xba\x26\
\x6b\xa7\x79\x00\x19\x3d\x80\xea\x81\x55\xab\x1e\x2e\xb8\xe0\x1c\
\xb9\xf5\xa6\xcf\xc9\xbc\xfe\x5e\xdb\x57\xa5\x09\x90\xbc\x64\x57\
\x01\x00\x00\xda\x91\x2e\xcc\x68\x90\x5f\x29\x05\xf2\xd0\xc6\x4d\
\xb2\xfa\xd2\x6b\x25\x0c\x43\xbb\xcb\x53\xab\x6f\xed\x9c\xe7\xbe\
\x7f\x5d\xc4\x0c\x7c\x3f\x4d\x92\x78\xb0\x14\xf8\x6f\x14\x91\xf1\
\x46\xcb\x73\xeb\x06\x0e\x05\x92\x8f\x14\x11\x26\x6f\x0b\xe8\x56\
\xc7\xbc\x5b\x74\x52\xa6\x4e\xcc\xd4\xc9\x99\x92\x03\xed\x34\x0f\
\x20\x93\x25\x37\xde\xf0\x3b\xaf\x9f\xd4\x12\xf0\x94\x6d\x09\xc8\
\xda\x05\x00\x00\x00\x30\xf7\xa2\x28\xde\xab\xe4\xff\x82\xd5\x57\
\x4a\x29\x08\xa4\xbf\xbf\xb7\xe5\x83\xff\x3c\xf7\xfd\x4f\xda\xf6\
\xcf\xd3\x5d\xce\x1a\xc1\xbf\x6e\xfb\x97\x8b\x98\x06\x24\x00\x72\
\x39\x10\x50\xb7\x05\x4c\x52\xb9\xd0\x11\xe3\x68\x27\x80\xe4\xc4\
\x74\xf3\x00\x34\xfb\xd8\xca\x34\xd0\xd7\x13\xcc\x6f\x5b\x02\x3e\
\x29\x9f\xff\xbb\xaf\xda\x84\x88\x9e\x74\xf4\x3e\x00\x00\x00\xcc\
\x0d\x5d\x80\xd1\xeb\xb3\xee\xce\xb2\x3c\xf9\xf4\xf3\x72\x4e\xa3\
\xe4\x5f\x07\x39\x3b\xae\x63\xb7\xbf\x6b\x65\xf5\x45\xb9\x6a\x6e\
\xfb\xfe\xd3\x34\x4d\x4a\x25\xdf\xab\xc5\xc9\xd3\x25\xdf\xfd\x62\
\x23\xde\xe4\x82\x39\x47\xf2\xf1\x4e\xc1\x5e\xb2\x09\x99\xd5\x28\
\x7e\xb2\xec\x7b\xc7\x37\x5a\x01\x72\x51\xd3\xa3\x07\x5c\xfd\x3f\
\x8e\x22\xb9\xfc\xaa\x3f\x97\x75\x0f\x3e\x2a\xf3\xe7\x1f\xd1\xf2\
\x99\xd6\xc9\x2d\x01\x2f\xbf\xbc\x43\xde\x73\xea\x49\xf2\xc9\x6b\
\xaf\x90\x13\x8e\x3b\x5a\xaa\x61\x6c\xab\x05\x72\x96\x79\x05\x00\
\x00\x68\x29\xba\xf0\xa2\x81\x7f\x2d\x4a\xe4\xcb\x5f\xf9\xba\xac\
\xfd\xea\xb7\x64\x70\x68\x58\xe6\x1d\xd1\xdf\x16\xd7\xa2\x1a\xe4\
\xeb\x35\xa7\x26\x39\xbe\x77\xc7\x5a\x79\xf7\x49\xc7\x4a\x18\xc5\
\xb9\xba\x06\xd5\x18\x46\x7b\xff\xc7\x23\x39\x5e\x07\x9c\x1b\x63\
\x74\xf5\xbf\xf5\x7f\x38\x05\x42\x02\x20\xa7\x09\x00\xfd\x32\x1e\
\x45\x2b\x4b\xae\xf7\x48\x6a\xa4\x9c\xa4\xa9\x7e\x78\x72\xf1\xf3\
\xd2\x20\xd8\xf3\x5c\x31\x69\x6a\x07\xad\x3c\xf5\xf4\xd6\xb6\xe8\
\xb5\xca\x94\x4a\x81\xec\xdc\xb5\xc7\x66\x9a\x3f\xf6\xd1\x4b\xe4\
\xe3\xd7\x7c\x58\xca\x81\x27\x23\x63\x35\x09\x82\x5c\xe4\x69\x00\
\x00\x00\x5a\xac\xd7\xdf\x95\x4a\xc9\xb7\xab\xfe\x7f\x77\xd3\x6d\
\xf2\xc8\xc6\x27\x64\xf1\xe2\x85\xf6\xf6\x76\x69\xcb\xd4\x40\x5f\
\xb7\xa9\xbe\xf7\xae\xaf\xc9\x7b\xfe\xf8\x78\x19\xd3\xd2\xff\x9c\
\x0c\xfd\x9b\x18\xfc\x57\xf2\xdd\x30\x4a\xd6\x77\x94\xfc\x55\x6c\
\xfb\x97\x4f\xb9\x08\x28\xb1\xef\x81\x80\x63\x61\x7c\x7d\x47\x7d\
\x20\x60\x94\x97\x81\x80\x4a\x83\xfd\x8e\x4a\x59\xb6\x3c\xff\xa2\
\x9c\x7e\xee\x1a\xdb\x73\xa5\x83\x47\x5a\x79\x28\xe0\xd4\x03\xb0\
\xfe\x5b\xa9\x06\x00\x00\x00\x98\x1d\xb6\xea\x34\x4e\xa6\x5d\xf5\
\x5f\x30\xff\x08\x09\xc3\x48\xda\x85\xb6\xdd\x6e\xdf\xfe\x8a\xbc\
\xef\xfc\xb3\xe4\x7b\xdf\xb8\x51\xc6\xaa\xda\xf7\x9f\xab\xe0\x3f\
\x0d\x7c\x5f\xe2\x24\xae\x96\x03\x7f\xa1\x88\x54\xf5\x76\x7a\xff\
\xf3\x87\x04\x40\x4e\x35\xf6\xca\xd4\xe5\xe4\x52\x18\x27\x1b\x4a\
\xbe\x77\xdc\x78\x2d\x4a\x5c\xd7\xcd\x4d\x64\xa9\xd9\x56\xed\x83\
\x7f\xf4\xf1\xa7\xe5\xfd\x76\xaf\xd5\xc0\x4e\x62\xcd\xc9\xee\x85\
\x4d\xad\x06\x18\xaf\xc5\xa2\xf5\x1a\x39\x29\xda\x00\x00\x00\x28\
\x94\x24\x4d\x45\x03\xca\xc0\x73\xda\x7a\xd5\x5f\xe9\x22\xdb\xae\
\xdd\x7b\xe4\xac\x33\xfe\x58\xbe\x73\xfb\x8d\x92\x5d\x69\xe7\xe9\
\x3a\x33\x2b\xfd\x1f\xab\xc5\xab\x3a\xcb\xfe\xfa\xc6\xb6\x7f\xed\
\xf3\x43\x2a\x90\xfc\xbc\x6b\xf0\x2a\x59\xd9\xcc\x58\x68\x8e\x2d\
\x79\xe9\x06\xdd\x89\x2f\x4f\xad\x00\x59\x25\x80\x4e\xc5\x7f\xe4\
\xb1\xcd\x72\xfe\x07\x3e\x22\x7d\x7d\xbd\x6d\x75\x40\x9e\x5c\x0d\
\xb0\xfd\xe5\x1d\x72\xc6\x69\x27\xcb\x35\x57\x5e\x22\x27\x1e\xbf\
\xc2\x1e\x9c\x6b\xb5\x90\x2d\x03\x01\x00\x00\x0e\x50\x92\xa4\x8d\
\xad\xfd\x7c\xd9\xb1\x6b\x50\xbe\x75\xe7\xdd\x72\xe3\x2d\xb7\xcb\
\xd0\xd0\x48\xdb\xad\xfa\x67\xc1\xff\xc0\xc0\xa0\xbc\xf3\xb8\x63\
\x64\xdd\x3d\xb7\x8b\x11\x47\x92\xd4\xd8\xd7\x28\x2f\x28\xfd\x2f\
\x96\xfc\xbc\x73\x50\xc8\x56\x80\xec\x40\xdd\x59\x09\xe4\x83\x97\
\x5d\x27\xf7\xdc\xfb\xa0\x2c\x59\xb2\x48\xa2\xa8\xbd\x0e\xce\x59\
\x69\xd6\xc0\xe0\x90\xa4\x49\x22\xe7\xac\x3a\x4d\x6e\xfa\xc2\xf5\
\xb2\x60\x7e\xbf\x24\xa9\x48\x2d\xca\x57\x8f\x16\x00\x00\x40\x9e\
\x64\x15\xa4\x1a\xf8\xab\xf5\x1b\x9e\x90\xab\x3f\xfe\x17\xb2\xfd\
\xe5\x57\xa4\xbf\xaf\xd7\x2e\xa8\xb4\xdb\x22\x93\x56\x3a\xe8\x62\
\x5b\x18\x45\xf2\xf0\x7d\x77\xca\xf2\xa3\xdf\x2e\xe3\xd5\x9a\x4d\
\x0a\xe4\x05\xa5\xff\xc5\x43\x02\x20\xe7\x8a\xd0\x0a\x90\x1d\xb0\
\xf5\x89\xae\xbe\xec\x3a\xb9\xff\xc1\x0d\xb2\x78\xd1\x82\xb6\xdc\
\x22\x4f\x4f\x4e\xfa\x7a\x8c\x8c\x8c\xda\x44\xc8\x25\x6b\xde\x27\
\x97\x7e\xe8\x42\x59\x38\xaf\xaf\x31\x1f\xa0\x3e\x40\x11\x00\x00\
\x00\xf5\xeb\x48\x0d\xec\xcb\xe5\x92\xbd\x96\x7c\xe2\xc9\x67\xe5\
\x96\xaf\xdd\x29\x4f\x3e\xb5\xc5\x0e\x57\xae\x54\x2a\x13\x5b\xff\
\xb5\x5d\xf0\x1f\xc5\x12\x27\x89\xfc\xe0\x3b\xb7\xca\x29\x27\x1f\
\x2b\x63\xd5\x7a\x65\x69\x9e\x50\xfa\x5f\x3c\x24\x00\x0a\xa0\x08\
\xad\x00\xf5\xc0\xb6\xfe\x74\x2e\xba\xe4\x1a\x59\xff\xf0\x8f\x65\
\xde\xbc\xf6\xd8\x1e\x70\x5f\x07\x6d\x2d\x51\x1b\x19\x1d\x95\x25\
\x8b\x17\xca\xcd\x5f\xfe\x2b\x39\xf3\xb4\x93\xec\x7d\x3a\x1f\xc0\
\x88\xa1\x22\x00\x00\x00\x48\xbb\x07\xfe\x95\x4a\x59\xf4\x12\x72\
\xe7\xae\x01\xb9\xf6\x53\x7f\x29\xf7\xaf\xdb\x68\xcb\xdb\x7b\x7a\
\xba\x27\xb6\x9f\x6e\x37\xf5\xed\xfe\x74\x00\x62\x24\xdf\xbf\xf3\
\x16\x39\xe5\xe4\xe3\x64\x74\x3c\x5f\x2b\xff\x8a\xd2\xff\x62\xca\
\x4d\x00\x89\xe2\xb7\x02\xd8\xe9\xf7\xae\x2b\x8e\x18\x59\xd5\x86\
\xdb\x03\x4e\x77\xf0\xd6\x2c\x6d\xb5\x5a\xb5\xd5\x10\x27\xbc\x73\
\xb9\x5c\xf9\x91\x35\x76\xcf\x56\xfd\xe0\x91\x08\x00\x00\x00\xed\
\x1e\xf8\xef\xd8\x35\x20\xdf\xba\xf3\x1e\xf9\xe6\x9d\x77\xdb\x29\
\xf7\xdd\xdd\x5d\xf6\x1a\xaa\xdd\xca\xfd\xf7\xb7\xdd\xdf\xc8\x78\
\xcd\x0e\x44\xcc\x13\x4a\xff\x8b\x8b\x04\x40\x41\x14\xa1\x15\x40\
\xb5\xfb\xf6\x80\xd3\xd1\x93\x98\xfe\x3f\x34\x3c\x22\xae\xe3\xca\
\x49\x27\x2c\x97\x8f\x5e\x41\x22\x00\x00\x00\xb4\x77\xe0\xaf\x41\
\xbf\x06\xff\xff\xf7\x5f\x7f\x25\x3d\xdd\xdd\x76\x77\xa5\x76\xbe\
\x66\x2c\xc2\x76\x7f\x19\x4a\xff\x8b\x8b\x04\x40\x81\x5b\x01\x92\
\xd4\x94\xd3\xd4\xe4\xaa\x15\x60\xef\xed\x01\x9f\x91\x0b\x57\x5f\
\x29\xbe\xef\xb5\x7d\x12\x60\xf2\x7c\x80\x7d\x25\x02\x74\x46\x80\
\x0e\x54\xd4\x83\x7c\xce\x7e\xa4\x00\x00\x00\x87\x44\xaf\x6d\x8c\
\x49\xf7\x1b\xf8\xeb\x7d\xed\xd8\xe7\x3f\x5d\xf0\xff\xf2\x2b\x3b\
\xec\x30\xe9\xbc\x6e\xf7\xa7\x28\xfd\x2f\xb6\x7c\xbd\x9b\xd0\x12\
\xad\x00\x93\xb7\x07\x7c\xf4\xf1\xa7\xe5\xc2\xd5\x57\x91\x04\x78\
\x8d\x44\xc0\x95\x57\xac\x91\x93\x4f\x5c\xa9\xa9\x53\x89\xd3\x6c\
\xfb\x40\x12\x01\x00\x00\xa0\x78\xf4\x3a\x27\x35\xc6\x5e\xd7\x64\
\x53\xfd\x5f\xd9\x35\x20\x77\x34\x4a\xfd\x09\xfc\xf7\x13\xfc\x9f\
\x75\xaa\x7c\xf7\x9b\x5f\xb1\x51\x5a\x92\xe4\x6b\xbb\xbf\xac\xf4\
\xbf\x5c\xf2\xdd\x28\x8a\xc7\x76\xee\xf0\x17\x1e\x79\x24\xa5\xff\
\x45\x93\xaf\x77\x14\x0e\xb4\x15\x40\xcb\xfe\xcb\x61\x94\xdc\xed\
\x7a\xce\xe9\x71\x9c\xa6\x8e\xe3\xe4\xaa\x15\x40\x91\x04\x38\xf0\
\x44\x80\xfe\x50\x4f\x3b\xe5\x44\x59\x71\xcc\x52\xb9\xe0\xbc\x55\
\xb2\x64\xd1\x7c\xd1\x57\x29\x6c\xec\x1c\xa0\x07\x7f\x92\x01\x00\
\x00\x20\xf7\x81\x7f\x9a\xda\x60\x36\x68\x0c\x87\xd6\x8a\xd0\xa7\
\x9f\x7d\x5e\xfe\xeb\x03\x1b\xe4\x97\xbf\xfc\x17\xe9\xe9\xe9\x21\
\xf0\x3f\xa0\xe0\x3f\xb5\x43\xa5\xf3\xc4\xe8\x52\xbf\xe7\xc6\x8e\
\x98\xb0\x16\x9b\x0b\xba\xca\xfe\xc3\x94\xfe\x17\x0f\x11\x45\x01\
\x19\x63\xf4\x83\x96\xfe\xfa\xd7\xa6\x73\xc1\xa2\x78\x47\xe0\xfb\
\x9d\xb5\x30\xd6\x24\x40\xbe\x8e\x12\x24\x01\x0e\x2a\x11\x30\x3c\
\x3c\x22\xb5\x30\x94\xdf\x7d\xd3\x1b\xe5\x92\x0f\x5d\x20\x17\x5d\
\xf8\x27\xb2\x64\xc9\x02\xd1\x1f\x6a\x94\x18\x89\xa2\xc8\x9e\x08\
\x48\x04\x00\x00\x80\x7c\x05\xfd\xf5\xc5\x8a\x52\xc9\xb7\xd7\x2d\
\x03\x43\xc3\xb2\xed\xc5\x9f\xcb\xda\xaf\x7e\x5b\x36\x3d\xb5\x45\
\xaa\xe3\x55\xe9\xeb\xeb\xb1\x5b\xfd\xd5\x5b\x02\x08\xfc\x8b\x16\
\xfc\x2b\x63\x4c\x54\x29\xf9\xc1\x78\x94\xdc\xd0\x59\xf2\xff\x32\
\xab\x4c\x6e\xf6\xf3\xc2\xc1\x21\x92\x28\x28\x4d\xc0\xdd\x70\x83\
\x98\x3f\xfb\x8f\xf1\x7b\xca\xbe\x73\xb7\x11\xa7\x94\x24\xf9\xda\
\x1a\x30\x43\x12\xe0\xc0\xd8\x1d\x14\x5c\xd7\xee\x1a\x30\x36\x36\
\x6e\xb7\x51\x5c\xfa\xb6\xb7\xca\xc7\x3e\x7a\xb1\x2c\x7d\xfb\x5b\
\xa5\xbf\xb7\x67\xa2\x2a\x40\xb3\xe6\x9a\x38\xc8\xe1\x8f\x1b\x00\
\x00\xb4\x49\xd0\xaf\x5f\x75\x70\x9f\xae\xf6\xeb\x35\xca\xf6\x97\
\x77\xca\x77\xee\xfa\x91\xdc\xf9\xbd\x1f\xca\x8e\x1d\xbb\x64\xdc\
\x06\xfe\xbd\x36\x98\x65\xc5\xbf\xf0\xc1\x7f\xe2\xfb\xae\x9b\x26\
\xe6\xe1\x52\xe0\x5d\xa0\x97\xa4\x7a\x99\xef\x38\x0e\x3f\xd4\x82\
\x21\x7a\x28\xb0\xa2\xcc\x03\x50\x24\x01\x0e\x9c\x06\xf5\x7a\xe0\
\xd7\xd7\x6c\x64\x64\x54\x2a\x1d\x15\x59\xb4\x70\xbe\xac\xf9\xe0\
\x79\xb2\xfa\x03\xef\x95\xc5\x8b\x16\xd8\x21\x3a\x89\x11\xbb\xbd\
\x20\xc9\x00\x00\x00\x30\xa7\x41\x7f\x39\x90\xa0\xd1\x9b\x3e\x30\
\x38\x2c\xdb\xfe\xe1\x9f\x64\xed\x57\xef\xb0\x5f\x77\xef\x1e\x90\
\x8e\x8e\x8a\x4d\x0c\x64\x81\x3f\x0a\x1f\xfc\xd7\xfb\xfe\xe3\x78\
\x6c\xe7\x2b\xfe\xc2\xd7\xbf\xde\x19\xcb\x2a\x92\x9b\xfd\xdc\x70\
\xf0\x88\x18\x5a\x65\x6b\xc0\x9c\xcf\x03\x50\x24\x01\x0e\x9e\x06\
\xf6\xfa\xfa\x84\x61\x64\xb3\xe8\x47\xf4\xf7\xca\x8a\xe5\xcb\xe4\
\xd8\x15\x47\xc9\xb9\x67\xbf\x47\x5e\x7f\xe4\x62\x5b\x6a\x37\x35\
\x19\xa0\x48\x08\x00\x00\x80\xd9\x08\xfa\x07\x87\x46\xe4\xa7\x2f\
\xfe\x5c\x9e\x7c\xf2\x39\x59\xf7\xf0\x63\xf2\xd2\x4b\xaf\xd8\x0a\
\xc6\xee\xee\xae\x89\x6b\x3b\x56\xfb\x5b\x26\xf8\xdf\xab\xef\xff\
\x8b\x9f\xf7\x1f\xb9\xe1\x06\xbd\xcc\xa4\xef\xbf\xa8\x88\x10\x0a\
\xae\x48\xf3\x00\x14\x49\x80\xc3\xab\x0a\xd0\x20\x7f\x7c\x7c\x5c\
\xe2\x38\x91\x79\xf3\xfa\xed\xd0\xc0\x63\x57\x2c\x7b\x55\x32\x40\
\xcf\xb9\xb5\x5a\x4d\xf4\x6d\xc0\x00\x41\x00\x00\x70\x20\xb2\xa0\
\x5d\x17\x14\xf4\xfa\x4c\x17\x15\xfc\xc6\x15\xe5\x74\x41\xff\xd0\
\xd0\xb0\x2d\xf1\x0f\x02\x9f\xd5\xfe\x16\x0c\xfe\x15\x7d\xff\xad\
\x87\xa8\xa0\x05\x14\x69\x1e\x80\x22\x09\x70\x78\xec\xf6\x80\xe2\
\x48\x18\xd5\xab\x02\xa6\x26\x03\xde\x7b\xee\x19\xd2\xd5\xd9\x29\
\xfd\xbd\x5d\xf6\xf1\xba\xad\xa0\x9e\x90\x35\x79\x90\x6d\x2d\x98\
\xd3\xb7\x06\x00\x00\x68\x52\xc0\xaf\x61\x81\x0e\xe9\xd3\x4b\x04\
\x6d\x35\x8c\xe2\x54\x86\x86\x87\xe5\x1f\x7e\xfe\xdf\x65\xd3\xa6\
\x67\xa7\x0d\xfa\x7d\xcf\x93\x98\xde\xfe\x56\x0e\xfe\xe9\xfb\x6f\
\x41\x44\x01\x2d\x22\xcb\xc6\x55\xc3\xf8\xfa\x72\xe0\xdd\x50\x8b\
\x92\x9a\x6e\x15\x28\x39\x35\x5d\x12\x40\x0f\x8a\x64\x8e\x0f\x2f\
\x19\xa0\x5f\x8f\x7c\xdd\x62\x9b\x00\x58\x75\xc6\x1f\xcb\x89\x27\
\xae\x94\xb7\xfd\xe1\xbf\xb7\x5b\xee\x94\x1a\x29\x7c\xad\x10\xd0\
\xa4\x41\x14\xc7\xf6\xcf\xea\xf7\x50\x24\x05\x00\x00\x68\x5d\x59\
\x90\xae\x5f\x93\x34\xb5\xd7\x00\xe5\x72\x60\xcf\xff\x8d\x1d\xfb\
\x64\x60\x68\x54\x46\xc7\xc6\xe4\x47\xf7\x3d\x24\x4f\x3f\xfb\x33\
\x79\xfe\x67\xff\x60\x77\x28\xda\xbd\x7b\x8f\xf4\xf7\xf5\x11\xf4\
\xb7\x57\xf0\x9f\x96\x02\xdf\x8d\x13\xfa\xfe\x5b\x0d\x57\xfc\xad\
\x39\x0f\xe0\x9e\x52\xe0\x9d\x5e\x0d\xe3\x24\xaf\xf3\x00\xa6\x4b\
\x02\xe8\xbb\xb1\xa3\x52\x21\x09\x70\x88\xb2\xd5\xfd\x5a\x2d\xb4\
\x2d\x00\x03\x83\x83\x76\x27\x81\x72\x10\xc8\x8a\x15\xcb\xe4\xad\
\xbf\xff\x66\x59\xb6\xec\x6d\xb2\xec\xed\x6f\x95\xee\x29\x09\x01\
\xa5\x49\x01\xfd\x99\x28\xdd\x8d\xc0\x9d\x94\x10\x20\x39\x00\x00\
\x40\x31\x4c\x0e\xcc\x7f\x7b\x4d\x55\x5f\xdd\x57\x59\x49\x7f\x16\
\xf0\x6b\x6b\xe1\xdd\x3f\x5a\x2f\xc3\x43\xc3\xf6\xab\xfe\xfe\x37\
\x2f\xbd\x2c\xa5\x20\xb0\xc3\xfc\x34\x40\xd5\xc0\x5f\xaf\x13\x08\
\xfa\x0f\xbd\x8d\x53\x77\x45\x38\xe7\xec\xd3\xe4\xbb\xdf\xb8\xa9\
\x08\xc1\xbf\xf6\xfd\x27\x7a\xf5\x57\x8b\xd3\x73\xba\xca\xfe\x23\
\xf5\x7f\x0a\x7d\xff\xad\x80\xab\xfa\x16\x4b\x02\x68\x49\x8e\x7e\
\x66\xc3\x24\xd9\x14\x78\xde\x71\xd5\x30\x8e\x5d\xc7\xd1\xc4\x40\
\xce\x93\x00\xcf\xc8\xe5\x1f\xfd\x94\x2d\x2b\xeb\xea\xea\x24\x09\
\x70\x18\xb2\x60\x5d\xab\x2a\xb4\xec\x5f\x5b\x2b\xaa\xd5\x9a\x8c\
\x8e\x8e\xc9\x82\x05\xf3\xec\x09\x7d\xf9\x31\x4b\xe5\xa8\xb7\xbf\
\x55\x5c\xcf\x97\x0f\x5e\x70\xae\x7d\x6c\x7f\x7f\xaf\xf8\x8d\xe1\
\x3e\x59\xeb\x80\x7e\xab\xfa\x3c\x01\xad\xf8\xfa\xed\x49\x3f\x1b\
\x34\xb8\xaf\xbf\x1b\x00\x00\xcc\xac\xe9\x82\xef\xd4\x18\x31\x93\
\x5a\x28\xb5\xa5\x52\xcf\xe9\xfa\xd0\xac\x94\x3f\xb3\x6b\xcf\x90\
\x78\xae\x23\x3f\xdd\xf6\x73\xd9\xfa\xfc\x8b\x76\xe1\xe0\xae\xbb\
\xef\x97\xf1\x6a\xd5\x06\xfc\xfa\xfd\x7b\x7b\xba\xed\xb9\x5c\x93\
\x05\xf5\x01\x80\x3a\xcc\x6f\xae\xfe\x85\xad\xa7\x3e\x17\x21\xb5\
\x55\x15\x67\x9d\xfe\x6e\xb9\xe3\xb6\x2f\x89\xe3\x3a\xb9\x0e\xfe\
\x95\x56\x15\x97\x7c\x37\x18\xab\xc5\x67\x75\x55\x82\xf5\x1a\x5b\
\x10\xfc\xb7\x0e\xae\xd6\x5b\x8c\x31\x46\x7b\xff\xe3\xb1\xd0\x1c\
\x1b\xb8\xc9\x93\x46\x1c\x2f\x8e\x53\xe3\x4e\x5e\xce\xcd\x19\x2d\
\x43\xeb\x2c\x07\xb2\x7b\x60\x48\x3e\x7a\xed\x67\xe4\xbe\xfb\x1f\
\x91\xc5\x8b\x17\x4a\x14\x31\x5f\x64\x26\x64\x3d\xff\x7a\xa2\xcf\
\x12\x02\xe3\xd5\x9a\x54\xc7\xab\xe2\x7a\xae\xbc\xf1\x0d\x47\xda\
\x04\x81\xce\x10\x38\x7a\xd9\xdb\x64\x68\x68\x44\x56\xae\x5c\x26\
\xef\x58\xfa\x47\xf6\xf1\x7a\x31\x71\x44\x5f\xf7\x5e\xdf\x33\x1b\
\x34\x38\xf1\x77\x34\xd2\x03\x53\x13\x05\x00\x00\xe0\xf0\x4d\x0e\
\xec\x55\x96\xa0\x9f\xbc\x9a\x9f\x25\xef\x75\x1b\x3e\x5d\xb1\xd7\
\x61\xc0\x77\xdd\xf3\x80\xbd\x9e\x8a\xa3\x58\xee\xba\xe7\x7e\x89\
\xc2\xc8\x0e\xf3\xdb\xbd\x67\x8f\xfd\x9e\x3d\xdd\x5d\x13\x01\xbf\
\x9e\xcd\xb3\x05\x18\x56\xfa\x0f\x5f\x36\xbc\x59\xaf\xbb\xee\xfc\
\xc6\x97\xe5\x8c\x53\x4f\x92\x6a\x18\xdb\xab\xa4\x1c\x5f\x96\xdb\
\xbe\xff\x4a\xc9\xf7\xaa\x61\xb2\xbe\xa3\xec\x9f\xc5\xd0\xbf\xd6\
\x93\xdf\x77\x1f\x0e\x59\x96\xa5\x1b\xa9\x46\xa7\x97\x7d\xf7\x1e\
\xdd\xb9\x25\x49\xf3\x3b\x14\x50\xe9\x09\x47\x4f\x3e\x49\x1c\xcb\
\x45\x97\x5e\x27\xf7\x3f\xb8\x41\x5e\xb7\x64\x91\xdd\xfe\x8e\x93\
\xd0\xec\x24\x04\xea\x99\x67\x63\x83\x76\xfd\xbd\xce\x10\xd0\x5f\
\x6b\x42\x66\xde\x11\x7d\xd2\xdf\xdf\xd7\xf8\xb9\x94\xe5\xfd\xef\
\x3b\xbb\xf1\xf3\xa9\xff\x9c\xf4\xf7\xa5\x72\xd9\x9e\xd4\xb2\x37\
\x95\x7e\xbf\xa9\x89\x02\x00\x00\x70\xf8\x6c\x60\xbf\x67\xa0\x5e\
\x81\xa7\x2b\xf3\x26\x95\xc0\xf7\xe5\xa7\xdb\xfe\x9b\x3c\xb7\xe5\
\x05\xa9\x54\xca\xe2\xbb\x6e\xfd\xf7\x5b\x5f\x90\xce\xce\x4e\x5b\
\x65\xf9\xeb\xdf\x6c\xb7\xe7\x6a\x0d\x38\x7b\x1a\xab\xfb\xfa\x3d\
\x34\x41\x60\x67\x01\x24\xf5\xea\x01\xae\xb5\x66\x96\x26\x57\xc2\
\x30\xb4\x6d\x13\x3f\xf8\xce\x2d\x72\xca\xc9\xc7\xc9\x58\x2d\xb2\
\x3f\x07\x27\xe7\xc1\x7f\xe0\xfb\x4e\x92\x24\x8f\x94\x02\xef\x9c\
\xc6\xcd\xda\x52\xcc\x1b\xa4\x85\xe4\xf7\x1d\x88\xc3\xf2\x0b\xf3\
\x8b\xf2\x9b\x9d\x37\xd7\xc6\xc2\xf8\xfa\x8e\xc0\xbb\xa1\x1a\xc6\
\x35\xc7\x71\x72\x3b\x14\x50\xe9\x09\xca\x0e\xa4\x33\x46\x2e\xba\
\xec\x3a\xb9\xf7\xde\x75\xb2\xe4\x75\x8b\x6d\x96\x5b\xf7\xa0\xc5\
\xec\xc8\x4e\x44\xf6\xa4\xe4\xea\x1c\x01\xb1\x19\x6b\x3d\x69\xd5\
\x57\x18\x8c\x0c\x0d\x8f\xd8\x9f\x8b\xcd\x5a\xbb\xae\xbc\xfe\xc8\
\x25\x13\xa5\x6b\x4e\xe3\x67\x57\xca\x12\x05\xa5\x92\xbd\x30\x01\
\x00\x00\x87\xc7\xa4\x46\x02\xdf\x6b\x04\xf6\xdb\xa4\xb3\xa3\xa3\
\x7e\x8e\x35\xc6\x9e\xbf\x07\x06\x87\x26\x12\x03\x7a\xbe\xae\x94\
\xcb\xb6\x6f\x5f\xaf\x9b\xf4\x1c\x9e\xad\xec\x2b\x56\xf7\xe7\x2e\
\xf8\x1f\x18\x18\xb4\x43\xff\xee\xfe\xee\x57\xe5\x94\x93\x8f\x95\
\xd1\xf1\x9a\xbd\x3d\xcf\xd2\x34\x4d\xcb\xa5\xc0\x8d\x93\x64\x6c\
\xe7\x2b\x1e\x43\xff\x5a\x18\x09\x80\x36\x1a\x0a\x58\x8b\x12\x2d\
\xdf\x09\x24\xc7\x34\x90\xd4\x03\xa4\x06\x9f\x37\xdd\x7c\xbb\xdc\
\xfc\xf7\x77\xd8\x0c\xaa\xae\x42\x33\x17\x60\x6e\x4d\xce\x50\xef\
\xdd\xf3\x5f\xaf\x1a\x30\x53\x0e\x20\x59\xa2\x40\xbf\xea\x64\x61\
\x00\x00\x70\xf8\x34\xfd\x3e\x35\xb0\xaf\xdf\x2e\x76\x22\x7f\x7d\
\x35\xbf\x71\x5b\x9a\x36\x92\xf0\xf5\x07\x11\xec\xcf\x2d\xfd\x59\
\xec\xdc\xb9\x47\x4e\x3a\x61\xa5\x7c\xea\x13\x1f\x91\xe3\x57\xbe\
\x43\x46\xc7\x43\xdb\xbe\x91\x67\x69\x9a\x1a\xdf\xf7\x6c\x83\x67\
\x6a\xbc\x55\x65\x5f\x36\x30\xf4\xaf\x75\x71\x95\xde\x2e\x43\x01\
\xa3\x64\x5d\x11\x76\x06\x98\x7c\xb2\xaa\x94\x7c\xd9\xf8\x93\xa7\
\xe4\xfd\x6b\xae\x66\x87\x80\x9c\xd9\x57\xf9\xda\xbe\x86\x03\x02\
\x00\x80\x43\x57\x0f\xec\x5f\x1d\xcc\x13\xe0\xe7\x70\xd2\xff\xaa\
\x53\xe5\xae\x3b\xd6\x8a\xef\xb9\x32\x5a\x0d\x6d\x92\x26\xcf\x26\
\x26\xfe\x3b\x22\xb5\x28\x3d\xbb\xbb\x12\x3c\xcc\xd0\xbf\xd6\x46\
\x02\xa0\xc5\x69\xe9\x4e\xe3\x97\x4e\x98\xa4\x9b\x02\xcf\xcd\xfd\
\xce\x00\xd9\x09\x4d\xcb\xd0\x7b\xba\x2a\xec\x10\x00\x00\x00\x80\
\xe2\x4c\xfa\x77\x1c\x89\xe2\xfa\x20\xe5\xbc\x9b\x66\xe2\x3f\x43\
\xff\x5a\x1c\x09\x80\x76\xdc\x19\xc0\x38\x8e\x0e\x7a\x73\x1c\x27\
\xbf\xfb\x8f\x4c\xb3\x43\xc0\x95\xd7\x7e\x46\x7e\x74\xff\xc3\xb2\
\x68\xe1\x82\xc6\xb6\x34\x64\xbd\x01\x00\x00\xd0\x1c\x5a\xf9\xa8\
\x43\x94\x35\xe0\xbf\xf3\xf6\x2f\xcb\x19\xa7\x15\x63\xd2\x7f\xc6\
\x18\x13\x55\x4a\x7e\x50\x8d\x92\xf5\x1d\x25\x26\xfe\xb7\x8b\xdc\
\x07\x80\x38\x7c\x1a\xfc\x6b\x29\x4f\x67\xc9\x79\xa6\x16\x9b\x55\
\x8e\x23\x5a\xea\xa3\x1f\xfa\xdc\x0f\xf5\xf0\x5c\x57\xc6\xaa\xa1\
\xf4\xf5\xf5\xca\xb7\xbf\xfe\x25\x39\xef\xdc\x33\x64\x70\x68\xd8\
\x0e\xc5\xc9\x7b\x3f\x15\x00\x00\x00\x5a\x8f\x06\xfc\xda\xef\x3f\
\x3a\x3a\x66\xb7\x52\xfc\xfe\x9d\x37\xdb\xe0\x5f\x27\xfd\x4b\xc1\
\x82\xff\x30\x4a\x1e\xde\xfa\xac\x77\xae\x2e\x18\xea\x86\x13\xcd\
\x7e\x5e\x98\x7d\xf9\x7f\x77\x62\xc6\x64\x59\xbd\xfa\xf6\x80\xce\
\x3a\x11\xd7\x8b\xe2\xc4\xb8\x05\x38\x4a\xd9\xed\xe6\x1c\xc7\xce\
\x05\x78\x68\xe3\x26\x59\x7d\xe9\xb5\x76\x38\xa0\x6e\x55\xa7\xdb\
\xdc\x00\x00\x00\x00\x73\x51\xf2\xaf\x55\xa8\xdb\x7f\xb3\x5d\x2e\
\xb8\xe0\x1c\xb9\xf5\xa6\xcf\xc9\xbc\xfe\x5e\x1b\xfc\xeb\xc2\x55\
\x11\xe8\x76\x7f\x95\x92\xaf\x33\xc2\x1e\x2e\x05\xde\xaa\xc6\x4c\
\x49\x1d\x1e\x46\x79\x6d\x1b\xc8\x7d\xe0\x87\xd9\x4c\x02\xb8\xf7\
\x18\x23\xa5\x24\x4d\xb5\x45\x20\xf7\xef\x05\x3d\xd8\xea\xff\x1d\
\xe5\x40\x36\x3f\xf3\x53\xf9\xc2\x8d\x5f\x93\xc7\x37\x3d\x23\xf3\
\xe7\x1d\x41\x4b\x00\x00\x00\x00\x66\xbd\xe4\x7f\x6c\x6c\xdc\xee\
\xc8\x70\xf5\x9f\x5e\x2c\xd7\x5e\x7d\x99\x94\xcb\x81\x54\xab\x61\
\x61\x06\x21\x6b\xf0\x1f\xf8\xbe\x93\x24\xc9\x23\xa5\xc0\x3b\xbb\
\x11\xfc\xeb\x42\x5b\xee\x2b\x83\x31\x33\x72\x1f\xf4\x61\xe6\x19\
\x63\xca\x8e\xe3\xd4\xc6\xc2\xf8\xfa\x8e\xc0\xbb\xa1\x1a\xc6\x35\
\xc7\x71\xca\x52\x10\x71\x92\x48\x57\xa5\x24\x51\x9c\xc8\x9a\xcb\
\xaf\x93\x07\x1f\xfe\x89\x74\x77\x76\x8a\x1f\x78\x76\xfb\x40\x00\
\x00\x00\x60\xa6\xe8\x3a\x99\xb6\x9e\x0e\x0f\x8f\x4a\x5f\x6f\x8f\
\xdc\x76\xeb\x7f\x91\x53\xdf\x75\x5c\xa1\xfa\xfd\x55\x9a\xa6\x69\
\xb9\x14\xb8\x71\x92\x8c\xed\x7c\xc5\x5b\xf8\xfa\xd7\x3b\x63\x3a\
\x30\x9c\xe0\xbf\xbd\x14\xe3\xdd\x8a\x19\xdf\x1e\x50\xb7\x8e\x15\
\x91\x52\x18\x25\xf7\x34\xb6\x07\x8c\x1c\xc7\x09\xa4\x20\x74\x27\
\x00\xd7\xd5\x96\x80\x80\x96\x00\x00\x00\x00\xcc\x69\xc9\xff\xe8\
\x78\xcd\xae\xfa\x17\xa0\x88\xd6\xd2\xd9\x5f\x3a\x03\x4c\x7f\x95\
\x1a\x6f\x55\xd9\x97\x0d\xf5\xdc\x06\xdb\xfd\xb5\x9b\x62\xbc\x63\
\x31\x2b\x49\x00\xed\xf3\xd1\xe1\x80\x61\x94\xac\x2b\x62\x12\x80\
\x96\x00\x00\x00\x00\xcc\x96\x56\x28\xf9\x9f\x1c\xfc\x3b\x62\x8c\
\x0e\x04\xef\xae\x04\x0f\x6b\x0c\x40\xf0\xdf\x9e\x48\x00\xb4\x31\
\x2d\xf9\x69\xfc\xd2\x29\x6a\x12\x60\x6a\x4b\xc0\xea\xcb\xae\x93\
\x87\x1e\xf9\x89\x94\xcb\x65\x29\x97\x4b\xb6\x52\x00\x00\x00\x00\
\x38\x50\xd9\xaa\xbe\x06\xff\x5a\x5d\x7a\xdb\x2d\x9f\x97\x53\xdf\
\xf5\xce\xc2\x95\xfc\xef\x1d\xfc\x8b\x49\x8c\x7b\x56\x25\x70\x1e\
\x61\xbb\xbf\xf6\x56\x8c\x51\x95\x98\x15\x93\xfa\x7d\x8c\x4e\x00\
\xd5\x49\xa0\xba\x1d\x88\x6e\x0b\x22\x05\xe2\x6b\x76\xb6\x1a\x4a\
\x92\xa6\xf2\x83\x6f\xaf\x95\xef\x7f\xe7\x56\xe9\xee\xee\x94\x91\
\x91\x51\x7b\x00\x2f\x4a\x69\x16\x00\x00\x00\x9a\x4b\x57\xf6\xa3\
\x28\x96\xe1\xe1\x11\x39\xe3\xf4\x77\xc9\x8b\x5b\x1e\xb1\xc1\xbf\
\x96\xfc\x2b\x82\x7f\x14\x5d\x71\xde\xc1\x98\x35\xad\x52\x09\x50\
\x2f\xf9\xd7\xb9\x00\x9e\xec\xda\x3d\x28\xd7\xfc\xd9\xf5\xf2\xc0\
\x83\x8f\x4a\xa5\x52\xa1\x1a\x00\x00\x00\x00\x07\xb4\xea\x7f\xc4\
\x11\x7d\x72\xcb\x8d\x9f\x93\x33\x4e\x3d\x51\xa2\x24\xb5\x09\x81\
\x22\x95\xfc\x2b\x82\x7f\xec\x0b\x09\x00\xb4\x54\x12\x40\x69\xa0\
\x1f\x04\xbe\x04\x9e\x6b\x07\x04\x5e\x75\xdd\x67\x64\xcf\x9e\x41\
\xe9\xec\xec\xb0\xf7\x33\x1b\x00\x00\x00\x00\x19\x0d\xee\x6b\xb5\
\x50\xaa\xd5\xaa\x9c\x7d\xd6\x29\xf2\x95\x2f\xfe\xa5\xcc\x9f\xd7\
\x27\xd5\x50\x17\x8f\x4c\xe1\xaa\x49\x09\xfe\xb1\x3f\xc5\x7a\x37\
\x63\x56\xb5\x52\x12\x60\x7f\xd5\x00\x95\x4a\xd9\x26\x09\x48\x04\
\x00\x00\x00\xb4\x77\xe0\xaf\xd7\x83\xa3\xa3\x63\x2d\xb1\xea\xaf\
\x08\xfe\xf1\x5a\x48\x00\xa0\x65\x93\x00\x53\xab\x01\xd6\x6f\xd8\
\x24\x57\x7f\xfc\x33\xb2\xfd\xe5\x1d\xd2\xdf\xd7\x6b\x0f\xea\xb4\
\x05\x00\x00\x00\xb4\x17\x5d\xd1\xf7\x7d\x5f\x06\x06\x87\x24\x4d\
\x12\x39\x67\xd5\xa9\x85\x5f\xf5\x57\x04\xff\x38\x10\xc5\x7b\x67\
\x63\xd6\xb5\x5a\x12\x60\x72\x35\xc0\x8e\x5d\x83\xf2\xad\x3b\x7f\
\x20\x37\xdd\xf2\x4d\x19\x1c\x1c\xb2\x93\x5d\xb3\xed\x04\x01\x00\
\x00\xd0\xda\x5c\xd7\x95\x38\x8e\x65\xe7\xce\xdd\x72\xfa\x69\x27\
\xcb\x35\x57\x5e\x22\x27\x1e\xbf\x42\xf4\x52\x30\x8c\xa2\x42\xae\
\xfa\x2b\x82\x7f\x1c\x28\x12\x00\x68\x8b\x24\x80\xd2\x5d\x02\x02\
\x5f\xab\x01\x1c\xd9\xf4\xd4\x56\xb9\xf1\xe6\x6f\xc8\xe6\xa7\xb7\
\xda\x0a\x01\x6d\x0d\xa0\x2d\x00\x00\x00\xa0\xb5\xcb\xfd\x75\x97\
\xa8\xd7\x2d\x59\x24\x6b\x2e\x3a\x5f\x3e\x71\xcd\x87\xa5\x1c\x78\
\x32\x5e\x8b\x45\x17\xfc\x8b\xb8\xea\xaf\xd2\x34\x4d\x7d\xdf\x13\
\x47\x8c\x49\x8c\x47\xf0\x8f\xfd\x2a\xe6\xbb\x1c\xcd\x4c\x02\x68\
\x5d\x94\x57\xd4\x03\xa4\x1e\xf8\xe3\x24\x91\xee\x8e\xb2\xfd\xfd\
\xfa\x0d\x4f\xc8\xd5\x1f\xff\xac\x6d\x0b\xe8\xee\xea\x92\x52\x29\
\xd0\x83\x68\xb3\x9f\x26\x00\x00\x00\x66\x40\xb6\x25\xb4\x6e\xeb\
\x97\xa6\xc6\x96\xfb\xdf\xf4\x85\xeb\x65\xc1\xfc\x7e\xa9\x45\x89\
\x5d\x00\x2a\xea\xaa\xbf\x4a\xd3\x34\x29\x97\x02\x4f\xbf\xd6\xe2\
\x74\x55\x77\x25\x78\x98\xe0\x1f\xfb\x53\xcc\x28\x0e\xcd\x48\x02\
\xb8\x61\x94\xdc\x57\x0a\xbc\x33\x6b\x51\x9c\xa6\xa9\x71\x5c\xd7\
\x75\x8a\x5c\x0d\xa0\xfb\xb8\x56\x4a\xbe\xec\xd8\x3d\x28\xdf\xfc\
\xf6\x0f\xe4\x5b\x77\xde\x23\xdb\xb7\xbf\x22\xdd\xdd\x5d\xf6\x44\
\xc1\x7c\x00\x00\x00\x80\x62\xd2\x6b\x39\x0d\xec\x75\xb2\xbf\x0e\
\xf4\x3b\xe1\x9d\xcb\xe5\xaa\x8f\xac\x91\x93\x4e\x58\x29\x5a\xef\
\xa9\x53\xff\xf5\xfe\xa2\x2e\x6a\x29\x63\x4c\x52\x29\xf9\x5e\x92\
\xa6\xbb\xe3\x28\xbd\xa8\x52\x09\x58\xf9\xc7\x6b\x2a\xee\x3b\x1e\
\x73\xc6\x18\xa3\xef\x13\xc7\x71\x9c\xb4\x5a\x8d\xce\x74\x7d\xe7\
\x3e\x11\xc7\x4d\x92\x54\x6f\xcc\x12\x04\x85\x4d\x04\x94\x83\x40\
\x3c\x57\x64\xe7\xae\x01\xb9\xf6\x53\x7f\x29\xf7\xaf\xdb\x28\x9a\
\xdb\xe8\xe9\xe9\x26\x11\x00\x00\x00\x50\xc8\xc0\xbf\x26\x23\xa3\
\xa3\xb2\x64\xf1\x42\xb9\xf9\xcb\x7f\x25\x67\x9e\x76\x92\xbd\xbf\
\x1a\xc6\x13\x8f\x2b\x32\x63\x4c\x54\x29\xf9\x41\x98\xa4\x0f\xbf\
\x3c\x32\xbc\xfa\x77\xfa\xfb\x77\x1b\x63\xb4\x4a\x97\x0b\x57\xec\
\x57\xb1\xdf\xf9\x98\x53\xd9\x41\x65\xa4\x1a\x9d\x5e\xf6\x9d\x75\
\x3a\x1f\x35\x8e\x13\x1d\xa6\x52\xe8\x24\x80\xb6\x05\x68\x90\x5f\
\x2e\x97\xec\x07\xe2\x89\x27\x9f\x95\x5b\x6f\xbb\x53\x9e\x78\x72\
\x8b\xa4\x26\x95\x5e\x12\x01\x00\x00\x00\x85\x09\xfc\x87\x47\x46\
\xe4\x4d\xbf\xf3\x06\xb9\x64\xcd\xfb\xe4\xd2\x0f\x5d\x28\x0b\xed\
\x74\xff\xd8\xb6\x00\xe8\xa0\xbc\xa2\x9b\x08\xfe\xa3\xe4\xe1\x52\
\xe0\xad\xd2\xeb\x73\x82\x7f\x1c\x28\x12\x00\x38\x28\x59\x59\x51\
\x3d\x09\xe0\xae\x73\x5d\xd7\xab\x85\x51\xa2\x5f\xa5\xe0\xb2\x01\
\x80\xda\x16\xa0\xbf\xfa\xf1\x13\xcf\xc8\x57\x49\x04\x00\x00\x00\
\x14\x2f\xf0\x5f\x73\x81\x2c\x9c\xdf\x2f\x49\x2a\x52\xd3\xe9\xfe\
\xc5\x5e\xaf\x9a\x7c\xad\x6a\xcb\xfe\xb3\xe0\xdf\xee\x59\x58\x7f\
\x1d\x18\x62\x85\x03\x42\x02\x00\x87\x9c\x04\xa8\x56\xa3\xf7\xf8\
\x81\xfb\x5d\xcf\x75\xe7\xe9\x70\x40\xc7\x71\x0a\x9f\x04\xc8\xda\
\x02\x1c\x71\xa4\xa3\x4c\x22\x00\x00\x00\xa0\x90\x81\xbf\x11\x7b\
\x5f\xd1\xfb\xfc\x33\x3a\x80\xcb\x75\x1d\x53\x0e\x7c\x9d\xcb\xb5\
\xbe\x14\x78\xe7\xea\xcd\x7a\x1f\xc1\x3f\x0e\x46\xf1\x3f\x0d\x68\
\x8a\xac\xcc\xe8\x5f\x07\x06\xe6\x2d\xee\xee\xf9\x4e\xc9\x73\x0b\
\xbf\x4d\xe0\x54\x24\x02\x00\x00\x00\xf2\xa5\xdd\x02\xff\xc9\xdb\
\xfc\x89\x31\x69\x9a\x98\x73\x2b\x95\x60\x7d\x63\x50\xb7\x71\x1c\
\x87\x3d\xac\x71\x50\x5a\xe3\x53\x81\xa6\x26\x01\xf4\x6b\xab\x6c\
\x13\x38\x1d\x12\x01\x00\x00\x00\xcd\xd5\x8e\x81\xff\x7e\xb6\xf9\
\xa3\xdf\x1f\x87\xac\x75\x3e\x1d\xc8\xd5\x36\x81\xda\xa2\x54\xf4\
\x1d\x02\x0e\x25\x11\xa0\xf3\x10\x35\x11\x90\xcd\x13\x00\x00\x00\
\xc0\xa1\xd3\xde\x7d\xc7\x75\xdb\x2e\xf0\x57\x6c\xf3\x87\xd9\xd0\
\x5a\x9f\x12\x34\x7f\x9b\xc0\x28\x3a\xd3\x75\x9c\xfb\x3c\xd7\xf3\
\x5b\x65\x38\xe0\x01\x27\x02\x36\x6f\x91\xea\x78\x55\xfa\xfa\x7a\
\xa4\x5c\x2e\x8b\x49\x53\xfb\x58\x00\x00\x00\x1c\xfc\x6a\x7f\x9a\
\xa6\x32\x3c\x3c\x22\xb5\x30\x94\xdf\x7d\xd3\x1b\xe5\xe2\xf6\x09\
\xfc\x7f\x3b\xec\x8f\x6d\xfe\x30\xc3\x5a\xeb\xd3\x82\xdc\x6c\x13\
\x58\x09\xdc\xef\xb4\xda\x70\xc0\xfd\x25\x02\xd4\xa3\x8f\x3f\x23\
\x4f\x3f\xfb\xbc\xdc\xf7\xc0\x06\xf9\xdf\xff\xe7\x5f\xec\xb6\x82\
\x3d\xb4\x07\x00\x00\x00\x1c\x44\xe0\xef\x4a\xad\x16\xca\xe0\xe0\
\xb0\xbd\x96\x3a\xed\x94\x13\x65\xc5\x31\x4b\xe5\x82\xf3\x56\xc9\
\x92\x45\xf3\x5b\x3a\xf0\x57\xc6\x98\x54\xff\x59\x93\x87\xfd\x39\
\x8e\x13\x13\xfc\x63\xa6\xb4\xde\xa7\x06\x79\x1c\x0e\xd8\x72\x73\
\x01\xa6\x26\x02\x5c\xc7\xb1\xdb\x07\xaa\x97\x5e\xd9\x25\xf7\xfc\
\x70\x9d\x3c\xb7\x75\x9b\x6c\x78\x74\x93\xad\x12\xe8\xea\xec\x90\
\xc0\xd7\x8a\x01\x23\x89\xee\x47\x03\x00\x00\x00\x1b\xc4\xfb\x9e\
\x27\x71\x92\x48\x14\x45\x32\x3c\x3c\x2a\xbf\xf7\x7b\x6f\x92\x3f\
\x39\xfb\x34\x39\x6e\xe5\xd1\xf2\xc7\x27\x1f\x6b\x03\x96\x58\xb7\
\xf3\xab\x85\x36\x41\xd0\xaa\xd7\x94\x59\xbf\x7f\x92\x26\xda\x4f\
\x7b\x6e\x25\x98\x18\xf6\xc7\xa4\x7f\xcc\x98\xd6\xfc\xf4\x20\x2f\
\xc3\x01\xfd\x89\xb9\x00\x61\x9c\xa6\x7a\x04\x6b\xc1\x96\x80\x8c\
\x06\xf6\xc6\xa4\xb6\xfc\xdf\x77\x45\x74\x10\xc2\xe3\x9b\x9e\x95\
\x5b\xbe\x76\xa7\x6c\xfb\x87\x7f\x92\x5d\xbb\xf6\x88\xe7\x7b\xcc\
\x0a\x00\x00\x00\x6d\x2f\xeb\xed\xaf\xd5\x6a\xb2\x67\x60\x50\xfa\
\xfb\x7a\x65\xe1\xc2\xf9\xb2\xe6\x03\xe7\xc9\x25\x1f\xba\x40\x16\
\xcd\xef\xb7\x8f\xab\x86\xb1\xbd\xc6\x6a\xe5\xc0\x5f\xaf\x07\xb5\
\xaf\xbf\x1c\x78\x81\xf6\xfb\x57\xa3\x74\x35\xc3\xfe\x30\x5b\x5a\
\xf3\x53\x84\xa6\x9b\x9c\xad\x8c\x22\x73\x86\x91\xe4\x81\xc0\xf7\
\xbc\x6a\x18\xc7\x8e\xe3\xd4\x97\xca\x5b\x94\x1e\xc4\xb3\x13\x95\
\x56\x05\x68\x88\xff\xab\x5f\xbf\x2c\xf7\xad\x7b\x44\x9e\xdd\xf2\
\x82\xad\x0a\xd0\x0c\x76\x6f\x6f\x8f\x04\x81\x3f\x91\xf5\x26\x19\
\x00\x00\x00\x5a\x99\x0d\xe2\xc5\x91\x30\x8a\x64\x7c\xbc\x2a\xd5\
\x5a\x28\xff\xee\xdf\xfe\x1b\x39\x77\xd5\x69\x72\xfc\x3b\x97\xcb\
\x3b\x8e\xfa\x23\xe9\xeb\xe9\x9a\x28\xf3\xd7\x79\xd2\xfa\x67\x5a\
\x59\x9a\xa6\x76\x2b\xbf\x4a\xc9\x77\xb5\xdf\x7f\x7c\x64\x78\x75\
\x3f\xfd\xfe\x98\x45\x24\x00\x30\xeb\x89\x00\x4d\x02\x8c\x47\xd1\
\xbb\x4a\xbe\xff\x29\x57\xe4\xdd\xd5\x50\x8b\xb8\xb4\x6a\xbe\xf5\
\xdf\x7e\x9a\x08\x70\x5d\xc7\x06\xfa\x9e\x23\x36\x19\xf0\xd8\xe3\
\xcf\xc8\x53\xcf\x6c\x95\x75\x0f\x3d\x26\x2f\xbd\xf4\x8a\x0c\x0d\
\x0d\x4b\x5f\x5f\x2f\xc9\x00\x00\x00\xd0\xf2\x41\x7f\x1c\x27\x32\
\x6f\x5e\xbf\xac\x58\x7e\x94\xac\x3c\x66\xa9\xbc\xef\xbc\x55\xf2\
\xba\x45\xf3\xed\x63\xa3\xc4\xd8\x36\x00\xad\x94\x6c\x87\xeb\x44\
\x2d\xf9\xaf\x94\x03\x2f\x8a\x93\xd8\x31\xf2\xb9\x20\xf0\xfe\x9a\
\x7e\x7f\xcc\xb6\xd6\xff\x64\xa1\xe9\x36\x99\x4d\xfe\x89\xce\x89\
\xf1\xbd\xf7\x1a\xef\xec\x73\xd3\xfb\x03\xcf\x6d\x8b\x96\x80\xfd\
\x55\x05\xa8\xc1\xa1\x11\xf9\xe9\x8b\x3f\x97\x27\x9f\x7c\x4e\xd6\
\x3d\x4c\x32\x00\x00\x00\xb4\x78\xd0\x7f\xcc\x52\x39\x76\xc5\x32\
\x39\xf7\xec\xf7\xc8\xeb\x8f\x5c\x2c\xee\x44\x6f\x7f\xcd\xb6\x03\
\xe8\x4c\xa5\x76\x08\xfc\x27\x97\xfc\xc7\x49\xba\xbb\x16\x4f\x94\
\xfc\xeb\x4b\x62\x2b\x02\x9a\xfd\x1c\xd1\xba\x5a\xff\x13\x86\x5c\
\xd0\x4c\x66\xe3\x80\xd6\x76\x2d\x01\xd3\xcf\x0a\x30\x52\x2a\x07\
\x12\xb8\xce\x81\x25\x03\x7c\xaf\xfe\xe7\xd2\xd4\x56\x11\x00\x00\
\x00\xe4\x6d\xdb\x3e\x31\xe6\x80\x82\x7e\x2d\xf1\x8f\x22\xed\xed\
\x4f\x5a\x76\x9a\xff\xc1\x96\xfc\xbf\x60\x5e\x08\x8e\x72\x8e\x8a\
\x9a\xfd\xfc\xd0\xfa\xda\xe7\xd3\x86\xbc\xb7\x04\x38\x4a\xda\x88\
\x26\x01\xd2\xd4\xbc\x66\x32\x60\xfb\xf6\x57\x64\xcf\xc0\x90\xdd\
\x49\xa0\x52\x29\x4b\x29\x08\xf4\xd5\x9a\xd8\x5a\x90\x0a\x01\x00\
\x00\x30\x97\xf4\x92\x2d\xdb\xb2\x4f\x03\x7d\x2d\xdb\x1f\x1a\x1e\
\x11\xcf\xf5\x08\xfa\xf7\xc3\x18\x13\x57\x4a\xbe\x1f\x52\xf2\x8f\
\x26\x6a\xbf\x4f\x1e\x72\xd9\x12\xa0\x3d\x5f\x49\x92\x24\x8e\xe3\
\xb4\x45\x4b\xc0\x01\x27\x03\x86\x47\x65\xcb\xf3\x2f\xca\x0b\x2f\
\xfc\xa3\xfc\xf3\xff\xfc\x5f\xf2\xd4\xd3\x5b\x65\xcf\x9e\x41\x49\
\xd2\xc4\xee\x26\xa0\x27\x4f\xdd\x23\x57\x3f\xca\x24\x04\x00\x00\
\xc0\x4c\xcb\x02\xf5\x2c\xe0\xd7\x20\x3e\x4d\x53\x3b\xa4\x6f\x74\
\x6c\x5c\x8e\xe8\xef\x95\xc5\x8b\x16\xca\xf9\xef\x3d\x53\xfa\x7a\
\x7b\xe4\xbc\x73\xcf\x90\xd7\xbd\x6e\x21\x41\xff\x24\xa6\x5e\xf3\
\x2f\x95\xc0\x73\x28\xf9\x47\xb3\xb5\xe7\xa7\x10\xb9\x6b\x09\x10\
\x27\xfd\xb6\xef\xb9\xf3\xab\x9a\x09\xa8\xf7\x45\xb5\xed\x7b\x73\
\x72\x32\x40\x83\x7b\xdd\x52\x50\x1a\x27\xd1\xed\xdb\x77\xc8\x0f\
\xef\x7b\xc8\xb6\x07\xdc\xfd\xa3\xf5\x32\x3e\x3e\x2e\xbf\x79\xe9\
\x65\xfb\xd8\x2c\x21\xa0\x27\x58\x6d\x1b\xc8\x5a\x0d\xb2\xef\x09\
\x00\x00\xf0\x5a\xb2\x4b\x30\x5b\xd2\x2f\xc6\xee\x5c\xa4\xb7\xd9\
\x80\x7f\x74\x4c\x16\x2c\x98\x67\xab\x11\x57\xac\x58\x26\x6f\xfd\
\xfd\x37\xcb\x51\x47\xfd\x07\x59\x71\xf4\xdb\xa5\xb7\xa7\xcb\xfe\
\x39\x2d\xeb\x0c\xed\xd6\x7d\xed\x1d\xf4\x67\x8c\x31\x89\xe7\x79\
\x5e\xe0\x39\x12\x26\xe9\xfa\x1d\xa3\x23\x17\xbf\xa1\xaf\x6f\x17\
\x25\xff\x68\x96\xf6\xfe\x44\xa2\xe9\x8c\xd1\x1c\x80\x63\x06\x07\
\x07\xe7\x57\xba\xba\xef\x28\x51\x0d\xb0\x17\x0d\xdc\xed\x00\xc1\
\x34\x15\xdf\xf3\xa5\x54\xf2\x6c\x46\x5d\x0d\x0c\x8d\xda\x04\x80\
\x26\x02\x86\x87\x86\xe5\x07\x3f\x7c\x50\xa2\x30\x94\xc1\xe1\x11\
\xd9\xbd\x6b\x8f\x74\x75\x75\xda\x96\x81\x2c\x91\x90\x7d\xdc\xb3\
\x4a\x81\xec\xfb\x03\x00\x80\xf6\x53\x0f\xcc\x8d\xb8\x8e\x6b\x07\
\xf0\xe9\x6f\xb3\xd5\x7a\xbd\x3e\xd0\x92\x7e\x7d\xcc\x1b\xdf\x70\
\xa4\x0d\xfe\xb5\xa4\xff\x2d\xbf\xff\x66\x59\xb6\xec\x6d\xb2\xec\
\xed\x6f\x95\xee\x9e\x1e\x29\x35\x56\x29\xec\x20\xbf\x30\xb4\x33\
\x00\x08\xfa\xa7\x5d\xf5\xdf\x25\xc6\xfd\x50\x10\x38\x0f\x35\xee\
\xa3\xe4\x1f\x4d\xc3\xa7\x13\x4d\x37\xf9\x20\x48\x35\xc0\x81\xec\
\x26\xa0\x2f\x55\xbd\xf4\x5f\x5f\x19\xdd\x5e\x50\xed\xda\x33\x24\
\x9e\xeb\xc8\xf3\x2f\xfc\xa3\xfc\xec\x67\xff\x28\xff\xfc\x3f\x7e\
\x21\xcf\x3c\xf7\x33\x9b\x04\xf8\x7f\xbf\xfa\x8d\x2d\xd7\xd3\xe9\
\xba\x3d\x8d\x4a\x01\xb5\xaf\xc4\x40\xf6\x77\x01\x00\x80\xe2\x9a\
\x7c\x09\x65\x27\xec\x4f\x0a\xf4\xb5\x77\x5f\xb7\x2a\xd6\x81\x7d\
\xba\xca\xaf\x8b\x0d\xf3\x8e\xe8\x97\xbe\xde\x6e\x09\x4a\x25\xb9\
\xf0\xbc\xb3\xa4\xa7\xb7\xc7\x7e\xf5\x7d\xbf\x3e\x98\xb8\x71\xd1\
\xa1\x55\x89\xf5\xde\xff\xb8\x3e\xf1\xbf\x4d\xa6\xf7\x1f\xea\xaa\
\x7f\x75\x74\xe4\xe2\xbe\xbe\xbe\x5d\xba\xf0\xa5\xf7\x53\xf2\x8f\
\x66\xe2\x93\x8a\x5c\x98\x7c\x40\xa4\x1a\xe0\xc0\x64\x01\xfa\xe4\
\x84\x80\xca\x5a\x06\xf4\xb5\x1b\x1c\x1c\xb2\x27\xe8\xbb\xee\xb9\
\xdf\x0e\xe8\x89\xa3\x58\xee\xba\xe7\x01\x09\x35\x4b\x2f\x22\xbf\
\xfa\xf5\x4b\xaf\x4a\x0c\xe8\x77\x75\xa6\x24\x07\x32\x53\x93\x04\
\xd3\x3d\x1f\x00\x00\x30\x3b\xf6\x15\x64\x67\xc1\xfd\x6f\x1f\xd7\
\x08\xf2\x1b\xe7\x6d\xbd\x7f\xef\x40\xbf\xcf\x06\xfb\x23\xa3\x63\
\xb2\x72\xf9\x51\x72\xf4\xb2\xb7\xc9\xd0\xd0\x88\x1c\xbb\x72\x99\
\x2c\x7b\xfb\x1f\x4a\x92\x1a\x99\x7f\x44\xef\x44\xb0\xaf\x08\xf8\
\x5f\x1b\xab\xfe\x28\x02\x3e\xb9\xc8\x15\xaa\x01\x0e\xdd\xe4\x7e\
\x7f\xed\xff\xcf\xb6\x0f\x54\x59\x95\x80\xda\x3d\x30\x6c\xbf\x6a\
\x12\x40\x93\x01\x7b\x25\x06\x6a\x35\x71\x3d\xdd\x72\x30\x91\x5f\
\xff\x66\xbb\x4d\x0e\xe8\x3e\xbe\x46\xec\x6b\x3f\x31\x67\x60\xaf\
\xbf\x77\x3f\x09\x03\x00\x00\x70\xf8\x26\x07\xf4\x93\xcf\xb4\x7a\
\xea\xcf\x56\xf1\xab\xb5\x9a\x3d\x67\xeb\x7f\x7a\x1e\xd7\x00\xbf\
\xbf\xaf\xd7\xfe\x61\xbd\x5f\x27\xf3\x67\x81\xfe\xca\x95\xcb\xe4\
\xe8\xa5\x7f\x24\xd5\x5a\x28\xf3\xe7\xcf\x9b\x58\x3c\x50\x76\x6f\
\x26\x11\x9b\x2c\xd0\xb3\x7c\x7d\x16\xc0\xbe\x93\x0f\xa8\x63\xd5\
\x1f\x45\xc1\x27\x19\x45\xab\x06\xd0\x61\x29\x3e\x89\x80\x43\xa9\
\x12\x90\xbd\x2a\x05\x26\xb7\x0f\xa8\x3d\x83\x23\xf6\x71\x9a\x00\
\xd0\x44\xc0\xf7\xef\x79\xc0\xf6\xf3\xe9\x4b\xad\xfd\x81\xfa\xeb\
\xef\x67\x49\x02\xd7\xb5\x81\x7f\x46\x13\x05\x93\x13\x06\x00\x00\
\x60\x86\x4c\x09\xe8\xed\xb9\xbd\x71\x19\xa4\xe7\xe7\xb1\xf1\x71\
\x1b\xdc\xbf\x63\xe9\x1f\x49\x14\x27\xe2\xf9\x9e\x8c\x8d\x8d\xcb\
\x8a\xe5\x47\xd9\xdb\x74\xe5\x3e\x35\xc6\xfe\xf9\xa9\x81\xbe\x7e\
\x1b\xbd\x3f\x8e\xe3\xfa\x5f\xe5\xba\xb6\x5a\xc0\xfe\x9a\x4b\xad\
\x03\x0e\xfc\xf5\x47\x51\x29\xf9\xac\xfa\xa3\x10\xf8\x64\x23\xb7\
\x26\x1f\x34\xab\xd5\xe8\x4c\xcf\x77\xef\xd0\x6a\x80\x50\x4f\x64\
\xa9\xa1\x2d\xe0\x10\x4d\x2e\xd5\x9f\x9a\x18\xa8\x8f\x03\x7a\x75\
\x72\x60\x72\x92\x40\x83\xfc\x89\xef\xa5\x67\x3c\xd7\xdd\x2b\x61\
\xa0\x17\x23\x5a\x31\x00\x00\x00\x0e\x9f\x9e\x67\x27\x07\xf4\x51\
\x1c\xdb\x73\xad\xe5\xd4\xb7\x01\x9e\x1a\xdc\xef\x15\xe4\xdb\xc7\
\x11\xe8\xcf\x4a\xb9\xbf\x48\x5c\x29\xf9\x81\xfe\x3e\x4c\x92\xf5\
\xd5\xd1\x51\x56\xfd\x91\x7b\x7c\xe2\x51\xa8\x6a\x80\x8e\xae\xae\
\xab\x8c\x91\xcf\x96\x7c\xcf\x1b\xaf\x45\xba\x85\x00\x6d\x01\x33\
\x64\x6a\x0f\xff\xab\xfb\xfd\xf7\x4e\x12\xec\x75\xcf\x3e\x12\x06\
\x00\x00\x60\xe6\x64\xab\xf6\x93\x4f\xd9\x53\x57\xf1\x27\x6e\x9f\
\x14\xe4\xd7\x1f\xc7\x89\x7a\x26\x57\xfd\x7d\xdf\xf3\x7c\xd7\x91\
\x34\x95\xc7\x52\x57\xbe\x14\x38\xce\x63\x8d\xfb\x58\xf5\x47\xae\
\x71\x24\x40\x21\x18\x73\xaf\xe7\x38\xe7\xdb\x83\xe9\x78\x14\xbd\
\xbb\xe4\xfb\x9f\x48\x53\x73\x8a\xfe\x3e\x8e\x69\x0b\x98\x2b\xfb\
\x1b\xf4\xb7\xbf\x01\x81\x00\x00\xe0\xf0\x4c\x0d\xe8\xf7\xba\x8f\
\x4b\xa0\x39\x2f\xf7\x8f\xe2\x74\x97\x38\xe6\xe6\x07\xee\xf3\x3e\
\x77\xfe\xf9\x4e\xc2\xaa\x3f\x8a\x82\xa3\x05\x0a\xa3\x71\x60\xd5\
\x40\x3f\x6a\x0c\x09\x3c\x53\x9c\xd4\xb6\x05\xe8\x84\xda\x28\x8a\
\x69\x0b\x00\x00\x00\xc0\x6c\x94\xfb\x8b\x06\xfe\xfa\x35\x8c\x92\
\xf5\xd5\x71\xef\xe2\xbe\x3e\x67\x57\xe3\x7e\x56\xfd\x51\x18\x24\
\x00\x50\x38\x7a\x90\xd5\xb9\x73\x9a\x61\x1d\x18\x30\xf3\x3a\xbb\
\x93\xab\x8d\x91\x8f\x95\x7c\x6f\x5e\x35\x8c\x4d\xe3\x3e\x12\x01\
\x00\x00\x00\x38\xec\x3e\x7f\xdf\xf7\x02\x1b\x34\x19\xf3\xa8\x31\
\xee\x8d\x41\xe0\x3c\xda\xb8\x5f\xfb\xff\x63\x56\xfd\x51\x24\x24\
\x00\xd0\x12\x6d\x01\x76\xb7\x80\x8e\xae\x3b\x4a\x81\x77\xa6\xfe\
\x7e\x3c\x8c\xb5\x5c\x80\x44\x00\x00\x00\x00\x0e\x25\xf0\x4f\x82\
\xc0\xf7\x75\xc6\x51\x63\xba\xff\xc5\x41\xe0\xac\x6f\xdc\x4f\xb9\
\x3f\x0a\x8b\x04\x00\x5a\xad\x2d\xe0\x14\xd7\x95\x6b\x8d\xc8\xa9\
\x9e\x2b\xd2\xa8\x08\x60\x50\x20\x00\x00\x00\x0e\xa8\xcf\x3f\x08\
\x7c\x4f\x03\xff\x30\x4e\x76\x8b\x38\x37\x8f\x8f\xba\x6b\xfb\xfb\
\x9d\xdd\x8d\xeb\x4e\x97\x72\x7f\x14\x19\x41\x11\x5a\xc2\xd4\x4c\
\xac\x31\xe6\x94\x34\xd5\x44\x80\x39\xd5\xd6\x6e\x31\x28\x10\x00\
\x00\x00\x07\x30\xe0\x4f\x03\x7f\x63\x64\x6d\x75\xcc\xbb\x59\x03\
\xff\xa9\x95\xa7\x40\x91\x11\x0c\xa1\xa5\xdc\x7b\xaf\xf1\xce\x3b\
\xaf\x3e\x1f\x60\x1f\x83\x02\x75\x8f\x1c\x1d\xd4\xc2\x7b\x1f\x00\
\x00\xa0\xcd\x69\xe0\x6f\x44\xdc\x8e\xbd\x06\xfc\x8d\x5e\xdc\xd7\
\xd7\x97\x0d\xf8\xf3\xb5\x1d\x80\x72\x7f\xb4\x0a\x82\x20\xb4\xc5\
\xa0\xc0\x8e\xae\xf4\x63\x22\xe6\x6a\x1d\x14\x48\x22\x00\x00\x00\
\x40\xda\xbd\xc7\x3f\xcd\x02\xff\x24\x35\xe2\x88\xb3\x31\x4d\xe5\
\x26\x06\xfc\xa1\xd5\x11\xfc\xa0\xa5\x4d\x2e\xd7\x9a\xba\x63\x40\
\xaa\x59\x5e\x76\x0d\x00\x00\x00\x68\xab\xe1\x7e\x9e\xe7\xf9\x81\
\xe7\x88\x2e\x0a\x89\x91\x8d\x9e\x2b\x37\x39\xce\x44\xe0\xcf\x80\
\x3f\xb4\x34\x12\x00\x68\x79\x8d\x03\xb9\xae\xf6\xc7\x59\x22\xa0\
\x51\x11\x70\xa5\xef\x7b\x0b\x5c\x76\x0d\x00\x00\x00\x68\xf9\xc0\
\xbf\x54\xf2\x7d\xbd\xee\x8b\xe2\x64\xc8\x73\xbd\xe7\xa6\xac\xf8\
\x3b\x3f\xfc\xa1\xb8\xe7\x9f\xcf\x80\x3f\xb4\x36\x12\x00\x68\xdb\
\x44\x80\x31\xa6\x37\x8e\x65\xb9\xe3\xa6\xd7\x89\x38\xa7\x78\xae\
\x93\x25\x02\xf4\xc0\x4f\x7b\x00\x00\x00\x40\xd1\xfb\xfb\x8d\x31\
\xa5\x52\x60\xb7\xf3\xd3\xe1\x7e\x49\x92\xae\xed\x28\x07\xb7\x3a\
\x8e\xb3\xb3\xf1\x18\x02\x7f\xb4\x15\x02\x1c\x48\xbb\x27\x02\xf6\
\xda\x35\xc0\x91\x53\xf5\x04\xc1\x9c\x00\x00\x00\x80\xe2\xf6\xf7\
\x67\x13\xfd\xf5\xb6\xfa\x76\x7e\xe6\xe6\xf1\x51\xdf\x6e\xe7\xd7\
\x78\x1c\x5b\xfa\xa1\x2d\x11\xd8\xa0\x6d\x65\x19\xdf\x29\xbb\x06\
\x9c\xe2\xba\xf2\xce\x30\x8e\x3f\x5c\x29\xf9\x0b\x98\x13\x00\x00\
\x00\x50\xbc\xfe\x7e\xbb\x0d\x74\x92\x3e\x9a\xa6\xe6\xa9\xb0\xea\
\x7d\xbd\xb7\x77\x62\xc5\x9f\xa9\xfe\x68\x6b\x24\x00\x80\x69\xb6\
\x0f\x34\xc6\xcc\x0b\xe3\x69\xe7\x04\xd0\x1e\x00\x00\x00\x90\xb3\
\x32\xff\x72\x39\x98\xd2\xdf\x1f\xdf\x14\x04\xc1\xa3\x93\x1e\x47\
\xe0\x0f\x90\x00\x00\xa6\xdd\x3e\xd0\x99\x76\x4e\x80\xe3\x9e\x32\
\xd1\x1e\x10\xc6\xb1\xee\x17\xd3\x28\x1d\xe3\x73\x04\x00\x00\x30\
\xc7\xab\xfd\xba\x28\x33\xb9\xcc\x7f\xba\xfe\x7e\x7d\x0c\x81\x3f\
\xf0\x5b\x04\x2e\xc0\x01\xce\x09\xc8\xda\x03\xa2\x24\xb9\xbc\x1c\
\x78\x0b\xf5\xb6\x38\x15\x89\x63\x66\x05\x00\x00\x00\xcc\x51\x6f\
\xbf\x17\x04\xbe\xe8\xa2\xcc\x7e\xca\xfc\xe9\xef\x07\xf6\x81\x80\
\x05\x38\xc8\x39\x01\x43\x43\x43\x0b\x2b\x9d\x9d\x97\x89\x38\xc7\
\x8b\x31\x2b\x03\xdf\xeb\xce\x66\x05\x68\x19\x9a\xce\x0a\x20\x19\
\x00\x00\x00\x30\x63\x41\xbf\xf1\x3c\xdf\x0f\xbc\xfa\x6f\xc2\x30\
\x7e\xa5\xe4\xfb\xdf\x74\x5d\x79\xd2\x71\x9c\xc7\x26\x3d\x9e\x32\
\x7f\xe0\x35\x10\xa4\x00\x87\xd8\x1e\xd0\xb8\x6d\x41\x2d\x4a\xae\
\x74\x5d\xe7\x2a\xcf\x73\xed\xac\x80\xc6\x0e\x02\x7a\x5f\x4c\x32\
\x00\x00\x00\xe0\xd0\x82\x7e\x5f\xe9\xc5\x55\xa3\xb7\xdf\x75\x9d\
\x2d\xc6\x75\xbf\xec\x8b\x6c\x75\x1c\x67\xa8\xf1\x78\xca\xfc\x81\
\x83\x40\x60\x02\x1c\x24\x3d\xd1\x6c\xdb\xb6\xcd\x5f\xba\x74\x69\
\x3c\x69\x68\x60\x77\x2c\xb2\xc2\x15\x39\x21\x0a\xe3\x4b\x83\x92\
\xbf\x88\x64\x00\x00\x00\xc0\xa1\x07\xfd\x71\x92\x0e\x1b\xc7\x7d\
\x2e\x4d\xa2\xcd\xe5\x20\xf8\xa6\xe3\x38\xaf\x4c\x59\xed\x37\x94\
\xf9\x03\x07\x87\x60\x04\x98\xe1\x59\x01\x3b\x76\xec\xe8\xe9\x5f\
\xb0\x60\xf9\xbe\x92\x01\x9a\xc4\xd6\xbe\x34\x06\x08\x02\x00\x80\
\x36\x0f\xfa\xf5\xc2\xc8\x39\xd0\xa0\x5f\xaf\x9a\xd2\xd4\x56\x64\
\x4e\xb4\x66\x02\x38\x38\x04\x1f\xc0\x0c\xc8\x86\xcd\x4c\x6d\x11\
\xd8\x2b\x19\x10\xc5\x97\x06\x41\x3d\x19\x30\x65\x80\x60\xf6\x67\
\xed\x1f\x6e\xda\x3f\x02\x00\x00\x60\x76\x03\x7e\xbb\x6d\x9f\xe3\
\x38\x7e\xa9\xe4\xd7\x2f\x7e\xea\xe5\xfd\x23\xe2\x7a\xcf\x4e\x17\
\xf4\x37\xfe\x0c\xbd\xfd\xc0\x0c\x21\xd8\x00\xe6\x28\x19\xa0\x6d\
\x02\xb5\x38\x3e\xae\xec\xfb\xef\xa8\x46\xc9\xd1\x9e\x23\xc7\xe9\
\x00\xc1\x2c\x19\x90\x24\x89\x3e\x66\xa2\x3a\x40\x6f\x27\x21\x00\
\x00\x00\x8a\x1c\xf0\x4f\x5e\xe5\xd7\xab\x1a\x9d\xde\xdf\x18\xe4\
\xb7\xd3\xf7\xfd\xdb\x93\x24\x1a\x2e\x07\xc1\xed\xd9\xd6\x7d\x93\
\xfe\x3c\x41\x3f\x30\x0b\x08\x2e\x80\x26\x24\x03\x1a\xf7\x2d\xaa\
\x45\xd1\xa5\xae\xeb\x9d\x20\xc6\x1c\x63\xc4\xe9\x2d\x35\xea\xdf\
\x48\x08\x00\x00\x80\xa2\x07\xfc\xae\xdb\xb8\x80\xd1\x80\x3f\x4e\
\x47\x8c\x49\xc7\x02\xcf\xff\x66\xea\xca\x93\xbe\xc8\x73\x8e\xe3\
\x8c\x4c\xf9\x1e\x04\xfd\xc0\x2c\x23\x98\x00\xe6\x3e\x19\xa0\xbd\
\xff\xd1\x94\xfb\x7a\xab\x71\xbc\xa2\xe2\xfb\x47\xd7\xc2\xe4\x18\
\xcf\x73\x56\xa4\x46\xf6\x95\x10\xc8\xa6\xdd\x92\x10\x00\x00\x00\
\xcd\x0c\xf6\xd3\xc6\xff\xd3\x06\xfc\x69\x9a\x56\xeb\xab\xfc\xc9\
\x70\x39\xf0\x6e\x17\x91\xea\xe4\xa0\x5f\x03\xfe\x6d\xdb\xb6\x39\
\x93\x07\x2b\x03\x98\x5d\x04\x0f\x40\x93\x77\x13\x38\xea\xa8\xa3\
\xa2\x69\xee\xdb\x6f\x42\xc0\x9e\x6d\x7f\x3b\x43\x40\x4f\x98\x54\
\x09\x00\x00\x80\xd9\x0c\xf6\x55\xd2\x98\xbc\x1f\x78\x9e\x27\xd9\
\xe0\xbe\x03\x0d\xf8\x27\x4f\xef\x67\x90\x1f\xd0\x1c\x04\x0a\x40\
\x3e\x2a\x03\x64\x5f\xd5\x01\x8d\xc7\xf4\x56\x63\x39\xa6\xe2\xcb\
\xf2\x6a\x18\x07\x8e\x23\x57\x38\x8e\x5b\x29\xf9\xae\x9d\x21\x90\
\x55\x09\x68\xe8\x1f\xc7\xf5\x4a\x01\xfd\xa6\x86\xc4\x00\x00\x00\
\x38\xc8\x40\x5f\xdb\x16\x1b\xbf\x9d\xe8\xdd\xd7\xff\x27\xad\xee\
\x8b\xeb\xc8\x50\x9a\x9a\x2d\x5e\xe0\x6d\x89\xa3\x24\x2e\x07\xde\
\x6d\xfb\x0a\xf8\xb7\x6d\x13\x67\xe9\x52\xdb\x1a\xa0\xdf\x9b\xa0\
\x1f\x68\x22\x02\x02\xa0\x98\x09\x01\x0d\xfc\x2b\xb5\x28\xb9\xc2\
\x0f\x3c\x3f\x0e\x93\xe5\x5a\x25\x10\x27\x69\x12\x04\x7e\xbf\x0e\
\xd8\xd9\x5f\x62\x40\x3f\xf9\xc6\x88\x66\xe0\x27\x90\x20\x00\x00\
\xa0\x6d\x56\xf2\x27\x97\xef\xef\x33\xd0\x57\xd5\x30\x1e\x71\x5d\
\x37\x35\x26\x0d\x8d\x91\xdb\x2a\x25\x3f\xaa\xc6\xb2\xa5\xe2\xcb\
\x56\xc7\x71\x86\xa6\xf9\x7b\x08\xf8\x81\x1c\xe3\x82\x1f\x28\x58\
\x42\xa0\x51\x7a\x17\x4f\xf3\xb8\x7e\x2d\xcd\x8b\x63\x59\xee\xba\
\x72\x6c\x94\x24\x9a\x38\x58\xe9\xb9\xd3\x27\x06\xf4\x8c\x3f\xf9\
\x52\x60\x4a\xe5\x40\x66\xa2\x82\x60\x3a\x24\x0d\x00\x00\xc8\x4d\
\x40\x3f\xc1\x71\x24\x9e\x72\xef\x44\x80\x5f\xff\xb3\xb2\x57\xf9\
\xfe\xab\x03\x7d\xf7\xeb\x41\xc9\x0d\xe3\x28\x8a\xc2\x6a\xf0\xf5\
\x9e\x1e\x09\x1b\x25\xfb\x23\xd3\x3c\x8f\xa0\x71\xe9\xa0\xed\x01\
\x04\xfc\x40\xce\x71\xf1\x0e\x14\x3b\x29\xe0\x35\xe2\xf0\x68\x3f\
\x8f\x9d\x48\x0c\xf8\xbe\xac\xa8\x45\x49\x62\x8c\xe9\x70\x1c\xb9\
\xdc\x71\xdc\x52\x9a\xea\xf9\x5c\x8c\xef\xfb\xbd\x93\x13\x04\x53\
\x2b\x08\x5e\xfd\x7d\xf7\x9a\x41\x00\x00\x00\x66\x59\x96\xa4\xd7\
\x1e\x7c\xdf\xf7\xa6\x7f\xcc\x94\x15\xfc\xc9\x01\xbe\xe3\x48\x2a\
\x46\x52\xcf\x73\xdd\x24\x35\x5b\x44\x64\x8b\xe7\x79\x5e\x92\x24\
\xe3\x61\xd5\xbb\x7d\x7f\x81\xfe\xa4\xfe\x7d\x67\x72\xf5\x00\x01\
\x3f\x50\x2c\x24\x00\x80\xd6\xad\x14\x90\xd7\x48\x0c\x68\x1b\x81\
\x3b\x20\xe2\x26\xbb\x24\xed\xeb\x93\x63\x7c\x5f\x96\xd7\xa2\x24\
\xd5\x6c\xbe\xe3\x38\x9a\xc9\x5f\xee\xb9\xce\xf2\x38\xd1\x2c\x41\
\x76\x3d\x51\xbf\xfc\x30\x46\x74\x08\xc1\xc4\x0c\x02\x00\x00\x30\
\x37\x92\x7a\x12\x7e\xc8\x18\x3d\xd5\xd7\x13\xf1\x9a\x98\x77\x5d\
\x57\x1a\xa5\xfa\xb7\x3b\x8e\x53\xd3\xdb\xfd\xc0\x93\x38\x4a\x42\
\x0d\xf0\xc3\x50\xc2\xf9\xf3\xb3\x1c\xc2\xab\xcb\xf7\xa7\x06\xfa\
\xdb\xb6\x6d\x13\x9d\xd0\x9f\xdd\x4e\xb0\x0f\x14\x1f\x09\x00\xa0\
\x0d\x13\x03\xfb\x6a\x23\xd8\xc7\x9f\xef\xd5\x2f\xbb\x76\xd5\x8f\
\x17\xf3\xe7\x8b\xec\xda\x25\x52\x2a\x49\xa9\x54\x49\x2e\xf7\x03\
\xaf\x14\x47\xb6\xea\x0f\x00\x00\xcc\xae\xb4\x1c\x78\x6e\x1c\xcb\
\x96\xc1\x41\xd9\x3a\x7f\xbe\xb8\xbb\x76\x65\x7d\xfc\xbb\x64\xbe\
\x9e\xa4\xf7\xb3\x82\xbf\x8f\xf2\x7d\xd9\xb6\x4d\x24\xeb\xd9\x57\
\x04\xfa\x00\x00\xb4\x60\x62\x60\xca\xff\x9e\x5e\x08\xe8\xff\x2f\
\x34\xbe\x36\xfb\x39\x02\x00\x80\x83\xa7\x2b\xf8\xd9\x39\xdd\x9e\
\xd7\x5f\xb0\x5f\xf7\x3a\xef\x37\xfb\x39\x02\x68\x0e\x3e\xfc\x00\
\xf6\x6b\x7f\x17\x09\xdb\xb6\x89\xbf\x74\xe9\xdc\x3e\x1f\x00\x00\
\xb0\xd7\x04\xff\x57\x61\x05\x1f\x00\x00\x00\x00\x00\x00\x00\x00\
\x00\x00\x00\x00\x00\x00\x00\x00\x00\x00\x00\x00\x00\x00\x00\x00\
\x00\x00\x00\x00\x00\x00\x00\x00\x00\x00\x00\x00\x00\x00\x00\x00\
\x00\x00\x00\x00\x00\x00\x00\x00\x00\x00\x00\x00\x00\x00\x00\x00\
\x00\x00\x00\x00\x00\x00\x00\x00\x00\x00\x00\x00\x00\x00\x00\x00\
\x00\x00\x00\x00\x00\x00\x00\x00\x00\x00\x00\x00\x00\x00\x00\x00\
\x00\x00\x00\x00\x00\x00\x00\x00\x00\x00\x00\x00\x00\x00\x00\x00\
\x00\x00\x00\x00\x00\x00\x00\x00\x00\x00\x00\x00\x00\x00\x00\x00\
\x00\x00\x00\x00\x00\x00\x00\x00\x00\x00\x00\x00\x00\x00\x00\x00\
\x00\x00\x00\x00\x00\x00\x00\x00\x00\x00\x00\x00\x00\x00\x00\x00\
\x00\x00\x00\x00\x00\x00\x00\x00\x00\x00\x00\x00\x00\x00\x00\x00\
\x00\x00\x00\x00\x00\x00\x00\x00\x00\x00\x00\x00\x00\x00\x00\x00\
\x00\x00\x00\x00\x00\x00\x00\x00\x00\x00\x00\x00\x00\x00\x00\x00\
\x00\x00\x00\x00\x00\x00\x00\x00\x00\x00\x00\x00\x00\x00\x00\x00\
\x00\x00\x00\x00\x00\x00\x00\x00\x00\x00\x00\x00\x00\x00\x00\x00\
\x00\x00\x00\x00\x00\x00\x00\x00\x00\x00\x00\x00\x00\x00\x00\x00\
\x00\x00\x00\x00\x00\x00\x00\x00\x00\x00\x00\x00\x00\x00\x00\x00\
\x00\x00\x00\x00\x00\x00\x00\x00\x00\x00\x00\x00\x00\x00\x00\x00\
\x00\x00\x00\x00\x00\x00\x00\x00\x00\x00\x00\x00\x00\x00\x00\x00\
\x00\x00\x00\x00\x00\x00\x00\x00\x00\x00\x00\x00\x00\x00\x00\x00\
\x00\x00\x00\x00\x00\x00\x00\x00\x00\x00\x00\x00\x00\x00\x00\x00\
\x00\x00\x00\x00\x00\x00\x00\x00\x00\x00\x00\x00\x00\x00\x00\x00\
\x00\x00\x00\x00\x00\x00\x00\x00\x00\x00\x00\x00\x00\x00\x00\x00\
\x00\x00\x00\x00\x00\x00\x00\x00\x00\x00\x00\x00\x00\x00\x00\x00\
\x00\x00\x00\x00\x00\x00\x00\x00\x00\x00\x00\x00\x00\x00\x00\x00\
\x00\x00\x00\x00\x00\x00\x00\x00\x00\x00\x00\x00\x00\x00\x00\x00\
\x00\x00\x00\x90\xd6\xf2\xff\x01\x6d\xd2\x6e\xbd\xa9\xab\x28\x47\
\x00\x00\x00\x00\x49\x45\x4e\x44\xae\x42\x60\x82\
\x00\x00\x04\xb7\
\x3c\
\x3f\x78\x6d\x6c\x20\x76\x65\x72\x73\x69\x6f\x6e\x3d\x22\x31\x2e\
\x30\x22\x20\x65\x6e\x63\x6f\x64\x69\x6e\x67\x3d\x22\x75\x74\x66\
\x2d\x38\x22\x3f\x3e\x3c\x21\x2d\x2d\x20\x55\x70\x6c\x6f\x61\x64\
\x65\x64\x20\x74\x6f\x3a\x20\x53\x56\x47\x20\x52\x65\x70\x6f\x2c\
\x20\x77\x77\x77\x2e\x73\x76\x67\x72\x65\x70\x6f\x2e\x63\x6f\x6d\
\x2c\x20\x47\x65\x6e\x65\x72\x61\x74\x6f\x72\x3a\x20\x53\x56\x47\
\x20\x52\x65\x70\x6f\x20\x4d\x69\x78\x65\x72\x20\x54\x6f\x6f\x6c\
\x73\x20\x2d\x2d\x3e\x0a\x3c\x73\x76\x67\x20\x66\x69\x6c\x6c\x3d\
\x22\x23\x66\x61\x66\x61\x66\x61\x22\x20\x77\x69\x64\x74\x68\x3d\
\x22\x38\x30\x30\x70\x78\x22\x20\x68\x65\x69\x67\x68\x74\x3d\x22\
\x38\x30\x30\x70\x78\x22\x20\x76\x69\x65\x77\x42\x6f\x78\x3d\x22\
\x30\x20\x30\x20\x35\x31\x32\x20\x35\x31\x32\x22\x20\x78\x6d\x6c\
\x6e\x73\x3d\x22\x68\x74\x74\x70\x3a\x2f\x2f\x77\x77\x77\x2e\x77\
\x33\x2e\x6f\x72\x67\x2f\x32\x30\x30\x30\x2f\x73\x76\x67\x22\x3e\
\x3c\x70\x61\x74\x68\x20\x66\x69\x6c\x6c\x2d\x72\x75\x6c\x65\x3d\
\x22\x65\x76\x65\x6e\x6f\x64\x64\x22\x20\x64\x3d\x22\x4d\x32\x31\
\x33\x2e\x33\x33\x33\x33\x33\x33\x2c\x33\x2e\x35\x35\x32\x37\x31\
\x33\x36\x38\x65\x2d\x31\x34\x20\x43\x32\x36\x39\x2e\x39\x31\x32\
\x38\x35\x31\x2c\x33\x2e\x35\x35\x32\x37\x31\x33\x36\x38\x65\x2d\
\x31\x34\x20\x33\x32\x34\x2e\x31\x37\x35\x30\x31\x39\x2c\x32\x32\
\x2e\x34\x37\x36\x31\x32\x35\x39\x20\x33\x36\x34\x2e\x31\x38\x32\
\x37\x38\x2c\x36\x32\x2e\x34\x38\x33\x38\x38\x36\x37\x20\x43\x34\
\x30\x34\x2e\x31\x39\x30\x35\x34\x31\x2c\x31\x30\x32\x2e\x34\x39\
\x31\x36\x34\x37\x20\x34\x32\x36\x2e\x36\x36\x36\x36\x36\x37\x2c\
\x31\x35\x36\x2e\x37\x35\x33\x38\x31\x36\x20\x34\x32\x36\x2e\x36\
\x36\x36\x36\x36\x37\x2c\x32\x31\x33\x2e\x33\x33\x33\x33\x33\x33\
\x20\x43\x34\x32\x36\x2e\x36\x36\x36\x36\x36\x37\x2c\x33\x33\x31\
\x2e\x31\x35\x34\x30\x38\x20\x33\x33\x31\x2e\x31\x35\x34\x30\x38\
\x2c\x34\x32\x36\x2e\x36\x36\x36\x36\x36\x37\x20\x32\x31\x33\x2e\
\x33\x33\x33\x33\x33\x33\x2c\x34\x32\x36\x2e\x36\x36\x36\x36\x36\
\x37\x20\x43\x39\x35\x2e\x35\x31\x32\x35\x38\x36\x37\x2c\x34\x32\
\x36\x2e\x36\x36\x36\x36\x36\x37\x20\x33\x2e\x35\x35\x32\x37\x31\
\x33\x36\x38\x65\x2d\x31\x34\x2c\x33\x33\x31\x2e\x31\x35\x34\x30\
\x38\x20\x33\x2e\x35\x35\x32\x37\x31\x33\x36\x38\x65\x2d\x31\x34\
\x2c\x32\x31\x33\x2e\x33\x33\x33\x33\x33\x33\x20\x43\x33\x2e\x35\
\x35\x32\x37\x31\x33\x36\x38\x65\x2d\x31\x34\x2c\x39\x35\x2e\x35\
\x31\x32\x35\x38\x36\x37\x20\x39\x35\x2e\x35\x31\x32\x35\x38\x36\
\x37\x2c\x33\x2e\x35\x35\x32\x37\x31\x33\x36\x38\x65\x2d\x31\x34\
\x20\x32\x31\x33\x2e\x33\x33\x33\x33\x33\x33\x2c\x33\x2e\x35\x35\
\x32\x37\x31\x33\x36\x38\x65\x2d\x31\x34\x20\x5a\x20\x4d\x32\x31\
\x33\x2e\x33\x33\x33\x33\x33\x33\x2c\x34\x32\x2e\x36\x36\x36\x36\
\x36\x36\x37\x20\x43\x31\x31\x39\x2e\x30\x37\x36\x37\x33\x36\x2c\
\x34\x32\x2e\x36\x36\x36\x36\x36\x36\x37\x20\x34\x32\x2e\x36\x36\
\x36\x36\x36\x36\x37\x2c\x31\x31\x39\x2e\x30\x37\x36\x37\x33\x36\
\x20\x34\x32\x2e\x36\x36\x36\x36\x36\x36\x37\x2c\x32\x31\x33\x2e\
\x33\x33\x33\x33\x33\x33\x20\x43\x34\x32\x2e\x36\x36\x36\x36\x36\
\x36\x37\x2c\x33\x30\x37\x2e\x35\x38\x39\x39\x33\x31\x20\x31\x31\
\x39\x2e\x30\x37\x36\x37\x33\x36\x2c\x33\x38\x34\x20\x32\x31\x33\
\x2e\x33\x33\x33\x33\x33\x33\x2c\x33\x38\x34\x20\x43\x33\x30\x37\
\x2e\x35\x38\x39\x39\x33\x31\x2c\x33\x38\x34\x20\x33\x38\x34\x2c\
\x33\x30\x37\x2e\x35\x38\x39\x39\x33\x31\x20\x33\x38\x34\x2c\x32\
\x31\x33\x2e\x33\x33\x33\x33\x33\x33\x20\x43\x33\x38\x34\x2c\x31\
\x31\x39\x2e\x30\x37\x36\x37\x33\x36\x20\x33\x30\x37\x2e\x35\x38\
\x39\x39\x33\x31\x2c\x34\x32\x2e\x36\x36\x36\x36\x36\x36\x37\x20\
\x32\x31\x33\x2e\x33\x33\x33\x33\x33\x33\x2c\x34\x32\x2e\x36\x36\
\x36\x36\x36\x36\x37\x20\x5a\x20\x4d\x32\x38\x38\x2e\x37\x35\x38\
\x30\x35\x37\x2c\x31\x30\x37\x2e\x37\x33\x38\x37\x32\x31\x20\x4c\
\x33\x31\x38\x2e\x39\x32\x37\x39\x34\x36\x2c\x31\x33\x37\x2e\x39\
\x30\x38\x36\x31\x20\x4c\x32\x34\x33\x2e\x35\x30\x32\x2c\x32\x31\
\x33\x2e\x33\x33\x33\x20\x4c\x33\x31\x38\x2e\x39\x32\x37\x39\x34\
\x36\x2c\x32\x38\x38\x2e\x37\x35\x38\x30\x35\x37\x20\x4c\x32\x38\
\x38\x2e\x37\x35\x38\x30\x35\x37\x2c\x33\x31\x38\x2e\x39\x32\x37\
\x39\x34\x36\x20\x4c\x32\x31\x33\x2e\x33\x33\x33\x2c\x32\x34\x33\
\x2e\x35\x30\x32\x20\x4c\x31\x33\x37\x2e\x39\x30\x38\x36\x31\x2c\
\x33\x31\x38\x2e\x39\x32\x37\x39\x34\x36\x20\x4c\x31\x30\x37\x2e\
\x37\x33\x38\x37\x32\x31\x2c\x32\x38\x38\x2e\x37\x35\x38\x30\x35\
\x37\x20\x4c\x31\x38\x33\x2e\x31\x36\x33\x2c\x32\x31\x33\x2e\x33\
\x33\x33\x20\x4c\x31\x30\x37\x2e\x37\x33\x38\x37\x32\x31\x2c\x31\
\x33\x37\x2e\x39\x30\x38\x36\x31\x20\x4c\x31\x33\x37\x2e\x39\x30\
\x38\x36\x31\x2c\x31\x30\x37\x2e\x37\x33\x38\x37\x32\x31\x20\x4c\
\x32\x31\x33\x2e\x33\x33\x33\x2c\x31\x38\x33\x2e\x31\x36\x33\x20\
\x4c\x32\x38\x38\x2e\x37\x35\x38\x30\x35\x37\x2c\x31\x30\x37\x2e\
\x37\x33\x38\x37\x32\x31\x20\x5a\x22\x20\x74\x72\x61\x6e\x73\x66\
\x6f\x72\x6d\x3d\x22\x74\x72\x61\x6e\x73\x6c\x61\x74\x65\x28\x34\
\x32\x2e\x36\x36\x37\x20\x34\x32\x2e\x36\x36\x37\x29\x22\x2f\x3e\
\x3c\x2f\x73\x76\x67\x3e\
\x00\x00\x05\x69\
\x3c\
\x3f\x78\x6d\x6c\x20\x76\x65\x72\x73\x69\x6f\x6e\x3d\x22\x31\x2e\
\x30\x22\x20\x65\x6e\x63\x6f\x64\x69\x6e\x67\x3d\x22\x55\x54\x46\
\x2d\x38\x22\x3f\x3e\x0a\x3c\x21\x2d\x2d\x20\x55\x70\x6c\x6f\x61\
\x64\x65\x64\x20\x74\x6f\x3a\x20\x53\x56\x47\x20\x52\x65\x70\x6f\
\x2c\x20\x77\x77\x77\x2e\x73\x76\x67\x72\x65\x70\x6f\x2e\x63\x6f\
\x6d\x2c\x20\x47\x65\x6e\x65\x72\x61\x74\x6f\x72\x3a\x20\x53\x56\
\x47\x20\x52\x65\x70\x6f\x20\x4d\x69\x78\x65\x72\x20\x54\x6f\x6f\
\x6c\x73\x20\x2d\x2d\x3e\x0a\x3c\x73\x76\x67\x20\x77\x69\x64\x74\
\x68\x3d\x22\x38\x30\x30\x70\x78\x22\x20\x68\x65\x69\x67\x68\x74\
\x3d\x22\x38\x30\x30\x70\x78\x22\x20\x76\x69\x65\x77\x42\x6f\x78\
\x3d\x22\x30\x20\x30\x20\x35\x31\x32\x20\x35\x31\x32\x22\x20\x76\
\x65\x72\x73\x69\x6f\x6e\x3d\x22\x31\x2e\x31\x22\x20\x78\x6d\x6c\
\x6e\x73\x3d\x22\x68\x74\x74\x70\x3a\x2f\x2f\x77\x77\x77\x2e\x77\
\x33\x2e\x6f\x72\x67\x2f\x32\x30\x30\x30\x2f\x73\x76\x67\x22\x20\
\x78\x6d\x6c\x6e\x73\x3a\x78\x6c\x69\x6e\x6b\x3d\x22\x68\x74\x74\
\x70\x3a\x2f\x2f\x77\x77\x77\x2e\x77\x33\x2e\x6f\x72\x67\x2f\x31\
\x39\x39\x39\x2f\x78\x6c\x69\x6e\x6b\x22\x3e\x0a\x20\x20\x20\x20\
\x3c\x74\x69\x74\x6c\x65\x3e\x72\x65\x66\x72\x65\x73\x68\x3c\x2f\
\x74\x69\x74\x6c\x65\x3e\x0a\x20\x20\x20\x20\x3c\x67\x20\x69\x64\
\x3d\x22\x50\x61\x67\x65\x2d\x31\x22\x20\x73\x74\x72\x6f\x6b\x65\
\x3d\x22\x6e\x6f\x6e\x65\x22\x20\x73\x74\x72\x6f\x6b\x65\x2d\x77\
\x69\x64\x74\x68\x3d\x22\x31\x22\x20\x66\x69\x6c\x6c\x3d\x22\x6e\
\x6f\x6e\x65\x22\x20\x66\x69\x6c\x6c\x2d\x72\x75\x6c\x65\x3d\x22\
\x65\x76\x65\x6e\x6f\x64\x64\x22\x3e\x0a\x20\x20\x20\x20\x20\x20\
\x20\x20\x3c\x67\x20\x69\x64\x3d\x22\x43\x6f\x6d\x62\x69\x6e\x65\
\x64\x2d\x53\x68\x61\x70\x65\x22\x20\x66\x69\x6c\x6c\x3d\x22\x23\
\x66\x61\x66\x61\x66\x61\x22\x20\x74\x72\x61\x6e\x73\x66\x6f\x72\
\x6d\x3d\x22\x74\x72\x61\x6e\x73\x6c\x61\x74\x65\x28\x36\x34\x2e\
\x30\x30\x30\x30\x30\x30\x2c\x20\x36\x34\x2e\x30\x30\x30\x30\x30\
\x30\x29\x22\x3e\x0a\x20\x20\x20\x20\x20\x20\x20\x20\x20\x20\x20\
\x20\x3c\x70\x61\x74\x68\x20\x64\x3d\x22\x4d\x33\x34\x30\x2e\x31\
\x39\x35\x34\x34\x34\x2c\x32\x31\x30\x2e\x35\x32\x36\x31\x30\x32\
\x20\x4c\x33\x38\x32\x2e\x35\x33\x37\x31\x35\x39\x2c\x32\x31\x35\
\x2e\x38\x31\x37\x39\x38\x35\x20\x43\x33\x37\x30\x2e\x38\x30\x37\
\x36\x38\x36\x2c\x33\x31\x30\x2e\x36\x31\x37\x35\x36\x35\x20\x32\
\x38\x39\x2e\x39\x37\x33\x35\x33\x36\x2c\x33\x38\x34\x20\x31\x39\
\x32\x2c\x33\x38\x34\x20\x43\x31\x33\x31\x2e\x36\x38\x33\x38\x32\
\x39\x2c\x33\x38\x34\x20\x37\x37\x2e\x38\x36\x33\x36\x34\x35\x34\
\x2c\x33\x35\x36\x2e\x31\x38\x37\x33\x36\x38\x20\x34\x32\x2e\x36\
\x36\x34\x36\x33\x33\x39\x2c\x33\x31\x32\x2e\x36\x38\x37\x32\x38\
\x37\x20\x4c\x34\x32\x2e\x36\x36\x36\x36\x36\x36\x37\x2c\x33\x38\
\x34\x20\x4c\x31\x2e\x34\x32\x31\x30\x38\x35\x34\x37\x65\x2d\x31\
\x34\x2c\x33\x38\x34\x20\x4c\x34\x2e\x32\x36\x33\x32\x35\x36\x34\
\x31\x65\x2d\x31\x34\x2c\x32\x33\x34\x2e\x36\x36\x36\x36\x36\x37\
\x20\x4c\x31\x34\x39\x2e\x33\x33\x33\x33\x33\x33\x2c\x32\x33\x34\
\x2e\x36\x36\x36\x36\x36\x37\x20\x4c\x31\x34\x39\x2e\x33\x33\x33\
\x33\x33\x33\x2c\x32\x37\x37\x2e\x33\x33\x33\x33\x33\x33\x20\x4c\
\x36\x39\x2e\x34\x34\x36\x33\x31\x36\x34\x2c\x32\x37\x37\x2e\x33\
\x35\x31\x38\x38\x39\x20\x43\x39\x36\x2e\x34\x33\x33\x32\x32\x35\
\x37\x2c\x33\x31\x36\x2e\x30\x32\x39\x30\x38\x38\x20\x31\x34\x31\
\x2e\x32\x36\x31\x35\x35\x31\x2c\x33\x34\x31\x2e\x33\x33\x33\x33\
\x33\x33\x20\x31\x39\x32\x2c\x33\x34\x31\x2e\x33\x33\x33\x33\x33\
\x33\x20\x43\x32\x36\x38\x2e\x32\x30\x31\x32\x39\x33\x2c\x33\x34\
\x31\x2e\x33\x33\x33\x33\x33\x33\x20\x33\x33\x31\x2e\x30\x37\x32\
\x30\x37\x34\x2c\x32\x38\x34\x2e\x32\x35\x38\x36\x32\x33\x20\x33\
\x34\x30\x2e\x31\x39\x35\x34\x34\x34\x2c\x32\x31\x30\x2e\x35\x32\
\x36\x31\x30\x32\x20\x5a\x20\x4d\x33\x38\x34\x2c\x31\x2e\x34\x32\
\x31\x30\x38\x35\x34\x37\x65\x2d\x31\x34\x20\x4c\x33\x38\x34\x2c\
\x31\x34\x39\x2e\x33\x33\x33\x33\x33\x33\x20\x4c\x32\x33\x34\x2e\
\x36\x36\x36\x36\x36\x37\x2c\x31\x34\x39\x2e\x33\x33\x33\x33\x33\
\x33\x20\x4c\x32\x33\x34\x2e\x36\x36\x36\x36\x36\x37\x2c\x31\x30\
\x36\x2e\x36\x36\x36\x36\x36\x37\x20\x4c\x33\x31\x34\x2e\x35\x36\
\x34\x38\x34\x37\x2c\x31\x30\x36\x2e\x36\x36\x34\x31\x31\x32\x20\
\x43\x32\x38\x37\x2e\x35\x37\x39\x31\x33\x38\x2c\x36\x37\x2e\x39\
\x37\x37\x38\x39\x31\x38\x20\x32\x34\x32\x2e\x37\x34\x35\x34\x34\
\x36\x2c\x34\x32\x2e\x36\x36\x36\x36\x36\x36\x37\x20\x31\x39\x32\
\x2c\x34\x32\x2e\x36\x36\x36\x36\x36\x36\x37\x20\x43\x31\x31\x35\
\x2e\x37\x39\x38\x33\x36\x32\x2c\x34\x32\x2e\x36\x36\x36\x36\x36\
\x36\x37\x20\x35\x32\x2e\x39\x32\x37\x33\x35\x37\x35\x2c\x39\x39\
\x2e\x37\x34\x31\x38\x39\x32\x34\x20\x34\x33\x2e\x38\x30\x34\x34\
\x33\x32\x35\x2c\x31\x37\x33\x2e\x34\x37\x34\x38\x39\x38\x20\x4c\
\x31\x2e\x34\x36\x32\x37\x31\x37\x36\x38\x2c\x31\x36\x38\x2e\x31\
\x38\x33\x30\x31\x35\x20\x43\x31\x33\x2e\x31\x39\x31\x37\x34\x36\
\x33\x2c\x37\x33\x2e\x33\x38\x32\x39\x35\x31\x20\x39\x34\x2e\x30\
\x32\x36\x31\x31\x39\x39\x2c\x31\x2e\x34\x32\x31\x30\x38\x35\x34\
\x37\x65\x2d\x31\x34\x20\x31\x39\x32\x2c\x31\x2e\x34\x32\x31\x30\
\x38\x35\x34\x37\x65\x2d\x31\x34\x20\x43\x32\x35\x32\x2e\x33\x31\
\x36\x31\x37\x31\x2c\x31\x2e\x34\x32\x31\x30\x38\x35\x34\x37\x65\
\x2d\x31\x34\x20\x33\x30\x36\x2e\x31\x33\x36\x33\x35\x35\x2c\x32\
\x37\x2e\x38\x31\x32\x36\x33\x32\x31\x20\x33\x34\x31\x2e\x33\x33\
\x35\x33\x36\x36\x2c\x37\x31\x2e\x33\x31\x32\x37\x31\x32\x38\x20\
\x4c\x33\x34\x31\x2e\x33\x33\x33\x33\x33\x33\x2c\x31\x2e\x34\x32\
\x31\x30\x38\x35\x34\x37\x65\x2d\x31\x34\x20\x4c\x33\x38\x34\x2c\
\x31\x2e\x34\x32\x31\x30\x38\x35\x34\x37\x65\x2d\x31\x34\x20\x5a\
\x22\x3e\x0a\x0a\x3c\x2f\x70\x61\x74\x68\x3e\x0a\x20\x20\x20\x20\
\x20\x20\x20\x20\x3c\x2f\x67\x3e\x0a\x20\x20\x20\x20\x3c\x2f\x67\
\x3e\x0a\x3c\x2f\x73\x76\x67\x3e\
\x00\x00\x06\x5a\
\x3c\
\x3f\x78\x6d\x6c\x20\x76\x65\x72\x73\x69\x6f\x6e\x3d\x22\x31\x2e\
\x30\x22\x20\x65\x6e\x63\x6f\x64\x69\x6e\x67\x3d\x22\x55\x54\x46\
\x2d\x38\x22\x3f\x3e\x0a\x3c\x21\x2d\x2d\x20\x55\x70\x6c\x6f\x61\
\x64\x65\x64\x20\x74\x6f\x3a\x20\x53\x56\x47\x20\x52\x65\x70\x6f\
\x2c\x20\x77\x77\x77\x2e\x73\x76\x67\x72\x65\x70\x6f\x2e\x63\x6f\
\x6d\x2c\x20\x47\x65\x6e\x65\x72\x61\x74\x6f\x72\x3a\x20\x53\x56\
\x47\x20\x52\x65\x70\x6f\x20\x4d\x69\x78\x65\x72\x20\x54\x6f\x6f\
\x6c\x73\x20\x2d\x2d\x3e\x0a\x3c\x73\x76\x67\x20\x77\x69\x64\x74\
\x68\x3d\x22\x38\x30\x30\x70\x78\x22\x20\x68\x65\x69\x67\x68\x74\
\x3d\x22\x38\x30\x30\x70\x78\x22\x20\x76\x69\x65\x77\x42\x6f\x78\
\x3d\x22\x30\x20\x30\x20\x35\x31\x32\x20\x35\x31\x32\x22\x20\x76\
\x65\x72\x73\x69\x6f\x6e\x3d\x22\x31\x2e\x31\x22\x20\x78\x6d\x6c\
\x6e\x73\x3d\x22\x68\x74\x74\x70\x3a\x2f\x2f\x77\x77\x77\x2e\x77\
\x33\x2e\x6f\x72\x67\x2f\x32\x30\x30\x30\x2f\x73\x76\x67\x22\x20\
\x78\x6d\x6c\x6e\x73\x3a\x78\x6c\x69\x6e\x6b\x3d\x22\x68\x74\x74\
\x70\x3a\x2f\x2f\x77\x77\x77\x2e\x77\x33\x2e\x6f\x72\x67\x2f\x31\
\x39\x39\x39\x2f\x78\x6c\x69\x6e\x6b\x22\x3e\x0a\x20\x20\x20\x20\
\x3c\x74\x69\x74\x6c\x65\x3e\x65\x79\x65\x3c\x2f\x74\x69\x74\x6c\
\x65\x3e\x0a\x20\x20\x20\x20\x3c\x67\x20\x69\x64\x3d\x22\x50\x61\
\x67\x65\x2d\x31\x22\x20\x73\x74\x72\x6f\x6b\x65\x3d\x22\x6e\x6f\
\x6e\x65\x22\x20\x73\x74\x72\x6f\x6b\x65\x2d\x77\x69\x64\x74\x68\
\x3d\x22\x31\x22\x20\x66\x69\x6c\x6c\x3d\x22\x6e\x6f\x6e\x65\x22\
\x20\x66\x69\x6c\x6c\x2d\x72\x75\x6c\x65\x3d\x22\x65\x76\x65\x6e\
\x6f\x64\x64\x22\x3e\x0a\x20\x20\x20\x20\x20\x20\x20\x20\x3c\x67\
\x20\x69\x64\x3d\x22\x53\x68\x61\x70\x65\x22\x20\x66\x69\x6c\x6c\
\x3d\x22\x23\x66\x61\x66\x61\x66\x61\x22\x20\x74\x72\x61\x6e\x73\
\x66\x6f\x72\x6d\x3d\x22\x74\x72\x61\x6e\x73\x6c\x61\x74\x65\x28\
\x34\x32\x2e\x36\x36\x36\x36\x36\x37\x2c\x20\x38\x35\x2e\x33\x33\
\x33\x33\x33\x33\x29\x22\x3e\x0a\x20\x20\x20\x20\x20\x20\x20\x20\
\x20\x20\x20\x20\x3c\x70\x61\x74\x68\x20\x64\x3d\x22\x4d\x32\x31\
\x33\x2e\x33\x33\x33\x33\x33\x33\x2c\x31\x2e\x34\x32\x31\x30\x38\
\x35\x34\x37\x65\x2d\x31\x34\x20\x43\x36\x34\x2c\x31\x2e\x34\x32\
\x31\x30\x38\x35\x34\x37\x65\x2d\x31\x34\x20\x37\x2e\x31\x30\x35\
\x34\x32\x37\x33\x36\x65\x2d\x31\x35\x2c\x31\x37\x30\x2e\x36\x36\
\x36\x36\x36\x37\x20\x37\x2e\x31\x30\x35\x34\x32\x37\x33\x36\x65\
\x2d\x31\x35\x2c\x31\x37\x30\x2e\x36\x36\x36\x36\x36\x37\x20\x43\
\x37\x2e\x31\x30\x35\x34\x32\x37\x33\x36\x65\x2d\x31\x35\x2c\x31\
\x37\x30\x2e\x36\x36\x36\x36\x36\x37\x20\x36\x34\x2c\x33\x34\x31\
\x2e\x33\x33\x33\x33\x33\x33\x20\x32\x31\x33\x2e\x33\x33\x33\x33\
\x33\x33\x2c\x33\x34\x31\x2e\x33\x33\x33\x33\x33\x33\x20\x43\x33\
\x36\x32\x2e\x36\x36\x36\x36\x36\x37\x2c\x33\x34\x31\x2e\x33\x33\
\x33\x33\x33\x33\x20\x34\x32\x36\x2e\x36\x36\x36\x36\x36\x37\x2c\
\x31\x37\x30\x2e\x36\x36\x36\x36\x36\x37\x20\x34\x32\x36\x2e\x36\
\x36\x36\x36\x36\x37\x2c\x31\x37\x30\x2e\x36\x36\x36\x36\x36\x37\
\x20\x43\x34\x32\x36\x2e\x36\x36\x36\x36\x36\x37\x2c\x31\x37\x30\
\x2e\x36\x36\x36\x36\x36\x37\x20\x33\x36\x32\x2e\x36\x36\x36\x36\
\x36\x37\x2c\x31\x2e\x34\x32\x31\x30\x38\x35\x34\x37\x65\x2d\x31\
\x34\x20\x32\x31\x33\x2e\x33\x33\x33\x33\x33\x33\x2c\x31\x2e\x34\
\x32\x31\x30\x38\x35\x34\x37\x65\x2d\x31\x34\x20\x5a\x20\x4d\x32\
\x31\x33\x2e\x33\x33\x33\x33\x33\x33\x2c\x32\x39\x38\x2e\x36\x36\
\x36\x36\x36\x37\x20\x43\x31\x31\x39\x2e\x30\x37\x31\x35\x37\x33\
\x2c\x32\x39\x38\x2e\x36\x36\x36\x36\x36\x37\x20\x36\x34\x2e\x37\
\x33\x37\x30\x36\x36\x37\x2c\x32\x30\x37\x2e\x33\x36\x33\x32\x20\
\x34\x36\x2e\x37\x31\x33\x36\x2c\x31\x37\x30\x2e\x36\x37\x33\x32\
\x38\x20\x43\x36\x34\x2e\x37\x38\x35\x30\x36\x36\x37\x2c\x31\x33\
\x33\x2e\x38\x38\x39\x32\x38\x20\x31\x31\x39\x2e\x31\x31\x34\x36\
\x36\x37\x2c\x34\x32\x2e\x36\x36\x36\x36\x36\x36\x37\x20\x32\x31\
\x33\x2e\x33\x33\x33\x33\x33\x33\x2c\x34\x32\x2e\x36\x36\x36\x36\
\x36\x36\x37\x20\x43\x33\x30\x37\x2e\x35\x39\x35\x30\x39\x33\x2c\
\x34\x32\x2e\x36\x36\x36\x36\x36\x36\x37\x20\x33\x36\x31\x2e\x39\
\x32\x39\x36\x2c\x31\x33\x33\x2e\x39\x37\x30\x31\x33\x33\x20\x33\
\x37\x39\x2e\x39\x35\x34\x33\x34\x37\x2c\x31\x37\x30\x2e\x36\x35\
\x38\x37\x37\x33\x20\x43\x33\x36\x31\x2e\x38\x38\x31\x36\x2c\x32\
\x30\x37\x2e\x34\x34\x34\x30\x35\x33\x20\x33\x30\x37\x2e\x35\x35\
\x32\x2c\x32\x39\x38\x2e\x36\x36\x36\x36\x36\x37\x20\x32\x31\x33\
\x2e\x33\x33\x33\x33\x33\x33\x2c\x32\x39\x38\x2e\x36\x36\x36\x36\
\x36\x37\x20\x5a\x20\x4d\x32\x31\x33\x2e\x33\x33\x33\x33\x33\x33\
\x2c\x39\x36\x20\x43\x31\x37\x32\x2e\x30\x39\x36\x34\x32\x37\x2c\
\x39\x36\x20\x31\x33\x38\x2e\x36\x36\x36\x36\x36\x37\x2c\x31\x32\
\x39\x2e\x34\x32\x39\x37\x36\x20\x31\x33\x38\x2e\x36\x36\x36\x36\
\x36\x37\x2c\x31\x37\x30\x2e\x36\x36\x36\x36\x36\x37\x20\x43\x31\
\x33\x38\x2e\x36\x36\x36\x36\x36\x37\x2c\x32\x31\x31\x2e\x39\x30\
\x33\x35\x37\x33\x20\x31\x37\x32\x2e\x30\x39\x36\x34\x32\x37\x2c\
\x32\x34\x35\x2e\x33\x33\x33\x33\x33\x33\x20\x32\x31\x33\x2e\x33\
\x33\x33\x33\x33\x33\x2c\x32\x34\x35\x2e\x33\x33\x33\x33\x33\x33\
\x20\x43\x32\x35\x34\x2e\x35\x37\x30\x32\x34\x2c\x32\x34\x35\x2e\
\x33\x33\x33\x33\x33\x33\x20\x32\x38\x38\x2c\x32\x31\x31\x2e\x39\
\x30\x33\x35\x37\x33\x20\x32\x38\x38\x2c\x31\x37\x30\x2e\x36\x36\
\x36\x36\x36\x37\x20\x43\x32\x38\x38\x2c\x31\x32\x39\x2e\x34\x32\
\x39\x37\x36\x20\x32\x35\x34\x2e\x35\x37\x30\x32\x34\x2c\x39\x36\
\x20\x32\x31\x33\x2e\x33\x33\x33\x33\x33\x33\x2c\x39\x36\x20\x5a\
\x20\x4d\x32\x31\x33\x2e\x33\x33\x33\x33\x33\x33\x2c\x32\x30\x32\
\x2e\x36\x36\x36\x36\x36\x37\x20\x43\x31\x39\x35\x2e\x36\x38\x38\
\x37\x34\x37\x2c\x32\x30\x32\x2e\x36\x36\x36\x36\x36\x37\x20\x31\
\x38\x31\x2e\x33\x33\x33\x33\x33\x33\x2c\x31\x38\x38\x2e\x33\x31\
\x31\x32\x35\x33\x20\x31\x38\x31\x2e\x33\x33\x33\x33\x33\x33\x2c\
\x31\x37\x30\x2e\x36\x36\x36\x36\x36\x37\x20\x43\x31\x38\x31\x2e\
\x33\x33\x33\x33\x33\x33\x2c\x31\x35\x33\x2e\x30\x32\x32\x30\x38\
\x20\x31\x39\x35\x2e\x36\x38\x38\x37\x34\x37\x2c\x31\x33\x38\x2e\
\x36\x36\x36\x36\x36\x37\x20\x32\x31\x33\x2e\x33\x33\x33\x33\x33\
\x33\x2c\x31\x33\x38\x2e\x36\x36\x36\x36\x36\x37\x20\x43\x32\x33\
\x30\x2e\x39\x37\x37\x39\x32\x2c\x31\x33\x38\x2e\x36\x36\x36\x36\
\x36\x37\x20\x32\x34\x35\x2e\x33\x33\x33\x33\x33\x33\x2c\x31\x35\
\x33\x2e\x30\x32\x32\x30\x38\x20\x32\x34\x35\x2e\x33\x33\x33\x33\
\x33\x33\x2c\x31\x37\x30\x2e\x36\x36\x36\x36\x36\x37\x20\x43\x32\
\x34\x35\x2e\x33\x33\x33\x33\x33\x33\x2c\x31\x38\x38\x2e\x33\x31\
\x31\x32\x35\x33\x20\x32\x33\x30\x2e\x39\x37\x37\x39\x32\x2c\x32\
\x30\x32\x2e\x36\x36\x36\x36\x36\x37\x20\x32\x31\x33\x2e\x33\x33\
\x33\x33\x33\x33\x2c\x32\x30\x32\x2e\x36\x36\x36\x36\x36\x37\x20\
\x5a\x22\x3e\x0a\x0a\x3c\x2f\x70\x61\x74\x68\x3e\x0a\x20\x20\x20\
\x20\x20\x20\x20\x20\x3c\x2f\x67\x3e\x0a\x20\x20\x20\x20\x3c\x2f\
\x67\x3e\x0a\x3c\x2f\x73\x76\x67\x3e\
\x00\x00\x04\xdc\
\x3c\
\x3f\x78\x6d\x6c\x20\x76\x65\x72\x73\x69\x6f\x6e\x3d\x22\x31\x2e\
\x30\x22\x20\x65\x6e\x63\x6f\x64\x69\x6e\x67\x3d\x22\x55\x54\x46\
\x2d\x38\x22\x3f\x3e\x0a\x3c\x21\x2d\x2d\x20\x55\x70\x6c\x6f\x61\
\x64\x65\x64\x20\x74\x6f\x3a\x20\x53\x56\x47\x20\x52\x65\x70\x6f\
\x2c\x20\x77\x77\x77\x2e\x73\x76\x67\x72\x65\x70\x6f\x2e\x63\x6f\
\x6d\x2c\x20\x47\x65\x6e\x65\x72\x61\x74\x6f\x72\x3a\x20\x53\x56\
\x47\x20\x52\x65\x70\x6f\x20\x4d\x69\x78\x65\x72\x20\x54\x6f\x6f\
\x6c\x73\x20\x2d\x2d\x3e\x0a\x3c\x73\x76\x67\x20\x77\x69\x64\x74\
\x68\x3d\x22\x38\x30\x30\x70\x78\x22\x20\x68\x65\x69\x67\x68\x74\
\x3d\x22\x38\x30\x30\x70\x78\x22\x20\x76\x69\x65\x77\x42\x6f\x78\
\x3d\x22\x30\x20\x30\x20\x35\x31\x32\x20\x35\x31\x32\x22\x20\x76\
\x65\x72\x73\x69\x6f\x6e\x3d\x22\x31\x2e\x31\x22\x20\x78\x6d\x6c\
\x6e\x73\x3d\x22\x68\x74\x74\x70\x3a\x2f\x2f\x77\x77\x77\x2e\x77\
\x33\x2e\x6f\x72\x67\x2f\x32\x30\x30\x30\x2f\x73\x76\x67\x22\x20\
\x78\x6d\x6c\x6e\x73\x3a\x78\x6c\x69\x6e\x6b\x3d\x22\x68\x74\x74\
\x70\x3a\x2f\x2f\x77\x77\x77\x2e\x77\x33\x2e\x6f\x72\x67\x2f\x31\
\x39\x39\x39\x2f\x78\x6c\x69\x6e\x6b\x22\x3e\x0a\x20\x20\x20\x20\
\x3c\x74\x69\x74\x6c\x65\x3e\x63\x61\x70\x61\x63\x69\x74\x79\x3c\
\x2f\x74\x69\x74\x6c\x65\x3e\x0a\x20\x20\x20\x20\x3c\x67\x20\x69\
\x64\x3d\x22\x50\x61\x67\x65\x2d\x31\x22\x20\x73\x74\x72\x6f\x6b\
\x65\x3d\x22\x6e\x6f\x6e\x65\x22\x20\x73\x74\x72\x6f\x6b\x65\x2d\
\x77\x69\x64\x74\x68\x3d\x22\x31\x22\x20\x66\x69\x6c\x6c\x3d\x22\
\x6e\x6f\x6e\x65\x22\x20\x66\x69\x6c\x6c\x2d\x72\x75\x6c\x65\x3d\
\x22\x65\x76\x65\x6e\x6f\x64\x64\x22\x3e\x0a\x20\x20\x20\x20\x20\
\x20\x20\x20\x3c\x67\x20\x69\x64\x3d\x22\x64\x72\x6f\x70\x22\x20\
\x66\x69\x6c\x6c\x3d\x22\x23\x66\x61\x66\x61\x66\x61\x22\x20\x74\
\x72\x61\x6e\x73\x66\x6f\x72\x6d\x3d\x22\x74\x72\x61\x6e\x73\x6c\
\x61\x74\x65\x28\x36\x34\x2e\x30\x30\x30\x30\x30\x30\x2c\x20\x36\
\x34\x2e\x30\x30\x30\x30\x30\x30\x29\x22\x3e\x0a\x20\x20\x20\x20\
\x20\x20\x20\x20\x20\x20\x20\x20\x3c\x70\x61\x74\x68\x20\x64\x3d\
\x22\x4d\x32\x31\x33\x2e\x33\x33\x33\x33\x33\x33\x2c\x31\x2e\x34\
\x32\x31\x30\x38\x35\x34\x37\x65\x2d\x31\x34\x20\x4c\x31\x2e\x34\
\x32\x31\x30\x38\x35\x34\x37\x65\x2d\x31\x34\x2c\x31\x2e\x34\x32\
\x31\x30\x38\x35\x34\x37\x65\x2d\x31\x34\x20\x4c\x31\x2e\x34\x32\
\x31\x30\x38\x35\x34\x37\x65\x2d\x31\x34\x2c\x33\x38\x34\x20\x4c\
\x33\x38\x34\x2c\x33\x38\x34\x20\x4c\x33\x38\x34\x2c\x31\x37\x30\
\x2e\x36\x36\x36\x36\x36\x37\x20\x4c\x32\x31\x33\x2e\x33\x33\x33\
\x33\x33\x33\x2c\x31\x37\x30\x2e\x36\x36\x36\x36\x36\x37\x20\x4c\
\x32\x31\x33\x2e\x33\x33\x33\x33\x33\x33\x2c\x31\x2e\x34\x32\x31\
\x30\x38\x35\x34\x37\x65\x2d\x31\x34\x20\x5a\x20\x4d\x31\x37\x30\
\x2e\x36\x36\x36\x36\x36\x37\x2c\x33\x34\x31\x2e\x33\x33\x33\x33\
\x33\x33\x20\x4c\x34\x32\x2e\x36\x36\x36\x36\x36\x36\x37\x2c\x33\
\x34\x31\x2e\x33\x33\x33\x33\x33\x33\x20\x4c\x34\x32\x2e\x36\x36\
\x36\x36\x36\x36\x37\x2c\x32\x31\x33\x2e\x33\x33\x33\x33\x33\x33\
\x20\x4c\x31\x37\x30\x2e\x36\x36\x36\x36\x36\x37\x2c\x32\x31\x33\
\x2e\x33\x33\x33\x33\x33\x33\x20\x4c\x31\x37\x30\x2e\x36\x36\x36\
\x36\x36\x37\x2c\x33\x34\x31\x2e\x33\x33\x33\x33\x33\x33\x20\x5a\
\x20\x4d\x31\x37\x30\x2e\x36\x36\x36\x36\x36\x37\x2c\x31\x37\x30\
\x2e\x36\x36\x36\x36\x36\x37\x20\x4c\x34\x32\x2e\x36\x36\x36\x36\
\x36\x36\x37\x2c\x31\x37\x30\x2e\x36\x36\x36\x36\x36\x37\x20\x4c\
\x34\x32\x2e\x36\x36\x36\x36\x36\x36\x37\x2c\x34\x32\x2e\x36\x36\
\x36\x36\x36\x36\x37\x20\x4c\x31\x37\x30\x2e\x36\x36\x36\x36\x36\
\x37\x2c\x34\x32\x2e\x36\x36\x36\x36\x36\x36\x37\x20\x4c\x31\x37\
\x30\x2e\x36\x36\x36\x36\x36\x37\x2c\x31\x37\x30\x2e\x36\x36\x36\
\x36\x36\x37\x20\x5a\x20\x4d\x33\x34\x31\x2e\x33\x33\x33\x33\x33\
\x33\x2c\x32\x31\x33\x2e\x33\x33\x33\x33\x33\x33\x20\x4c\x33\x34\
\x31\x2e\x33\x33\x33\x33\x33\x33\x2c\x33\x34\x31\x2e\x33\x33\x33\
\x33\x33\x33\x20\x4c\x32\x31\x33\x2e\x33\x33\x33\x33\x33\x33\x2c\
\x33\x34\x31\x2e\x33\x33\x33\x33\x33\x33\x20\x4c\x32\x31\x33\x2e\
\x33\x33\x33\x33\x33\x33\x2c\x32\x31\x33\x2e\x33\x33\x33\x33\x33\
\x33\x20\x4c\x33\x34\x31\x2e\x33\x33\x33\x33\x33\x33\x2c\x32\x31\
\x33\x2e\x33\x33\x33\x33\x33\x33\x20\x5a\x20\x4d\x33\x38\x34\x2c\
\x31\x2e\x34\x32\x31\x30\x38\x35\x34\x37\x65\x2d\x31\x34\x20\x4c\
\x33\x38\x34\x2c\x31\x32\x38\x20\x4c\x32\x35\x36\x2c\x31\x32\x38\
\x20\x4c\x32\x35\x36\x2c\x31\x2e\x34\x32\x31\x30\x38\x35\x34\x37\
\x65\x2d\x31\x34\x20\x4c\x33\x38\x34\x2c\x31\x2e\x34\x32\x31\x30\
\x38\x35\x34\x37\x65\x2d\x31\x34\x20\x5a\x20\x4d\x33\x34\x31\x2e\
\x33\x33\x33\x33\x33\x33\x2c\x34\x32\x2e\x36\x36\x36\x36\x36\x36\
\x37\x20\x4c\x32\x39\x38\x2e\x36\x36\x36\x36\x36\x37\x2c\x34\x32\
\x2e\x36\x36\x36\x36\x36\x36\x37\x20\x4c\x32\x39\x38\x2e\x36\x36\
\x36\x36\x36\x37\x2c\x38\x35\x2e\x33\x33\x33\x33\x33\x33\x33\x20\
\x4c\x33\x34\x31\x2e\x33\x33\x33\x33\x33\x33\x2c\x38\x35\x2e\x33\
\x33\x33\x33\x33\x33\x33\x20\x4c\x33\x34\x31\x2e\x33\x33\x33\x33\
\x33\x33\x2c\x34\x32\x2e\x36\x36\x36\x36\x36\x36\x37\x20\x5a\x22\
\x20\x69\x64\x3d\x22\x43\x6f\x6d\x62\x69\x6e\x65\x64\x2d\x53\x68\
\x61\x70\x65\x22\x3e\x0a\x0a\x3c\x2f\x70\x61\x74\x68\x3e\x0a\x20\
\x20\x20\x20\x20\x20\x20\x20\x3c\x2f\x67\x3e\x0a\x20\x20\x20\x20\
\x3c\x2f\x67\x3e\x0a\x3c\x2f\x73\x76\x67\x3e\
\x00\x00\x03\x0a\
\x3c\
\x3f\x78\x6d\x6c\x20\x76\x65\x72\x73\x69\x6f\x6e\x3d\x22\x31\x2e\
\x30\x22\x20\x65\x6e\x63\x6f\x64\x69\x6e\x67\x3d\x22\x55\x54\x46\
\x2d\x38\x22\x3f\x3e\x0a\x3c\x21\x2d\x2d\x20\x55\x70\x6c\x6f\x61\
\x64\x65\x64\x20\x74\x6f\x3a\x20\x53\x56\x47\x20\x52\x65\x70\x6f\
\x2c\x20\x77\x77\x77\x2e\x73\x76\x67\x72\x65\x70\x6f\x2e\x63\x6f\
\x6d\x2c\x20\x47\x65\x6e\x65\x72\x61\x74\x6f\x72\x3a\x20\x53\x56\
\x47\x20\x52\x65\x70\x6f\x20\x4d\x69\x78\x65\x72\x20\x54\x6f\x6f\
\x6c\x73\x20\x2d\x2d\x3e\x0a\x3c\x73\x76\x67\x20\x77\x69\x64\x74\
\x68\x3d\x22\x38\x30\x30\x70\x78\x22\x20\x68\x65\x69\x67\x68\x74\
\x3d\x22\x38\x30\x30\x70\x78\x22\x20\x76\x69\x65\x77\x42\x6f\x78\
\x3d\x22\x30\x20\x30\x20\x35\x31\x32\x20\x35\x31\x32\x22\x20\x76\
\x65\x72\x73\x69\x6f\x6e\x3d\x22\x31\x2e\x31\x22\x20\x78\x6d\x6c\
\x6e\x73\x3d\x22\x68\x74\x74\x70\x3a\x2f\x2f\x77\x77\x77\x2e\x77\
\x33\x2e\x6f\x72\x67\x2f\x32\x30\x30\x30\x2f\x73\x76\x67\x22\x20\
\x78\x6d\x6c\x6e\x73\x3a\x78\x6c\x69\x6e\x6b\x3d\x22\x68\x74\x74\
\x70\x3a\x2f\x2f\x77\x77\x77\x2e\x77\x33\x2e\x6f\x72\x67\x2f\x31\
\x39\x39\x39\x2f\x78\x6c\x69\x6e\x6b\x22\x3e\x0a\x20\x20\x20\x20\
\x3c\x74\x69\x74\x6c\x65\x3e\x61\x72\x72\x6f\x77\x2d\x75\x70\x3c\
\x2f\x74\x69\x74\x6c\x65\x3e\x0a\x20\x20\x20\x20\x3c\x67\x20\x69\
\x64\x3d\x22\x50\x61\x67\x65\x2d\x31\x22\x20\x73\x74\x72\x6f\x6b\
\x65\x3d\x22\x6e\x6f\x6e\x65\x22\x20\x73\x74\x72\x6f\x6b\x65\x2d\
\x77\x69\x64\x74\x68\x3d\x22\x31\x22\x20\x66\x69\x6c\x6c\x3d\x22\
\x6e\x6f\x6e\x65\x22\x20\x66\x69\x6c\x6c\x2d\x72\x75\x6c\x65\x3d\
\x22\x65\x76\x65\x6e\x6f\x64\x64\x22\x20\x74\x72\x61\x6e\x73\x66\
\x6f\x72\x6d\x3d\x22\x74\x72\x61\x6e\x73\x6c\x61\x74\x65\x28\x32\
\x39\x30\x2c\x2d\x31\x32\x38\x29\x20\x72\x6f\x74\x61\x74\x65\x28\
\x34\x35\x29\x22\x3e\x0a\x20\x20\x20\x20\x20\x20\x20\x20\x3c\x67\
\x20\x69\x64\x3d\x22\x61\x64\x64\x22\x20\x66\x69\x6c\x6c\x3d\x22\
\x23\x66\x61\x66\x61\x66\x61\x22\x20\x74\x72\x61\x6e\x73\x66\x6f\
\x72\x6d\x3d\x22\x74\x72\x61\x6e\x73\x6c\x61\x74\x65\x28\x31\x33\
\x34\x2e\x32\x35\x35\x31\x34\x37\x2c\x20\x31\x30\x36\x2e\x36\x38\
\x30\x31\x30\x37\x29\x22\x3e\x0a\x20\x20\x20\x20\x20\x20\x20\x20\
\x20\x20\x20\x20\x3c\x70\x6f\x6c\x79\x67\x6f\x6e\x20\x69\x64\x3d\
\x22\x61\x72\x72\x6f\x77\x2d\x75\x70\x22\x20\x70\x6f\x69\x6e\x74\
\x73\x3d\x22\x31\x34\x33\x2e\x30\x37\x33\x30\x36\x37\x20\x32\x39\
\x38\x2e\x36\x33\x39\x37\x38\x37\x20\x31\x34\x33\x2e\x30\x37\x33\
\x30\x36\x37\x20\x38\x31\x2e\x36\x36\x36\x37\x37\x33\x33\x20\x32\
\x31\x33\x2e\x33\x32\x32\x38\x38\x20\x31\x35\x31\x2e\x39\x31\x36\
\x35\x38\x37\x20\x32\x34\x33\x2e\x34\x38\x39\x37\x30\x37\x20\x31\
\x32\x31\x2e\x37\x34\x39\x39\x37\x33\x20\x31\x32\x31\x2e\x37\x33\
\x39\x37\x33\x33\x20\x32\x2e\x38\x34\x32\x31\x37\x30\x39\x34\x65\
\x2d\x31\x34\x20\x30\x20\x31\x32\x31\x2e\x37\x34\x39\x39\x37\x33\
\x20\x33\x30\x2e\x31\x36\x36\x38\x32\x36\x37\x20\x31\x35\x31\x2e\
\x39\x31\x36\x35\x38\x37\x20\x31\x30\x30\x2e\x34\x30\x36\x34\x20\
\x38\x31\x2e\x36\x36\x39\x33\x33\x33\x33\x20\x31\x30\x30\x2e\x34\
\x30\x36\x34\x20\x32\x39\x38\x2e\x36\x33\x39\x37\x38\x37\x22\x3e\
\x0a\x0a\x3c\x2f\x70\x6f\x6c\x79\x67\x6f\x6e\x3e\x0a\x20\x20\x20\
\x20\x20\x20\x20\x20\x3c\x2f\x67\x3e\x0a\x20\x20\x20\x20\x3c\x2f\
\x67\x3e\x0a\x3c\x2f\x73\x76\x67\x3e\
\x00\x00\x04\xd9\
\x3c\
\x3f\x78\x6d\x6c\x20\x76\x65\x72\x73\x69\x6f\x6e\x3d\x22\x31\x2e\
\x30\x22\x20\x65\x6e\x63\x6f\x64\x69\x6e\x67\x3d\x22\x55\x54\x46\
\x2d\x38\x22\x3f\x3e\x0a\x3c\x21\x2d\x2d\x20\x55\x70\x6c\x6f\x61\
\x64\x65\x64\x20\x74\x6f\x3a\x20\x53\x56\x47\x20\x52\x65\x70\x6f\
\x2c\x20\x77\x77\x77\x2e\x73\x76\x67\x72\x65\x70\x6f\x2e\x63\x6f\
\x6d\x2c\x20\x47\x65\x6e\x65\x72\x61\x74\x6f\x72\x3a\x20\x53\x56\
\x47\x20\x52\x65\x70\x6f\x20\x4d\x69\x78\x65\x72\x20\x54\x6f\x6f\
\x6c\x73\x20\x2d\x2d\x3e\x0a\x3c\x73\x76\x67\x20\x77\x69\x64\x74\
\x68\x3d\x22\x38\x30\x30\x70\x78\x22\x20\x68\x65\x69\x67\x68\x74\
\x3d\x22\x38\x30\x30\x70\x78\x22\x20\x76\x69\x65\x77\x42\x6f\x78\
\x3d\x22\x30\x20\x30\x20\x35\x31\x32\x20\x35\x31\x32\x22\x20\x76\
\x65\x72\x73\x69\x6f\x6e\x3d\x22\x31\x2e\x31\x22\x20\x78\x6d\x6c\
\x6e\x73\x3d\x22\x68\x74\x74\x70\x3a\x2f\x2f\x77\x77\x77\x2e\x77\
\x33\x2e\x6f\x72\x67\x2f\x32\x30\x30\x30\x2f\x73\x76\x67\x22\x20\
\x78\x6d\x6c\x6e\x73\x3a\x78\x6c\x69\x6e\x6b\x3d\x22\x68\x74\x74\
\x70\x3a\x2f\x2f\x77\x77\x77\x2e\x77\x33\x2e\x6f\x72\x67\x2f\x31\
\x39\x39\x39\x2f\x78\x6c\x69\x6e\x6b\x22\x3e\x0a\x20\x20\x20\x20\
\x3c\x74\x69\x74\x6c\x65\x3e\x66\x75\x6c\x6c\x2d\x73\x63\x72\x65\
\x65\x65\x6e\x3c\x2f\x74\x69\x74\x6c\x65\x3e\x0a\x20\x20\x20\x20\
\x3c\x67\x20\x69\x64\x3d\x22\x50\x61\x67\x65\x2d\x31\x22\x20\x73\
\x74\x72\x6f\x6b\x65\x3d\x22\x6e\x6f\x6e\x65\x22\x20\x73\x74\x72\
\x6f\x6b\x65\x2d\x77\x69\x64\x74\x68\x3d\x22\x31\x22\x20\x66\x69\
\x6c\x6c\x3d\x22\x6e\x6f\x6e\x65\x22\x20\x66\x69\x6c\x6c\x2d\x72\
\x75\x6c\x65\x3d\x22\x65\x76\x65\x6e\x6f\x64\x64\x22\x3e\x0a\x20\
\x20\x20\x20\x20\x20\x20\x20\x3c\x67\x20\x69\x64\x3d\x22\x64\x72\
\x6f\x70\x22\x20\x66\x69\x6c\x6c\x3d\x22\x23\x66\x61\x66\x61\x66\
\x61\x22\x20\x74\x72\x61\x6e\x73\x66\x6f\x72\x6d\x3d\x22\x74\x72\
\x61\x6e\x73\x6c\x61\x74\x65\x28\x36\x34\x2e\x30\x30\x30\x30\x30\
\x30\x2c\x20\x36\x34\x2e\x30\x30\x30\x30\x30\x30\x29\x22\x3e\x0a\
\x20\x20\x20\x20\x20\x20\x20\x20\x20\x20\x20\x20\x3c\x70\x61\x74\
\x68\x20\x64\x3d\x22\x4d\x34\x32\x2e\x36\x36\x36\x36\x36\x36\x37\
\x2c\x2d\x34\x2e\x32\x36\x33\x32\x35\x36\x34\x31\x65\x2d\x31\x34\
\x20\x4c\x2d\x34\x2e\x32\x36\x33\x32\x35\x36\x34\x31\x65\x2d\x31\
\x34\x2c\x2d\x34\x2e\x32\x36\x33\x32\x35\x36\x34\x31\x65\x2d\x31\
\x34\x20\x4c\x2d\x34\x2e\x32\x36\x33\x32\x35\x36\x34\x31\x65\x2d\
\x31\x34\x2c\x34\x32\x2e\x36\x36\x36\x36\x36\x36\x37\x20\x4c\x2d\
\x34\x2e\x32\x36\x33\x32\x35\x36\x34\x31\x65\x2d\x31\x34\x2c\x31\
\x32\x38\x20\x4c\x34\x32\x2e\x36\x36\x36\x36\x36\x36\x37\x2c\x31\
\x32\x38\x20\x4c\x34\x32\x2e\x36\x36\x36\x36\x36\x36\x37\x2c\x34\
\x32\x2e\x36\x36\x36\x36\x36\x36\x37\x20\x4c\x31\x32\x38\x2c\x34\
\x32\x2e\x36\x36\x36\x36\x36\x36\x37\x20\x4c\x31\x32\x38\x2c\x2d\
\x34\x2e\x32\x36\x33\x32\x35\x36\x34\x31\x65\x2d\x31\x34\x20\x4c\
\x34\x32\x2e\x36\x36\x36\x36\x36\x36\x37\x2c\x2d\x34\x2e\x32\x36\
\x33\x32\x35\x36\x34\x31\x65\x2d\x31\x34\x20\x5a\x20\x4d\x34\x32\
\x2e\x36\x36\x36\x36\x36\x36\x37\x2c\x32\x35\x36\x20\x4c\x2d\x34\
\x2e\x32\x36\x33\x32\x35\x36\x34\x31\x65\x2d\x31\x34\x2c\x32\x35\
\x36\x20\x4c\x2d\x34\x2e\x32\x36\x33\x32\x35\x36\x34\x31\x65\x2d\
\x31\x34\x2c\x33\x34\x31\x2e\x33\x33\x33\x33\x33\x33\x20\x4c\x2d\
\x34\x2e\x32\x36\x33\x32\x35\x36\x34\x31\x65\x2d\x31\x34\x2c\x33\
\x38\x34\x20\x4c\x34\x32\x2e\x36\x36\x36\x36\x36\x36\x37\x2c\x33\
\x38\x34\x20\x4c\x31\x32\x38\x2c\x33\x38\x34\x20\x4c\x31\x32\x38\
\x2c\x33\x34\x31\x2e\x33\x33\x33\x33\x33\x33\x20\x4c\x34\x32\x2e\
\x36\x36\x36\x36\x36\x36\x37\x2c\x33\x34\x31\x2e\x33\x33\x33\x33\
\x33\x33\x20\x4c\x34\x32\x2e\x36\x36\x36\x36\x36\x36\x37\x2c\x32\
\x35\x36\x20\x5a\x20\x4d\x32\x35\x36\x2c\x2d\x34\x2e\x32\x36\x33\
\x32\x35\x36\x34\x31\x65\x2d\x31\x34\x20\x4c\x32\x35\x36\x2c\x34\
\x32\x2e\x36\x36\x36\x36\x36\x36\x37\x20\x4c\x33\x34\x31\x2e\x33\
\x33\x33\x33\x33\x33\x2c\x34\x32\x2e\x36\x36\x36\x36\x36\x36\x37\
\x20\x4c\x33\x34\x31\x2e\x33\x33\x33\x33\x33\x33\x2c\x31\x32\x38\
\x20\x4c\x33\x38\x34\x2c\x31\x32\x38\x20\x4c\x33\x38\x34\x2c\x34\
\x32\x2e\x36\x36\x36\x36\x36\x36\x37\x20\x4c\x33\x38\x34\x2c\x2d\
\x34\x2e\x32\x36\x33\x32\x35\x36\x34\x31\x65\x2d\x31\x34\x20\x4c\
\x33\x34\x31\x2e\x33\x33\x33\x33\x33\x33\x2c\x2d\x34\x2e\x32\x36\
\x33\x32\x35\x36\x34\x31\x65\x2d\x31\x34\x20\x4c\x32\x35\x36\x2c\
\x2d\x34\x2e\x32\x36\x33\x32\x35\x36\x34\x31\x65\x2d\x31\x34\x20\
\x5a\x20\x4d\x33\x34\x31\x2e\x33\x33\x33\x33\x33\x33\x2c\x33\x34\
\x31\x2e\x33\x33\x33\x33\x33\x33\x20\x4c\x32\x35\x36\x2c\x33\x34\
\x31\x2e\x33\x33\x33\x33\x33\x33\x20\x4c\x32\x35\x36\x2c\x33\x38\
\x34\x20\x4c\x33\x34\x31\x2e\x33\x33\x33\x33\x33\x33\x2c\x33\x38\
\x34\x20\x4c\x33\x38\x34\x2c\x33\x38\x34\x20\x4c\x33\x38\x34\x2c\
\x33\x34\x31\x2e\x33\x33\x33\x33\x33\x33\x20\x4c\x33\x38\x34\x2c\
\x32\x35\x36\x20\x4c\x33\x34\x31\x2e\x33\x33\x33\x33\x33\x33\x2c\
\x32\x35\x36\x20\x4c\x33\x34\x31\x2e\x33\x33\x33\x33\x33\x33\x2c\
\x33\x34\x31\x2e\x33\x33\x33\x33\x33\x33\x20\x5a\x22\x20\x69\x64\
\x3d\x22\x43\x6f\x6d\x62\x69\x6e\x65\x64\x2d\x53\x68\x61\x70\x65\
\x22\x3e\x0a\x0a\x3c\x2f\x70\x61\x74\x68\x3e\x0a\x20\x20\x20\x20\
\x20\x20\x20\x20\x3c\x2f\x67\x3e\x0a\x20\x20\x20\x20\x3c\x2f\x67\
\x3e\x0a\x3c\x2f\x73\x76\x67\x3e\
\x00\x00\x04\x91\
\x3c\
\x3f\x78\x6d\x6c\x20\x76\x65\x72\x73\x69\x6f\x6e\x3d\x22\x31\x2e\
\x30\x22\x20\x65\x6e\x63\x6f\x64\x69\x6e\x67\x3d\x22\x55\x54\x46\
\x2d\x38\x22\x3f\x3e\x0a\x3c\x21\x2d\x2d\x20\x55\x70\x6c\x6f\x61\
\x64\x65\x64\x20\x74\x6f\x3a\x20\x53\x56\x47\x20\x52\x65\x70\x6f\
\x2c\x20\x77\x77\x77\x2e\x73\x76\x67\x72\x65\x70\x6f\x2e\x63\x6f\
\x6d\x2c\x20\x47\x65\x6e\x65\x72\x61\x74\x6f\x72\x3a\x20\x53\x56\
\x47\x20\x52\x65\x70\x6f\x20\x4d\x69\x78\x65\x72\x20\x54\x6f\x6f\
\x6c\x73\x20\x2d\x2d\x3e\x0a\x3c\x73\x76\x67\x20\x77\x69\x64\x74\
\x68\x3d\x22\x38\x30\x30\x70\x78\x22\x20\x68\x65\x69\x67\x68\x74\
\x3d\x22\x38\x30\x30\x70\x78\x22\x20\x76\x69\x65\x77\x42\x6f\x78\
\x3d\x22\x30\x20\x30\x20\x35\x31\x32\x20\x35\x31\x32\x22\x20\x76\
\x65\x72\x73\x69\x6f\x6e\x3d\x22\x31\x2e\x31\x22\x20\x78\x6d\x6c\
\x6e\x73\x3d\x22\x68\x74\x74\x70\x3a\x2f\x2f\x77\x77\x77\x2e\x77\
\x33\x2e\x6f\x72\x67\x2f\x32\x30\x30\x30\x2f\x73\x76\x67\x22\x20\
\x78\x6d\x6c\x6e\x73\x3a\x78\x6c\x69\x6e\x6b\x3d\x22\x68\x74\x74\
\x70\x3a\x2f\x2f\x77\x77\x77\x2e\x77\x33\x2e\x6f\x72\x67\x2f\x31\
\x39\x39\x39\x2f\x78\x6c\x69\x6e\x6b\x22\x3e\x0a\x20\x20\x20\x20\
\x3c\x74\x69\x74\x6c\x65\x3e\x66\x75\x6c\x6c\x2d\x73\x63\x72\x65\
\x65\x65\x6e\x2d\x65\x78\x69\x74\x3c\x2f\x74\x69\x74\x6c\x65\x3e\
\x0a\x20\x20\x20\x20\x3c\x67\x20\x69\x64\x3d\x22\x50\x61\x67\x65\
\x2d\x31\x22\x20\x73\x74\x72\x6f\x6b\x65\x3d\x22\x6e\x6f\x6e\x65\
\x22\x20\x73\x74\x72\x6f\x6b\x65\x2d\x77\x69\x64\x74\x68\x3d\x22\
\x31\x22\x20\x66\x69\x6c\x6c\x3d\x22\x6e\x6f\x6e\x65\x22\x20\x66\
\x69\x6c\x6c\x2d\x72\x75\x6c\x65\x3d\x22\x65\x76\x65\x6e\x6f\x64\
\x64\x22\x3e\x0a\x20\x20\x20\x20\x20\x20\x20\x20\x3c\x67\x20\x69\
\x64\x3d\x22\x64\x72\x6f\x70\x22\x20\x66\x69\x6c\x6c\x3d\x22\x23\
\x66\x61\x66\x61\x66\x61\x22\x20\x74\x72\x61\x6e\x73\x66\x6f\x72\
\x6d\x3d\x22\x74\x72\x61\x6e\x73\x6c\x61\x74\x65\x28\x36\x34\x2e\
\x30\x30\x30\x30\x30\x30\x2c\x20\x36\x34\x2e\x30\x30\x30\x30\x30\
\x30\x29\x22\x3e\x0a\x20\x20\x20\x20\x20\x20\x20\x20\x20\x20\x20\
\x20\x3c\x70\x61\x74\x68\x20\x64\x3d\x22\x4d\x31\x32\x38\x2c\x2d\
\x31\x2e\x34\x32\x31\x30\x38\x35\x34\x37\x65\x2d\x31\x34\x20\x4c\
\x31\x32\x37\x2e\x39\x39\x39\x2c\x38\x35\x2e\x33\x33\x33\x20\x4c\
\x31\x32\x38\x2c\x38\x35\x2e\x33\x33\x33\x33\x33\x33\x33\x20\x4c\
\x31\x32\x38\x2c\x31\x32\x38\x20\x4c\x31\x32\x37\x2e\x39\x39\x39\
\x2c\x31\x32\x37\x2e\x39\x39\x39\x20\x4c\x31\x32\x38\x2c\x31\x32\
\x38\x20\x4c\x38\x35\x2e\x33\x33\x33\x33\x33\x33\x33\x2c\x31\x32\
\x38\x20\x4c\x38\x35\x2e\x33\x33\x33\x2c\x31\x32\x37\x2e\x39\x39\
\x39\x20\x4c\x32\x2e\x37\x30\x30\x30\x36\x32\x34\x65\x2d\x31\x33\
\x2c\x31\x32\x38\x20\x4c\x32\x2e\x37\x30\x30\x30\x36\x32\x34\x65\
\x2d\x31\x33\x2c\x38\x35\x2e\x33\x33\x33\x33\x33\x33\x33\x20\x4c\
\x38\x35\x2e\x33\x33\x33\x2c\x38\x35\x2e\x33\x33\x33\x20\x4c\x38\
\x35\x2e\x33\x33\x33\x33\x33\x33\x33\x2c\x2d\x31\x2e\x34\x32\x31\
\x30\x38\x35\x34\x37\x65\x2d\x31\x34\x20\x4c\x31\x32\x38\x2c\x2d\
\x31\x2e\x34\x32\x31\x30\x38\x35\x34\x37\x65\x2d\x31\x34\x20\x5a\
\x20\x4d\x31\x32\x38\x2c\x32\x35\x36\x20\x4c\x31\x32\x38\x2c\x32\
\x39\x38\x2e\x36\x36\x36\x36\x36\x37\x20\x4c\x31\x32\x37\x2e\x39\
\x39\x39\x2c\x32\x39\x38\x2e\x36\x36\x36\x20\x4c\x31\x32\x38\x2c\
\x33\x38\x34\x20\x4c\x38\x35\x2e\x33\x33\x33\x33\x33\x33\x33\x2c\
\x33\x38\x34\x20\x4c\x38\x35\x2e\x33\x33\x33\x2c\x32\x39\x38\x2e\
\x36\x36\x36\x20\x4c\x32\x2e\x37\x30\x30\x30\x36\x32\x34\x65\x2d\
\x31\x33\x2c\x32\x39\x38\x2e\x36\x36\x36\x36\x36\x37\x20\x4c\x32\
\x2e\x37\x30\x30\x30\x36\x32\x34\x65\x2d\x31\x33\x2c\x32\x35\x36\
\x20\x4c\x31\x32\x38\x2c\x32\x35\x36\x20\x5a\x20\x4d\x32\x39\x38\
\x2e\x36\x36\x36\x36\x36\x37\x2c\x2d\x31\x2e\x34\x32\x31\x30\x38\
\x35\x34\x37\x65\x2d\x31\x34\x20\x4c\x32\x39\x38\x2e\x36\x36\x36\
\x2c\x38\x35\x2e\x33\x33\x33\x20\x4c\x33\x38\x34\x2c\x38\x35\x2e\
\x33\x33\x33\x33\x33\x33\x33\x20\x4c\x33\x38\x34\x2c\x31\x32\x38\
\x20\x4c\x32\x39\x38\x2e\x36\x36\x36\x2c\x31\x32\x37\x2e\x39\x39\
\x39\x20\x4c\x32\x39\x38\x2e\x36\x36\x36\x36\x36\x37\x2c\x31\x32\
\x38\x20\x4c\x32\x35\x36\x2c\x31\x32\x38\x20\x4c\x32\x35\x36\x2c\
\x2d\x31\x2e\x34\x32\x31\x30\x38\x35\x34\x37\x65\x2d\x31\x34\x20\
\x4c\x32\x39\x38\x2e\x36\x36\x36\x36\x36\x37\x2c\x2d\x31\x2e\x34\
\x32\x31\x30\x38\x35\x34\x37\x65\x2d\x31\x34\x20\x5a\x20\x4d\x33\
\x38\x34\x2c\x32\x35\x36\x20\x4c\x33\x38\x34\x2c\x32\x39\x38\x2e\
\x36\x36\x36\x36\x36\x37\x20\x4c\x32\x39\x38\x2e\x36\x36\x36\x2c\
\x32\x39\x38\x2e\x36\x36\x36\x20\x4c\x32\x39\x38\x2e\x36\x36\x36\
\x36\x36\x37\x2c\x33\x38\x34\x20\x4c\x32\x35\x36\x2c\x33\x38\x34\
\x20\x4c\x32\x35\x36\x2c\x32\x35\x36\x20\x4c\x33\x38\x34\x2c\x32\
\x35\x36\x20\x5a\x22\x20\x69\x64\x3d\x22\x43\x6f\x6d\x62\x69\x6e\
\x65\x64\x2d\x53\x68\x61\x70\x65\x22\x3e\x0a\x0a\x3c\x2f\x70\x61\
\x74\x68\x3e\x0a\x20\x20\x20\x20\x20\x20\x20\x20\x3c\x2f\x67\x3e\
\x0a\x20\x20\x20\x20\x3c\x2f\x67\x3e\x0a\x3c\x2f\x73\x76\x67\x3e\
\
\x00\x00\x03\x0c\
\x3c\
\x3f\x78\x6d\x6c\x20\x76\x65\x72\x73\x69\x6f\x6e\x3d\x22\x31\x2e\
\x30\x22\x20\x65\x6e\x63\x6f\x64\x69\x6e\x67\x3d\x22\x55\x54\x46\
\x2d\x38\x22\x3f\x3e\x0a\x3c\x21\x2d\x2d\x20\x55\x70\x6c\x6f\x61\
\x64\x65\x64\x20\x74\x6f\x3a\x20\x53\x56\x47\x20\x52\x65\x70\x6f\
\x2c\x20\x77\x77\x77\x2e\x73\x76\x67\x72\x65\x70\x6f\x2e\x63\x6f\
\x6d\x2c\x20\x47\x65\x6e\x65\x72\x61\x74\x6f\x72\x3a\x20\x53\x56\
\x47\x20\x52\x65\x70\x6f\x20\x4d\x69\x78\x65\x72\x20\x54\x6f\x6f\
\x6c\x73\x20\x2d\x2d\x3e\x0a\x3c\x73\x76\x67\x20\x77\x69\x64\x74\
\x68\x3d\x22\x38\x30\x30\x70\x78\x22\x20\x68\x65\x69\x67\x68\x74\
\x3d\x22\x38\x30\x30\x70\x78\x22\x20\x76\x69\x65\x77\x42\x6f\x78\
\x3d\x22\x30\x20\x30\x20\x35\x31\x32\x20\x35\x31\x32\x22\x20\x76\
\x65\x72\x73\x69\x6f\x6e\x3d\x22\x31\x2e\x31\x22\x20\x78\x6d\x6c\
\x6e\x73\x3d\x22\x68\x74\x74\x70\x3a\x2f\x2f\x77\x77\x77\x2e\x77\
\x33\x2e\x6f\x72\x67\x2f\x32\x30\x30\x30\x2f\x73\x76\x67\x22\x20\
\x78\x6d\x6c\x6e\x73\x3a\x78\x6c\x69\x6e\x6b\x3d\x22\x68\x74\x74\
\x70\x3a\x2f\x2f\x77\x77\x77\x2e\x77\x33\x2e\x6f\x72\x67\x2f\x31\
\x39\x39\x39\x2f\x78\x6c\x69\x6e\x6b\x22\x3e\x0a\x20\x20\x20\x20\
\x3c\x74\x69\x74\x6c\x65\x3e\x61\x72\x72\x6f\x77\x2d\x75\x70\x3c\
\x2f\x74\x69\x74\x6c\x65\x3e\x0a\x20\x20\x20\x20\x3c\x67\x20\x69\
\x64\x3d\x22\x50\x61\x67\x65\x2d\x31\x22\x20\x73\x74\x72\x6f\x6b\
\x65\x3d\x22\x6e\x6f\x6e\x65\x22\x20\x73\x74\x72\x6f\x6b\x65\x2d\
\x77\x69\x64\x74\x68\x3d\x22\x31\x22\x20\x66\x69\x6c\x6c\x3d\x22\
\x6e\x6f\x6e\x65\x22\x20\x66\x69\x6c\x6c\x2d\x72\x75\x6c\x65\x3d\
\x22\x65\x76\x65\x6e\x6f\x64\x64\x22\x20\x74\x72\x61\x6e\x73\x66\
\x6f\x72\x6d\x3d\x22\x74\x72\x61\x6e\x73\x6c\x61\x74\x65\x28\x2d\
\x31\x32\x38\x2c\x20\x32\x34\x30\x29\x20\x72\x6f\x74\x61\x74\x65\
\x28\x2d\x34\x35\x29\x22\x3e\x0a\x20\x20\x20\x20\x20\x20\x20\x20\
\x3c\x67\x20\x69\x64\x3d\x22\x61\x64\x64\x22\x20\x66\x69\x6c\x6c\
\x3d\x22\x23\x66\x61\x66\x61\x66\x61\x22\x20\x74\x72\x61\x6e\x73\
\x66\x6f\x72\x6d\x3d\x22\x74\x72\x61\x6e\x73\x6c\x61\x74\x65\x28\
\x31\x33\x34\x2e\x32\x35\x35\x31\x34\x37\x2c\x20\x31\x30\x36\x2e\
\x36\x38\x30\x31\x30\x37\x29\x22\x3e\x0a\x20\x20\x20\x20\x20\x20\
\x20\x20\x20\x20\x20\x20\x3c\x70\x6f\x6c\x79\x67\x6f\x6e\x20\x69\
\x64\x3d\x22\x61\x72\x72\x6f\x77\x2d\x75\x70\x22\x20\x70\x6f\x69\
\x6e\x74\x73\x3d\x22\x31\x34\x33\x2e\x30\x37\x33\x30\x36\x37\x20\
\x32\x39\x38\x2e\x36\x33\x39\x37\x38\x37\x20\x31\x34\x33\x2e\x30\
\x37\x33\x30\x36\x37\x20\x38\x31\x2e\x36\x36\x36\x37\x37\x33\x33\
\x20\x32\x31\x33\x2e\x33\x32\x32\x38\x38\x20\x31\x35\x31\x2e\x39\
\x31\x36\x35\x38\x37\x20\x32\x34\x33\x2e\x34\x38\x39\x37\x30\x37\
\x20\x31\x32\x31\x2e\x37\x34\x39\x39\x37\x33\x20\x31\x32\x31\x2e\
\x37\x33\x39\x37\x33\x33\x20\x32\x2e\x38\x34\x32\x31\x37\x30\x39\
\x34\x65\x2d\x31\x34\x20\x30\x20\x31\x32\x31\x2e\x37\x34\x39\x39\
\x37\x33\x20\x33\x30\x2e\x31\x36\x36\x38\x32\x36\x37\x20\x31\x35\
\x31\x2e\x39\x31\x36\x35\x38\x37\x20\x31\x30\x30\x2e\x34\x30\x36\
\x34\x20\x38\x31\x2e\x36\x36\x39\x33\x33\x33\x33\x20\x31\x30\x30\
\x2e\x34\x30\x36\x34\x20\x32\x39\x38\x2e\x36\x33\x39\x37\x38\x37\
\x22\x3e\x0a\x0a\x3c\x2f\x70\x6f\x6c\x79\x67\x6f\x6e\x3e\x0a\x20\
\x20\x20\x20\x20\x20\x20\x20\x3c\x2f\x67\x3e\x0a\x20\x20\x20\x20\
\x3c\x2f\x67\x3e\x0a\x3c\x2f\x73\x76\x67\x3e\
\x00\x00\x03\x10\
\x3c\
\x3f\x78\x6d\x6c\x20\x76\x65\x72\x73\x69\x6f\x6e\x3d\x22\x31\x2e\
\x30\x22\x20\x65\x6e\x63\x6f\x64\x69\x6e\x67\x3d\x22\x55\x54\x46\
\x2d\x38\x22\x3f\x3e\x0a\x3c\x21\x2d\x2d\x20\x55\x70\x6c\x6f\x61\
\x64\x65\x64\x20\x74\x6f\x3a\x20\x53\x56\x47\x20\x52\x65\x70\x6f\
\x2c\x20\x77\x77\x77\x2e\x73\x76\x67\x72\x65\x70\x6f\x2e\x63\x6f\
\x6d\x2c\x20\x47\x65\x6e\x65\x72\x61\x74\x6f\x72\x3a\x20\x53\x56\
\x47\x20\x52\x65\x70\x6f\x20\x4d\x69\x78\x65\x72\x20\x54\x6f\x6f\
\x6c\x73\x20\x2d\x2d\x3e\x0a\x3c\x73\x76\x67\x20\x77\x69\x64\x74\
\x68\x3d\x22\x38\x30\x30\x70\x78\x22\x20\x68\x65\x69\x67\x68\x74\
\x3d\x22\x38\x30\x30\x70\x78\x22\x20\x76\x69\x65\x77\x42\x6f\x78\
\x3d\x22\x30\x20\x30\x20\x35\x31\x32\x20\x35\x31\x32\x22\x20\x76\
\x65\x72\x73\x69\x6f\x6e\x3d\x22\x31\x2e\x31\x22\x20\x78\x6d\x6c\
\x6e\x73\x3d\x22\x68\x74\x74\x70\x3a\x2f\x2f\x77\x77\x77\x2e\x77\
\x33\x2e\x6f\x72\x67\x2f\x32\x30\x30\x30\x2f\x73\x76\x67\x22\x20\
\x78\x6d\x6c\x6e\x73\x3a\x78\x6c\x69\x6e\x6b\x3d\x22\x68\x74\x74\
\x70\x3a\x2f\x2f\x77\x77\x77\x2e\x77\x33\x2e\x6f\x72\x67\x2f\x31\
\x39\x39\x39\x2f\x78\x6c\x69\x6e\x6b\x22\x3e\x0a\x20\x20\x20\x20\
\x3c\x74\x69\x74\x6c\x65\x3e\x61\x72\x72\x6f\x77\x2d\x64\x6f\x77\
\x6e\x3c\x2f\x74\x69\x74\x6c\x65\x3e\x0a\x20\x20\x20\x20\x3c\x67\
\x20\x69\x64\x3d\x22\x50\x61\x67\x65\x2d\x31\x22\x20\x73\x74\x72\
\x6f\x6b\x65\x3d\x22\x6e\x6f\x6e\x65\x22\x20\x73\x74\x72\x6f\x6b\
\x65\x2d\x77\x69\x64\x74\x68\x3d\x22\x31\x22\x20\x66\x69\x6c\x6c\
\x3d\x22\x6e\x6f\x6e\x65\x22\x20\x66\x69\x6c\x6c\x2d\x72\x75\x6c\
\x65\x3d\x22\x65\x76\x65\x6e\x6f\x64\x64\x22\x20\x74\x72\x61\x6e\
\x73\x66\x6f\x72\x6d\x3d\x22\x74\x72\x61\x6e\x73\x6c\x61\x74\x65\
\x28\x32\x35\x36\x2c\x2d\x31\x31\x32\x29\x20\x72\x6f\x74\x61\x74\
\x65\x28\x34\x35\x29\x22\x3e\x0a\x20\x20\x20\x20\x20\x20\x20\x20\
\x3c\x67\x20\x69\x64\x3d\x22\x61\x64\x64\x22\x20\x66\x69\x6c\x6c\
\x3d\x22\x23\x66\x61\x66\x61\x66\x61\x22\x20\x74\x72\x61\x6e\x73\
\x66\x6f\x72\x6d\x3d\x22\x74\x72\x61\x6e\x73\x6c\x61\x74\x65\x28\
\x31\x33\x34\x2e\x32\x35\x35\x31\x34\x37\x2c\x20\x31\x30\x36\x2e\
\x36\x38\x30\x31\x30\x37\x29\x22\x3e\x0a\x20\x20\x20\x20\x20\x20\
\x20\x20\x20\x20\x20\x20\x3c\x70\x6f\x6c\x79\x67\x6f\x6e\x20\x69\
\x64\x3d\x22\x61\x72\x72\x6f\x77\x2d\x64\x6f\x77\x6e\x22\x20\x70\
\x6f\x69\x6e\x74\x73\x3d\x22\x31\x30\x30\x2e\x34\x31\x36\x36\x34\
\x20\x32\x2e\x38\x34\x32\x31\x37\x30\x39\x34\x65\x2d\x31\x34\x20\
\x31\x30\x30\x2e\x34\x31\x36\x36\x34\x20\x32\x31\x36\x2e\x39\x37\
\x33\x32\x32\x37\x20\x33\x30\x2e\x31\x36\x36\x36\x31\x33\x33\x20\
\x31\x34\x36\x2e\x37\x32\x33\x32\x20\x30\x20\x31\x37\x36\x2e\x38\
\x38\x39\x38\x31\x33\x20\x31\x32\x31\x2e\x37\x34\x39\x39\x37\x33\
\x20\x32\x39\x38\x2e\x36\x33\x39\x37\x38\x37\x20\x32\x34\x33\x2e\
\x34\x38\x39\x37\x30\x37\x20\x31\x37\x36\x2e\x38\x38\x39\x38\x31\
\x33\x20\x32\x31\x33\x2e\x33\x32\x32\x38\x38\x20\x31\x34\x36\x2e\
\x37\x32\x33\x32\x20\x31\x34\x33\x2e\x30\x38\x33\x33\x30\x37\x20\
\x32\x31\x36\x2e\x39\x37\x30\x34\x35\x33\x20\x31\x34\x33\x2e\x30\
\x38\x33\x33\x30\x37\x20\x32\x2e\x38\x34\x32\x31\x37\x30\x39\x34\
\x65\x2d\x31\x34\x22\x3e\x0a\x0a\x3c\x2f\x70\x6f\x6c\x79\x67\x6f\
\x6e\x3e\x0a\x20\x20\x20\x20\x20\x20\x20\x20\x3c\x2f\x67\x3e\x0a\
\x20\x20\x20\x20\x3c\x2f\x67\x3e\x0a\x3c\x2f\x73\x76\x67\x3e\
\x00\x00\x02\xe5\
\x3c\
\x3f\x78\x6d\x6c\x20\x76\x65\x72\x73\x69\x6f\x6e\x3d\x22\x31\x2e\
\x30\x22\x20\x65\x6e\x63\x6f\x64\x69\x6e\x67\x3d\x22\x55\x54\x46\
\x2d\x38\x22\x3f\x3e\x0a\x3c\x21\x2d\x2d\x20\x55\x70\x6c\x6f\x61\
\x64\x65\x64\x20\x74\x6f\x3a\x20\x53\x56\x47\x20\x52\x65\x70\x6f\
\x2c\x20\x77\x77\x77\x2e\x73\x76\x67\x72\x65\x70\x6f\x2e\x63\x6f\
\x6d\x2c\x20\x47\x65\x6e\x65\x72\x61\x74\x6f\x72\x3a\x20\x53\x56\
\x47\x20\x52\x65\x70\x6f\x20\x4d\x69\x78\x65\x72\x20\x54\x6f\x6f\
\x6c\x73\x20\x2d\x2d\x3e\x0a\x3c\x73\x76\x67\x20\x77\x69\x64\x74\
\x68\x3d\x22\x38\x30\x30\x70\x78\x22\x20\x68\x65\x69\x67\x68\x74\
\x3d\x22\x38\x30\x30\x70\x78\x22\x20\x76\x69\x65\x77\x42\x6f\x78\
\x3d\x22\x30\x20\x30\x20\x35\x31\x32\x20\x35\x31\x32\x22\x20\x76\
\x65\x72\x73\x69\x6f\x6e\x3d\x22\x31\x2e\x31\x22\x20\x78\x6d\x6c\
\x6e\x73\x3d\x22\x68\x74\x74\x70\x3a\x2f\x2f\x77\x77\x77\x2e\x77\
\x33\x2e\x6f\x72\x67\x2f\x32\x30\x30\x30\x2f\x73\x76\x67\x22\x20\
\x78\x6d\x6c\x6e\x73\x3a\x78\x6c\x69\x6e\x6b\x3d\x22\x68\x74\x74\
\x70\x3a\x2f\x2f\x77\x77\x77\x2e\x77\x33\x2e\x6f\x72\x67\x2f\x31\
\x39\x39\x39\x2f\x78\x6c\x69\x6e\x6b\x22\x3e\x0a\x20\x20\x20\x20\
\x3c\x74\x69\x74\x6c\x65\x3e\x61\x72\x72\x6f\x77\x2d\x72\x69\x67\
\x68\x74\x3c\x2f\x74\x69\x74\x6c\x65\x3e\x0a\x20\x20\x20\x20\x3c\
\x67\x20\x69\x64\x3d\x22\x50\x61\x67\x65\x2d\x31\x22\x20\x73\x74\
\x72\x6f\x6b\x65\x3d\x22\x6e\x6f\x6e\x65\x22\x20\x73\x74\x72\x6f\
\x6b\x65\x2d\x77\x69\x64\x74\x68\x3d\x22\x31\x22\x20\x66\x69\x6c\
\x6c\x3d\x22\x6e\x6f\x6e\x65\x22\x20\x66\x69\x6c\x6c\x2d\x72\x75\
\x6c\x65\x3d\x22\x65\x76\x65\x6e\x6f\x64\x64\x22\x3e\x0a\x20\x20\
\x20\x20\x20\x20\x20\x20\x3c\x67\x20\x69\x64\x3d\x22\x61\x64\x64\
\x22\x20\x66\x69\x6c\x6c\x3d\x22\x23\x66\x61\x66\x61\x66\x61\x22\
\x20\x74\x72\x61\x6e\x73\x66\x6f\x72\x6d\x3d\x22\x74\x72\x61\x6e\
\x73\x6c\x61\x74\x65\x28\x31\x30\x36\x2e\x36\x38\x30\x31\x30\x37\
\x2c\x20\x31\x33\x34\x2e\x32\x35\x35\x31\x34\x37\x29\x22\x3e\x0a\
\x20\x20\x20\x20\x20\x20\x20\x20\x20\x20\x20\x20\x3c\x70\x6f\x6c\
\x79\x67\x6f\x6e\x20\x69\x64\x3d\x22\x61\x72\x72\x6f\x77\x2d\x72\
\x69\x67\x68\x74\x22\x20\x70\x6f\x69\x6e\x74\x73\x3d\x22\x31\x2e\
\x34\x32\x31\x30\x38\x35\x34\x37\x65\x2d\x31\x34\x20\x31\x34\x33\
\x2e\x30\x37\x33\x30\x36\x37\x20\x32\x31\x36\x2e\x39\x37\x33\x30\
\x31\x33\x20\x31\x34\x33\x2e\x30\x37\x33\x30\x36\x37\x20\x31\x34\
\x36\x2e\x37\x32\x33\x32\x20\x32\x31\x33\x2e\x33\x32\x32\x38\x38\
\x20\x31\x37\x36\x2e\x38\x38\x39\x38\x31\x33\x20\x32\x34\x33\x2e\
\x34\x38\x39\x37\x30\x37\x20\x32\x39\x38\x2e\x36\x33\x39\x37\x38\
\x37\x20\x31\x32\x31\x2e\x37\x33\x39\x37\x33\x33\x20\x31\x37\x36\
\x2e\x38\x38\x39\x38\x31\x33\x20\x30\x20\x31\x34\x36\x2e\x37\x32\
\x33\x32\x20\x33\x30\x2e\x31\x36\x36\x38\x32\x36\x37\x20\x32\x31\
\x36\x2e\x39\x37\x30\x34\x35\x33\x20\x31\x30\x30\x2e\x34\x30\x36\
\x34\x20\x31\x2e\x34\x32\x31\x30\x38\x35\x34\x37\x65\x2d\x31\x34\
\x20\x31\x30\x30\x2e\x34\x30\x36\x34\x22\x3e\x0a\x0a\x3c\x2f\x70\
\x6f\x6c\x79\x67\x6f\x6e\x3e\x0a\x20\x20\x20\x20\x20\x20\x20\x20\
\x3c\x2f\x67\x3e\x0a\x20\x20\x20\x20\x3c\x2f\x67\x3e\x0a\x3c\x2f\
\x73\x76\x67\x3e\
"

qt_resource_name = b"\
\x00\x05\
\x00\x6f\xa6\x53\
\x00\x69\
\x00\x63\x00\x6f\x00\x6e\x00\x73\
\x00\x16\
\x00\xe6\x0d\x87\
\x00\x73\
\x00\x70\x00\x6c\x00\x69\x00\x74\x00\x2d\x00\x68\x00\x6f\x00\x72\x00\x69\x00\x7a\x00\x6f\x00\x6e\x00\x74\x00\x61\x00\x6c\x00\x6c\
\x00\x79\x00\x2e\x00\x73\x00\x76\x00\x67\
\x00\x11\
\x01\x0d\x82\x47\
\x00\x65\
\x00\x79\x00\x65\x00\x2d\x00\x63\x00\x61\x00\x6e\x00\x63\x00\x65\x00\x6c\x00\x6c\x00\x65\x00\x64\x00\x2e\x00\x73\x00\x76\x00\x67\
\
\x00\x14\
\x01\xef\x71\xa7\
\x00\x61\
\x00\x72\x00\x72\x00\x6f\x00\x77\x00\x2d\x00\x64\x00\x6f\x00\x77\x00\x6e\x00\x2d\x00\x72\x00\x69\x00\x67\x00\x68\x00\x74\x00\x2e\
\x00\x73\x00\x76\x00\x67\
\x00\x08\
\x03\xc6\x54\x27\
\x00\x70\
\x00\x6c\x00\x75\x00\x73\x00\x2e\x00\x73\x00\x76\x00\x67\
\x00\x0d\
\x05\x00\x7c\x87\
\x00\x6f\
\x00\x70\x00\x65\x00\x6e\x00\x2d\x00\x66\x00\x69\x00\x6c\x00\x65\x00\x2e\x00\x73\x00\x76\x00\x67\
\x00\x0e\
\x06\x0c\x07\x87\
\x00\x61\
\x00\x72\x00\x72\x00\x6f\x00\x77\x00\x2d\x00\x64\x00\x6f\x00\x77\x00\x6e\x00\x2e\x00\x73\x00\x76\x00\x67\
\x00\x07\
\x06\x81\x5a\x27\
\x00\x70\
\x00\x61\x00\x6e\x00\x2e\x00\x73\x00\x76\x00\x67\
\x00\x09\
\x06\xc7\x95\xe7\
\x00\x61\
\x00\x62\x00\x6f\x00\x75\x00\x74\x00\x2e\x00\x73\x00\x76\x00\x67\
\x00\x14\
\x06\xd0\x47\xc7\
\x00\x73\
\x00\x70\x00\x6c\x00\x69\x00\x74\x00\x2d\x00\x76\x00\x65\x00\x72\x00\x74\x00\x69\x00\x63\x00\x61\x00\x6c\x00\x6c\x00\x79\x00\x2e\
\x00\x73\x00\x76\x00\x67\
\x00\x15\
\x07\x8f\xfb\xa7\
\x00\x72\
\x00\x65\x00\x66\x00\x72\x00\x65\x00\x73\x00\x68\x00\x2d\x00\x63\x00\x61\x00\x6e\x00\x63\x00\x65\x00\x6c\x00\x6c\x00\x65\x00\x64\
\x00\x2e\x00\x73\x00\x76\x00\x67\
\x00\x0c\
\x08\x1a\x90\xa7\
\x00\x64\
\x00\x6f\x00\x77\x00\x6e\x00\x6c\x00\x6f\x00\x61\x00\x64\x00\x2e\x00\x73\x00\x76\x00\x67\
\x00\x0e\
\x08\xfa\x38\xa7\
\x00\x61\
\x00\x72\x00\x72\x00\x6f\x00\x77\x00\x2d\x00\x6c\x00\x65\x00\x66\x00\x74\x00\x2e\x00\x73\x00\x76\x00\x67\
\x00\x0c\
\x09\xd0\x77\x87\
\x00\x61\
\x00\x72\x00\x72\x00\x6f\x00\x77\x00\x2d\x00\x75\x00\x70\x00\x2e\x00\x73\x00\x76\x00\x67\
\x00\x08\
\x0a\x61\x5a\xa7\
\x00\x69\
\x00\x63\x00\x6f\x00\x6e\x00\x2e\x00\x70\x00\x6e\x00\x67\
\x00\x09\
\x0b\x85\x8e\x87\
\x00\x63\
\x00\x6c\x00\x65\x00\x61\x00\x72\x00\x2e\x00\x73\x00\x76\x00\x67\
\x00\x0b\
\x0c\x6a\x21\xc7\
\x00\x72\
\x00\x65\x00\x66\x00\x72\x00\x65\x00\x73\x00\x68\x00\x2e\x00\x73\x00\x76\x00\x67\
\x00\x07\
\x0c\xf8\x5a\x07\
\x00\x65\
\x00\x79\x00\x65\x00\x2e\x00\x73\x00\x76\x00\x67\
\x00\x0c\
\x0d\x8c\x95\x87\
\x00\x63\
\x00\x61\x00\x70\x00\x61\x00\x63\x00\x69\x00\x74\x00\x79\x00\x2e\x00\x73\x00\x76\x00\x67\
\x00\x12\
\x0e\x57\x91\x87\
\x00\x61\
\x00\x72\x00\x72\x00\x6f\x00\x77\x00\x2d\x00\x75\x00\x70\x00\x2d\x00\x72\x00\x69\x00\x67\x00\x68\x00\x74\x00\x2e\x00\x73\x00\x76\
\x00\x67\
\x00\x0f\
\x0e\x69\xd8\xc7\
\x00\x66\
\x00\x75\x00\x6c\x00\x6c\x00\x2d\x00\x73\x00\x63\x00\x72\x00\x65\x00\x65\x00\x6e\x00\x2e\x00\x73\x00\x76\x00\x67\
\x00\x14\
\x0e\xca\x6d\x07\
\x00\x66\
\x00\x75\x00\x6c\x00\x6c\x00\x2d\x00\x73\x00\x63\x00\x72\x00\x65\x00\x65\x00\x6e\x00\x2d\x00\x65\x00\x78\x00\x69\x00\x74\x00\x2e\
\x00\x73\x00\x76\x00\x67\
\x00\x11\
\x0e\xed\x5f\x27\
\x00\x61\
\x00\x72\x00\x72\x00\x6f\x00\x77\x00\x2d\x00\x75\x00\x70\x00\x2d\x00\x6c\x00\x65\x00\x66\x00\x74\x00\x2e\x00\x73\x00\x76\x00\x67\
\
\x00\x13\
\x0f\x16\xc9\x27\
\x00\x61\
\x00\x72\x00\x72\x00\x6f\x00\x77\x00\x2d\x00\x64\x00\x6f\x00\x77\x00\x6e\x00\x2d\x00\x6c\x00\x65\x00\x66\x00\x74\x00\x2e\x00\x73\
\x00\x76\x00\x67\
\x00\x0f\
\x0f\x22\x69\x47\
\x00\x61\
\x00\x72\x00\x72\x00\x6f\x00\x77\x00\x2d\x00\x72\x00\x69\x00\x67\x00\x68\x00\x74\x00\x2e\x00\x73\x00\x76\x00\x67\
"

qt_resource_struct_v1 = b"\
\x00\x00\x00\x00\x00\x02\x00\x00\x00\x01\x00\x00\x00\x01\
\x00\x00\x00\x00\x00\x02\x00\x00\x00\x18\x00\x00\x00\x02\
\x00\x00\x00\x10\x00\x00\x00\x00\x00\x01\x00\x00\x00\x00\
\x00\x00\x00\x42\x00\x00\x00\x00\x00\x01\x00\x00\x03\x89\
\x00\x00\x00\x6a\x00\x00\x00\x00\x00\x01\x00\x00\x0a\x85\
\x00\x00\x00\x98\x00\x00\x00\x00\x00\x01\x00\x00\x0d\x9a\
\x00\x00\x00\xae\x00\x00\x00\x00\x00\x01\x00\x00\x10\xb6\
\x00\x00\x00\xce\x00\x00\x00\x00\x00\x01\x00\x00\x14\xa2\
\x00\x00\x00\xf0\x00\x00\x00\x00\x00\x01\x00\x00\x17\x8b\
\x00\x00\x01\x04\x00\x00\x00\x00\x00\x01\x00\x00\x1c\x40\
\x00\x00\x01\x1c\x00\x00\x00\x00\x00\x01\x00\x00\x21\xd8\
\x00\x00\x01\x4a\x00\x00\x00\x00\x00\x01\x00\x00\x25\x5f\
\x00\x00\x01\x7a\x00\x00\x00\x00\x00\x01\x00\x00\x2c\xe9\
\x00\x00\x01\x98\x00\x00\x00\x00\x00\x01\x00\x00\x30\x4d\
\x00\x00\x01\xba\x00\x00\x00\x00\x00\x01\x00\x00\x33\x34\
\x00\x00\x01\xd8\x00\x00\x00\x00\x00\x01\x00\x00\x36\x17\
\x00\x00\x01\xee\x00\x00\x00\x00\x00\x01\x00\x00\xf9\x88\
\x00\x00\x02\x06\x00\x00\x00\x00\x00\x01\x00\x00\xfe\x43\
\x00\x00\x02\x22\x00\x00\x00\x00\x00\x01\x00\x01\x03\xb0\
\x00\x00\x02\x36\x00\x00\x00\x00\x00\x01\x00\x01\x0a\x0e\
\x00\x00\x02\x54\x00\x00\x00\x00\x00\x01\x00\x01\x0e\xee\
\x00\x00\x02\x7e\x00\x00\x00\x00\x00\x01\x00\x01\x11\xfc\
\x00\x00\x02\xa2\x00\x00\x00\x00\x00\x01\x00\x01\x16\xd9\
\x00\x00\x02\xd0\x00\x00\x00\x00\x00\x01\x00\x01\x1b\x6e\
\x00\x00\x02\xf8\x00\x00\x00\x00\x00\x01\x00\x01\x1e\x7e\
\x00\x00\x03\x24\x00\x00\x00\x00\x00\x01\x00\x01\x21\x92\
"

qt_resource_struct_v2 = b"\
\x00\x00\x00\x00\x00\x02\x00\x00\x00\x01\x00\x00\x00\x01\
\x00\x00\x00\x00\x00\x00\x00\x00\
\x00\x00\x00\x00\x00\x02\x00\x00\x00\x18\x00\x00\x00\x02\
\x00\x00\x00\x00\x00\x00\x00\x00\
\x00\x00\x00\x10\x00\x00\x00\x00\x00\x01\x00\x00\x00\x00\
\x00\x00\x01\x9e\xbf\x6e\xa6\xe9\
\x00\x00\x00\x42\x00\x00\x00\x00\x00\x01\x00\x00\x03\x89\
\x00\x00\x01\x9e\xbf\x6e\xa6\xe8\
\x00\x00\x00\x6a\x00\x00\x00\x00\x00\x01\x00\x00\x0a\x85\
\x00\x00\x01\x9e\xbf\x6e\xa6\xe7\
\x00\x00\x00\x98\x00\x00\x00\x00\x00\x01\x00\x00\x0d\x9a\
\x00\x00\x01\x9e\xbf\x6e\xa6\xe9\
\x00\x00\x00\xae\x00\x00\x00\x00\x00\x01\x00\x00\x10\xb6\
\x00\x00\x01\x9e\xbf\x6e\xa6\xe8\
\x00\x00\x00\xce\x00\x00\x00\x00\x00\x01\x00\x00\x14\xa2\
\x00\x00\x01\x9e\xbf\x6e\xa6\xe7\
\x00\x00\x00\xf0\x00\x00\x00\x00\x00\x01\x00\x00\x17\x8b\
\x00\x00\x01\x9e\xbf\x6e\xa6\xe8\
\x00\x00\x01\x04\x00\x00\x00\x00\x00\x01\x00\x00\x1c\x40\
\x00\x00\x01\x9e\xbf\x6e\xa6\xe7\
\x00\x00\x01\x1c\x00\x00\x00\x00\x00\x01\x00\x00\x21\xd8\
\x00\x00\x01\x9e\xbf\x6e\xa6\xe9\
\x00\x00\x01\x4a\x00\x00\x00\x00\x00\x01\x00\x00\x25\x5f\
\x00\x00\x01\x9e\xbf\x6e\xa6\xe9\
\x00\x00\x01\x7a\x00\x00\x00\x00\x00\x01\x00\x00\x2c\xe9\
\x00\x00\x01\x9e\xbf\x6e\xa6\xe8\
\x00\x00\x01\x98\x00\x00\x00\x00\x00\x01\x00\x00\x30\x4d\
\x00\x00\x01\x9e\xbf\x6e\xa6\xe7\
\x00\x00\x01\xba\x00\x00\x00\x00\x00\x01\x00\x00\x33\x34\
\x00\x00\x01\x9e\xbf\x6e\xa6\xe7\
\x00\x00\x01\xd8\x00\x00\x00\x00\x00\x01\x00\x00\x36\x17\
\x00\x00\x01\x9e\xbf\x73\xdc\x3b\
\x00\x00\x01\xee\x00\x00\x00\x00\x00\x01\x00\x00\xf9\x88\
\x00\x00\x01\x9e\xbf\x6e\xa6\xe8\
\x00\x00\x02\x06\x00\x00\x00\x00\x00\x01\x00\x00\xfe\x43\
\x00\x00\x01\x9e\xbf\x6e\xa6\xe9\
\x00\x00\x02\x22\x00\x00\x00\x00\x00\x01\x00\x01\x03\xb0\
\x00\x00\x01\x9e\xbf\x6e\xa6\xe8\
\x00\x00\x02\x36\x00\x00\x00\x00\x00\x01\x00\x01\x0a\x0e\
\x00\x00\x01\x9e\xbf\x6e\xa6\xe8\
\x00\x00\x02\x54\x00\x00\x00\x00\x00\x01\x00\x01\x0e\xee\
\x00\x00\x01\x9e\xbf\x6e\xa6\xe7\
\x00\x00\x02\x7e\x00\x00\x00\x00\x00\x01\x00\x01\x11\xfc\
\x00\x00\x01\x9e\xbf\x6e\xa6\xe8\
\x00\x00\x02\xa2\x00\x00\x00\x00\x00\x01\x00\x01\x16\xd9\
\x00\x00\x01\x9e\xbf\x6e\xa6\xe8\
\x00\x00\x02\xd0\x00\x00\x00\x00\x00\x01\x00\x01\x1b\x6e\
\x00\x00\x01\x9e\xbf\x6e\xa6\xe7\
\x00\x00\x02\xf8\x00\x00\x00\x00\x00\x01\x00\x01\x1e\x7e\
\x00\x00\x01\x9e\xbf\x6e\xa6\xe7\
\x00\x00\x03\x24\x00\x00\x00\x00\x00\x01\x00\x01\x21\x92\
\x00\x00\x01\x9e\xbf\x6e\xa6\xe7\
"

qt_version = [int(v) for v in QtCore.qVersion().split('.')]
if qt_version < [5, 8, 0]:
    rcc_version = 1
    qt_resource_struct = qt_resource_struct_v1
else:
    rcc_version = 2
    qt_resource_struct = qt_resource_struct_v2

def qInitResources():
    QtCore.qRegisterResourceData(rcc_version, qt_resource_struct, qt_resource_name, qt_resource_data)

def qCleanupResources():
    QtCore.qUnregisterResourceData(rcc_version, qt_resource_struct, qt_resource_name, qt_resource_data)

qInitResources()
